<?xml version="1.0" encoding="UTF-8"?><idempiere Name="2Pack_7.0.5" Version="7.0.5" idempiereVersion="" DataBaseVersion="" Description="LCO FE Indexes" Author="" AuthorEmail="info@globalqss.com" CreatedDate="2020-05-07 12:11:03.773" UpdatedDate="2020-05-07 12:27:43.228" PackOutVersion="100" UpdateDictionary="false" Client="0-SYSTEM-System" AD_Client_UU="11237b53-9592-4af1-b3c5-afd216514b5d">
    <AD_Menu type="table">
        <Parent_ID reference="uuid" reference-key="AD_Menu">a18acb98-2108-4004-b6ae-b5d794e14e96</Parent_ID>
        <SeqNo>3</SeqNo>
        <AD_Client_ID>0</AD_Client_ID>
        <AD_Org_ID>0</AD_Org_ID>
        <Name>Electronic Invoicing</Name>
        <Description/>
        <Action/>
        <AD_Window_ID reference="id"/>
        <AD_Workflow_ID reference="id"/>
        <AD_Task_ID reference="id"/>
        <IsActive>Y</IsActive>
        <IsSummary>Y</IsSummary>
        <AD_Process_ID reference="id"/>
        <IsSOTrx>N</IsSOTrx>
        <AD_Form_ID reference="id"/>
        <IsReadOnly>N</IsReadOnly>
        <EntityType>QSS_LCO</EntityType>
        <IsCentrallyMaintained>N</IsCentrallyMaintained>
        <AD_Menu_UU>a0b62ef8-4dbf-4d14-bc03-f0f76e5e9b14</AD_Menu_UU>
        <AD_InfoWindow_ID reference="id"/>
        <AD_Menu_Trl type="translation">
            <Name>Electronic Invoicing</Name>
            <Description/>
            <AD_Language>de_DE</AD_Language>
            <IsActive>Y</IsActive>
            <IsTranslated>N</IsTranslated>
        </AD_Menu_Trl>
        <AD_Menu_Trl type="translation">
            <Name>Facturación Electrónica</Name>
            <Description/>
            <AD_Language>es_CO</AD_Language>
            <IsActive>Y</IsActive>
            <IsTranslated>Y</IsTranslated>
        </AD_Menu_Trl>
        <AD_Menu type="table">
            <Parent_ID reference="uuid" reference-key="AD_Menu">a0b62ef8-4dbf-4d14-bc03-f0f76e5e9b14</Parent_ID>
            <SeqNo>5</SeqNo>
            <AD_Client_ID>0</AD_Client_ID>
            <AD_Org_ID>0</AD_Org_ID>
            <Name>DIAN Format EI</Name>
            <Description/>
            <Action>W</Action>
            <AD_Window_ID reference="uuid" reference-key="AD_Window">f706861d-f4d2-42d4-a012-f9609f79ef84</AD_Window_ID>
            <AD_Workflow_ID reference="id"/>
            <AD_Task_ID reference="id"/>
            <IsActive>Y</IsActive>
            <IsSummary>N</IsSummary>
            <AD_Process_ID reference="id"/>
            <IsSOTrx>Y</IsSOTrx>
            <AD_Form_ID reference="id"/>
            <IsReadOnly>N</IsReadOnly>
            <EntityType>QSS_LCO</EntityType>
            <IsCentrallyMaintained>Y</IsCentrallyMaintained>
            <AD_Menu_UU>d131409e-5d95-4ac6-acb9-8efbef757499</AD_Menu_UU>
            <AD_InfoWindow_ID reference="id"/>
            <AD_TableIndex type="table">
                <AD_Client_ID>0</AD_Client_ID>
                <AD_Org_ID>0</AD_Org_ID>
                <AD_TableIndex_UU>83bd2894-400b-4486-9a69-f8ca0462ee0e</AD_TableIndex_UU>
                <Description/>
                <EntityType>U</EntityType>
                <IsActive>Y</IsActive>
                <Name>lco_fe_dian_format_uu_idx</Name>
                <AD_Table_ID reference="uuid" reference-key="AD_Table">54beab05-dda7-40bf-8554-34b598da40a1</AD_Table_ID>
                <Help/>
                <IsCreateConstraint>N</IsCreateConstraint>
                <IsUnique>Y</IsUnique>
                <Processing>N</Processing>
                <AD_Message_ID reference="id"/>
                <TableIndexDrop/>
                <IsKey>N</IsKey>
                <AD_IndexColumn type="table">
                    <AD_Client_ID>0</AD_Client_ID>
                    <AD_Org_ID>0</AD_Org_ID>
                    <AD_IndexColumn_UU>af11f1c8-eed3-4029-92e8-5b81f06708fb</AD_IndexColumn_UU>
                    <EntityType>U</EntityType>
                    <IsActive>Y</IsActive>
                    <AD_Column_ID reference="uuid" reference-key="AD_Column">6f08ca83-6ad2-4120-89a6-60379ed82c84</AD_Column_ID>
                    <AD_TableIndex_ID reference="uuid" reference-key="AD_TableIndex">83bd2894-400b-4486-9a69-f8ca0462ee0e</AD_TableIndex_ID>
                    <ColumnSQL/>
                    <SeqNo>1</SeqNo>
                </AD_IndexColumn>
            </AD_TableIndex>
        </AD_Menu>
        <AD_Menu type="table">
            <Parent_ID reference="uuid" reference-key="AD_Menu">a0b62ef8-4dbf-4d14-bc03-f0f76e5e9b14</Parent_ID>
            <SeqNo>2</SeqNo>
            <AD_Client_ID>0</AD_Client_ID>
            <AD_Org_ID>0</AD_Org_ID>
            <Name>Contact Type EI</Name>
            <Description/>
            <Action>W</Action>
            <AD_Window_ID reference="uuid" reference-key="AD_Window">6f91d662-7d56-420a-8401-11335961bff9</AD_Window_ID>
            <AD_Workflow_ID reference="id"/>
            <AD_Task_ID reference="id"/>
            <IsActive>Y</IsActive>
            <IsSummary>N</IsSummary>
            <AD_Process_ID reference="id"/>
            <IsSOTrx>Y</IsSOTrx>
            <AD_Form_ID reference="id"/>
            <IsReadOnly>N</IsReadOnly>
            <EntityType>QSS_LCO</EntityType>
            <IsCentrallyMaintained>Y</IsCentrallyMaintained>
            <AD_Menu_UU>be442b66-0402-4d67-9600-78e493b33bc4</AD_Menu_UU>
            <AD_InfoWindow_ID reference="id"/>
            <AD_TableIndex type="table">
                <AD_Client_ID>0</AD_Client_ID>
                <AD_Org_ID>0</AD_Org_ID>
                <AD_TableIndex_UU>7285377d-fc07-4b13-add0-64d92e834057</AD_TableIndex_UU>
                <Description/>
                <EntityType>U</EntityType>
                <IsActive>Y</IsActive>
                <Name>lco_fe_contacttype_value</Name>
                <AD_Table_ID reference="uuid" reference-key="AD_Table">11678b63-4ffc-4f7c-9c4e-40eb3ad6eec5</AD_Table_ID>
                <Help/>
                <IsCreateConstraint>N</IsCreateConstraint>
                <IsUnique>Y</IsUnique>
                <Processing>N</Processing>
                <AD_Message_ID reference="id"/>
                <TableIndexDrop/>
                <IsKey>N</IsKey>
                <AD_IndexColumn type="table">
                    <AD_Client_ID>0</AD_Client_ID>
                    <AD_Org_ID>0</AD_Org_ID>
                    <AD_IndexColumn_UU>dfc35851-8bbd-45b0-8b9a-c4aa5791b877</AD_IndexColumn_UU>
                    <EntityType>U</EntityType>
                    <IsActive>Y</IsActive>
                    <AD_Column_ID reference="uuid" reference-key="AD_Column">3f402096-bfc8-46c2-9327-8c93e2599000</AD_Column_ID>
                    <AD_TableIndex_ID reference="uuid" reference-key="AD_TableIndex">7285377d-fc07-4b13-add0-64d92e834057</AD_TableIndex_ID>
                    <ColumnSQL/>
                    <SeqNo>1</SeqNo>
                </AD_IndexColumn>
                <AD_IndexColumn type="table">
                    <AD_Client_ID>0</AD_Client_ID>
                    <AD_Org_ID>0</AD_Org_ID>
                    <AD_IndexColumn_UU>f54bf5d4-38e8-430c-bfe8-39ce04483dce</AD_IndexColumn_UU>
                    <EntityType>U</EntityType>
                    <IsActive>Y</IsActive>
                    <AD_Column_ID reference="uuid" reference-key="AD_Column">5c156bca-a4b9-4814-9027-3aaacfe7af61</AD_Column_ID>
                    <AD_TableIndex_ID reference="uuid" reference-key="AD_TableIndex">7285377d-fc07-4b13-add0-64d92e834057</AD_TableIndex_ID>
                    <ColumnSQL/>
                    <SeqNo>2</SeqNo>
                </AD_IndexColumn>
            </AD_TableIndex>
            <AD_TableIndex type="table">
                <AD_Client_ID>0</AD_Client_ID>
                <AD_Org_ID>0</AD_Org_ID>
                <AD_TableIndex_UU>97094cb5-1c34-444e-a315-b591999c7c98</AD_TableIndex_UU>
                <Description/>
                <EntityType>U</EntityType>
                <IsActive>Y</IsActive>
                <Name>lco_fe_contacttype_uu_idx</Name>
                <AD_Table_ID reference="uuid" reference-key="AD_Table">11678b63-4ffc-4f7c-9c4e-40eb3ad6eec5</AD_Table_ID>
                <Help/>
                <IsCreateConstraint>N</IsCreateConstraint>
                <IsUnique>Y</IsUnique>
                <Processing>N</Processing>
                <AD_Message_ID reference="id"/>
                <TableIndexDrop/>
                <IsKey>N</IsKey>
                <AD_IndexColumn type="table">
                    <AD_Client_ID>0</AD_Client_ID>
                    <AD_Org_ID>0</AD_Org_ID>
                    <AD_IndexColumn_UU>cd924f36-aa59-42d4-88c4-73e6f015a10f</AD_IndexColumn_UU>
                    <EntityType>U</EntityType>
                    <IsActive>Y</IsActive>
                    <AD_Column_ID reference="uuid" reference-key="AD_Column">331cb7fb-97a4-466a-acb2-fb4a6e7d5541</AD_Column_ID>
                    <AD_TableIndex_ID reference="uuid" reference-key="AD_TableIndex">97094cb5-1c34-444e-a315-b591999c7c98</AD_TableIndex_ID>
                    <ColumnSQL/>
                    <SeqNo>1</SeqNo>
                </AD_IndexColumn>
            </AD_TableIndex>
        </AD_Menu>
        <AD_Menu type="table">
            <Parent_ID reference="uuid" reference-key="AD_Menu">a0b62ef8-4dbf-4d14-bc03-f0f76e5e9b14</Parent_ID>
            <SeqNo>0</SeqNo>
            <AD_Client_ID>0</AD_Client_ID>
            <AD_Org_ID>0</AD_Org_ID>
            <Name>Authorization EI</Name>
            <Description/>
            <Action>W</Action>
            <AD_Window_ID reference="uuid" reference-key="AD_Window">68e02ca9-99be-4d1d-9d1a-3beae231306c</AD_Window_ID>
            <AD_Workflow_ID reference="id"/>
            <AD_Task_ID reference="id"/>
            <IsActive>Y</IsActive>
            <IsSummary>N</IsSummary>
            <AD_Process_ID reference="id"/>
            <IsSOTrx>Y</IsSOTrx>
            <AD_Form_ID reference="id"/>
            <IsReadOnly>N</IsReadOnly>
            <EntityType>QSS_LCO</EntityType>
            <IsCentrallyMaintained>Y</IsCentrallyMaintained>
            <AD_Menu_UU>d34fda14-bc41-4f87-9747-7b9099d48d6e</AD_Menu_UU>
            <AD_InfoWindow_ID reference="id"/>
            <AD_TableIndex type="table">
                <AD_Client_ID>0</AD_Client_ID>
                <AD_Org_ID>0</AD_Org_ID>
                <AD_TableIndex_UU>06abea91-7137-45d2-8d58-21b5251d5de4</AD_TableIndex_UU>
                <Description/>
                <EntityType>U</EntityType>
                <IsActive>Y</IsActive>
                <Name>lco_fe_authorization_uu_idx</Name>
                <AD_Table_ID reference="uuid" reference-key="AD_Table">b566fe73-30fb-479f-8858-a9e467b7839d</AD_Table_ID>
                <Help/>
                <IsCreateConstraint>N</IsCreateConstraint>
                <IsUnique>Y</IsUnique>
                <Processing>N</Processing>
                <AD_Message_ID reference="id"/>
                <TableIndexDrop/>
                <IsKey>N</IsKey>
                <AD_IndexColumn type="table">
                    <AD_Client_ID>0</AD_Client_ID>
                    <AD_Org_ID>0</AD_Org_ID>
                    <AD_IndexColumn_UU>55c5059a-17d6-4d65-b2df-2f0baf164ed5</AD_IndexColumn_UU>
                    <EntityType>U</EntityType>
                    <IsActive>Y</IsActive>
                    <AD_Column_ID reference="uuid" reference-key="AD_Column">2abaf4a5-fa16-4c34-b07d-b204c8e0218d</AD_Column_ID>
                    <AD_TableIndex_ID reference="uuid" reference-key="AD_TableIndex">06abea91-7137-45d2-8d58-21b5251d5de4</AD_TableIndex_ID>
                    <ColumnSQL/>
                    <SeqNo>1</SeqNo>
                </AD_IndexColumn>
            </AD_TableIndex>
            <AD_TableIndex type="table">
                <AD_Client_ID>0</AD_Client_ID>
                <AD_Org_ID>0</AD_Org_ID>
                <AD_TableIndex_UU>717803fc-0eec-4df1-a194-51b28759e42a</AD_TableIndex_UU>
                <Description/>
                <EntityType>U</EntityType>
                <IsActive>Y</IsActive>
                <Name>lco_fe_authorization_value</Name>
                <AD_Table_ID reference="uuid" reference-key="AD_Table">b566fe73-30fb-479f-8858-a9e467b7839d</AD_Table_ID>
                <Help/>
                <IsCreateConstraint>N</IsCreateConstraint>
                <IsUnique>Y</IsUnique>
                <Processing>N</Processing>
                <AD_Message_ID reference="id"/>
                <TableIndexDrop/>
                <IsKey>N</IsKey>
                <AD_IndexColumn type="table">
                    <AD_Client_ID>0</AD_Client_ID>
                    <AD_Org_ID>0</AD_Org_ID>
                    <AD_IndexColumn_UU>8b2e01c8-df3f-4484-ad1b-b5352e118972</AD_IndexColumn_UU>
                    <EntityType>U</EntityType>
                    <IsActive>Y</IsActive>
                    <AD_Column_ID reference="uuid" reference-key="AD_Column">e8280930-1546-494a-afe9-133b37ce541f</AD_Column_ID>
                    <AD_TableIndex_ID reference="uuid" reference-key="AD_TableIndex">717803fc-0eec-4df1-a194-51b28759e42a</AD_TableIndex_ID>
                    <ColumnSQL/>
                    <SeqNo>1</SeqNo>
                </AD_IndexColumn>
                <AD_IndexColumn type="table">
                    <AD_Client_ID>0</AD_Client_ID>
                    <AD_Org_ID>0</AD_Org_ID>
                    <AD_IndexColumn_UU>8a433fc1-1c9b-41af-b37f-074f9127a383</AD_IndexColumn_UU>
                    <EntityType>U</EntityType>
                    <IsActive>Y</IsActive>
                    <AD_Column_ID reference="uuid" reference-key="AD_Column">ff7f014b-3747-48c3-8711-4c066f9771af</AD_Column_ID>
                    <AD_TableIndex_ID reference="uuid" reference-key="AD_TableIndex">717803fc-0eec-4df1-a194-51b28759e42a</AD_TableIndex_ID>
                    <ColumnSQL/>
                    <SeqNo>2</SeqNo>
                </AD_IndexColumn>
            </AD_TableIndex>
            <AD_TableIndex type="table">
                <AD_Client_ID>0</AD_Client_ID>
                <AD_Org_ID>0</AD_Org_ID>
                <AD_TableIndex_UU>63420259-340d-49c0-89ac-da6db5c7b10c</AD_TableIndex_UU>
                <Description/>
                <EntityType>U</EntityType>
                <IsActive>Y</IsActive>
                <Name>lco_fe_authorization_doc</Name>
                <AD_Table_ID reference="uuid" reference-key="AD_Table">b566fe73-30fb-479f-8858-a9e467b7839d</AD_Table_ID>
                <Help/>
                <IsCreateConstraint>N</IsCreateConstraint>
                <IsUnique>Y</IsUnique>
                <Processing>N</Processing>
                <AD_Message_ID reference="id"/>
                <TableIndexDrop/>
                <IsKey>N</IsKey>
                <AD_IndexColumn type="table">
                    <AD_Client_ID>0</AD_Client_ID>
                    <AD_Org_ID>0</AD_Org_ID>
                    <AD_IndexColumn_UU>961202f2-44ba-4529-82a5-10cd8b8620c5</AD_IndexColumn_UU>
                    <EntityType>U</EntityType>
                    <IsActive>Y</IsActive>
                    <AD_Column_ID reference="uuid" reference-key="AD_Column">e8280930-1546-494a-afe9-133b37ce541f</AD_Column_ID>
                    <AD_TableIndex_ID reference="uuid" reference-key="AD_TableIndex">63420259-340d-49c0-89ac-da6db5c7b10c</AD_TableIndex_ID>
                    <ColumnSQL/>
                    <SeqNo>1</SeqNo>
                </AD_IndexColumn>
                <AD_IndexColumn type="table">
                    <AD_Client_ID>0</AD_Client_ID>
                    <AD_Org_ID>0</AD_Org_ID>
                    <AD_IndexColumn_UU>d80257e7-30a6-4b22-a5cc-d23126bca49f</AD_IndexColumn_UU>
                    <EntityType>U</EntityType>
                    <IsActive>Y</IsActive>
                    <AD_Column_ID reference="uuid" reference-key="AD_Column">d45454b5-de7a-457b-97bc-fb323f096673</AD_Column_ID>
                    <AD_TableIndex_ID reference="uuid" reference-key="AD_TableIndex">63420259-340d-49c0-89ac-da6db5c7b10c</AD_TableIndex_ID>
                    <ColumnSQL/>
                    <SeqNo>2</SeqNo>
                </AD_IndexColumn>
                <AD_IndexColumn type="table">
                    <AD_Client_ID>0</AD_Client_ID>
                    <AD_Org_ID>0</AD_Org_ID>
                    <AD_IndexColumn_UU>15e2e94a-a4a0-4759-b5d1-ba6346eced91</AD_IndexColumn_UU>
                    <EntityType>U</EntityType>
                    <IsActive>Y</IsActive>
                    <AD_Column_ID reference="uuid" reference-key="AD_Column">f64f7d38-a153-4573-9d32-e37d5468e845</AD_Column_ID>
                    <AD_TableIndex_ID reference="uuid" reference-key="AD_TableIndex">63420259-340d-49c0-89ac-da6db5c7b10c</AD_TableIndex_ID>
                    <ColumnSQL/>
                    <SeqNo>3</SeqNo>
                </AD_IndexColumn>
            </AD_TableIndex>
        </AD_Menu>
        <AD_Menu type="table">
            <Parent_ID reference="uuid" reference-key="AD_Menu">a0b62ef8-4dbf-4d14-bc03-f0f76e5e9b14</Parent_ID>
            <SeqNo>6</SeqNo>
            <AD_Client_ID>0</AD_Client_ID>
            <AD_Org_ID>0</AD_Org_ID>
            <Name>OFE Contingency</Name>
            <Description/>
            <Action>W</Action>
            <AD_Window_ID reference="uuid" reference-key="AD_Window">20d1bc2d-d1fb-4b48-9906-e5ceb85b613e</AD_Window_ID>
            <AD_Workflow_ID reference="id"/>
            <AD_Task_ID reference="id"/>
            <IsActive>Y</IsActive>
            <IsSummary>N</IsSummary>
            <AD_Process_ID reference="id"/>
            <IsSOTrx>Y</IsSOTrx>
            <AD_Form_ID reference="id"/>
            <IsReadOnly>N</IsReadOnly>
            <EntityType>QSS_LCO</EntityType>
            <IsCentrallyMaintained>Y</IsCentrallyMaintained>
            <AD_Menu_UU>a3f32645-7367-488b-aa94-1e577dec3d56</AD_Menu_UU>
            <AD_InfoWindow_ID reference="id"/>
        </AD_Menu>
        <AD_Menu type="table">
            <Parent_ID reference="uuid" reference-key="AD_Menu">a0b62ef8-4dbf-4d14-bc03-f0f76e5e9b14</Parent_ID>
            <SeqNo>8</SeqNo>
            <AD_Client_ID>0</AD_Client_ID>
            <AD_Org_ID>0</AD_Org_ID>
            <Name>Debit Note Concept EI</Name>
            <Description/>
            <Action>W</Action>
            <AD_Window_ID reference="uuid" reference-key="AD_Window">88892d3b-2598-43ec-b208-938158f8fff0</AD_Window_ID>
            <AD_Workflow_ID reference="id"/>
            <AD_Task_ID reference="id"/>
            <IsActive>Y</IsActive>
            <IsSummary>N</IsSummary>
            <AD_Process_ID reference="id"/>
            <IsSOTrx>Y</IsSOTrx>
            <AD_Form_ID reference="id"/>
            <IsReadOnly>N</IsReadOnly>
            <EntityType>QSS_LCO</EntityType>
            <IsCentrallyMaintained>Y</IsCentrallyMaintained>
            <AD_Menu_UU>7958b4c3-f285-47a4-8d0a-640bab03cf66</AD_Menu_UU>
            <AD_InfoWindow_ID reference="id"/>
            <AD_TableIndex type="table">
                <AD_Client_ID>0</AD_Client_ID>
                <AD_Org_ID>0</AD_Org_ID>
                <AD_TableIndex_UU>4266a993-8d23-426e-b4bc-6a866736ebc9</AD_TableIndex_UU>
                <Description/>
                <EntityType>U</EntityType>
                <IsActive>Y</IsActive>
                <Name>lco_fe_ndconcept_value</Name>
                <AD_Table_ID reference="uuid" reference-key="AD_Table">1971f5db-2c6f-441a-8125-6fe28c35ae8a</AD_Table_ID>
                <Help/>
                <IsCreateConstraint>N</IsCreateConstraint>
                <IsUnique>Y</IsUnique>
                <Processing>N</Processing>
                <AD_Message_ID reference="id"/>
                <TableIndexDrop/>
                <IsKey>N</IsKey>
                <AD_IndexColumn type="table">
                    <AD_Client_ID>0</AD_Client_ID>
                    <AD_Org_ID>0</AD_Org_ID>
                    <AD_IndexColumn_UU>82cf6bc2-476b-4c1c-8b4d-baaed111d0e6</AD_IndexColumn_UU>
                    <EntityType>U</EntityType>
                    <IsActive>Y</IsActive>
                    <AD_Column_ID reference="uuid" reference-key="AD_Column">5a8cd702-ae00-4a17-8108-380f11ce7190</AD_Column_ID>
                    <AD_TableIndex_ID reference="uuid" reference-key="AD_TableIndex">4266a993-8d23-426e-b4bc-6a866736ebc9</AD_TableIndex_ID>
                    <ColumnSQL/>
                    <SeqNo>1</SeqNo>
                </AD_IndexColumn>
                <AD_IndexColumn type="table">
                    <AD_Client_ID>0</AD_Client_ID>
                    <AD_Org_ID>0</AD_Org_ID>
                    <AD_IndexColumn_UU>c11079b1-e029-4b21-8957-dfb5212abb6a</AD_IndexColumn_UU>
                    <EntityType>U</EntityType>
                    <IsActive>Y</IsActive>
                    <AD_Column_ID reference="uuid" reference-key="AD_Column">1812e73c-63e9-4e0c-8e99-6aeae5cbe971</AD_Column_ID>
                    <AD_TableIndex_ID reference="uuid" reference-key="AD_TableIndex">4266a993-8d23-426e-b4bc-6a866736ebc9</AD_TableIndex_ID>
                    <ColumnSQL/>
                    <SeqNo>2</SeqNo>
                </AD_IndexColumn>
            </AD_TableIndex>
            <AD_TableIndex type="table">
                <AD_Client_ID>0</AD_Client_ID>
                <AD_Org_ID>0</AD_Org_ID>
                <AD_TableIndex_UU>9f8f3c2f-ee54-4e0a-a4c1-c8ac214b7099</AD_TableIndex_UU>
                <Description/>
                <EntityType>U</EntityType>
                <IsActive>Y</IsActive>
                <Name>lco_fe_ndconcept_uu_idx</Name>
                <AD_Table_ID reference="uuid" reference-key="AD_Table">1971f5db-2c6f-441a-8125-6fe28c35ae8a</AD_Table_ID>
                <Help/>
                <IsCreateConstraint>N</IsCreateConstraint>
                <IsUnique>Y</IsUnique>
                <Processing>N</Processing>
                <AD_Message_ID reference="id"/>
                <TableIndexDrop/>
                <IsKey>N</IsKey>
                <AD_IndexColumn type="table">
                    <AD_Client_ID>0</AD_Client_ID>
                    <AD_Org_ID>0</AD_Org_ID>
                    <AD_IndexColumn_UU>599e3b19-8b21-4ab6-a970-88428c9a7036</AD_IndexColumn_UU>
                    <EntityType>U</EntityType>
                    <IsActive>Y</IsActive>
                    <AD_Column_ID reference="uuid" reference-key="AD_Column">0b29e079-4008-45f8-b3f9-df04452c786c</AD_Column_ID>
                    <AD_TableIndex_ID reference="uuid" reference-key="AD_TableIndex">9f8f3c2f-ee54-4e0a-a4c1-c8ac214b7099</AD_TableIndex_ID>
                    <ColumnSQL/>
                    <SeqNo>1</SeqNo>
                </AD_IndexColumn>
            </AD_TableIndex>
        </AD_Menu>
        <AD_Menu type="table">
            <Parent_ID reference="uuid" reference-key="AD_Menu">a0b62ef8-4dbf-4d14-bc03-f0f76e5e9b14</Parent_ID>
            <SeqNo>7</SeqNo>
            <AD_Client_ID>0</AD_Client_ID>
            <AD_Org_ID>0</AD_Org_ID>
            <Name>Credit Note Concept EI</Name>
            <Description/>
            <Action>W</Action>
            <AD_Window_ID reference="uuid" reference-key="AD_Window">bbec3d68-64f5-43b2-92c3-99c1d40c56d5</AD_Window_ID>
            <AD_Workflow_ID reference="id"/>
            <AD_Task_ID reference="id"/>
            <IsActive>Y</IsActive>
            <IsSummary>N</IsSummary>
            <AD_Process_ID reference="id"/>
            <IsSOTrx>Y</IsSOTrx>
            <AD_Form_ID reference="id"/>
            <IsReadOnly>N</IsReadOnly>
            <EntityType>QSS_LCO</EntityType>
            <IsCentrallyMaintained>Y</IsCentrallyMaintained>
            <AD_Menu_UU>ef7a3aa1-cb09-4861-9072-d7f5cf6d85ed</AD_Menu_UU>
            <AD_InfoWindow_ID reference="id"/>
            <AD_TableIndex type="table">
                <AD_Client_ID>0</AD_Client_ID>
                <AD_Org_ID>0</AD_Org_ID>
                <AD_TableIndex_UU>5337950b-ebf9-44fb-a276-d4f8e544bd39</AD_TableIndex_UU>
                <Description/>
                <EntityType>U</EntityType>
                <IsActive>Y</IsActive>
                <Name>lco_fe_ncconcept_value</Name>
                <AD_Table_ID reference="uuid" reference-key="AD_Table">c58d1e37-4d24-426f-b85f-a630f29a2060</AD_Table_ID>
                <Help/>
                <IsCreateConstraint>N</IsCreateConstraint>
                <IsUnique>Y</IsUnique>
                <Processing>N</Processing>
                <AD_Message_ID reference="id"/>
                <TableIndexDrop/>
                <IsKey>N</IsKey>
                <AD_IndexColumn type="table">
                    <AD_Client_ID>0</AD_Client_ID>
                    <AD_Org_ID>0</AD_Org_ID>
                    <AD_IndexColumn_UU>10dfd851-10e4-402a-b031-6e3ff0f3d89d</AD_IndexColumn_UU>
                    <EntityType>U</EntityType>
                    <IsActive>Y</IsActive>
                    <AD_Column_ID reference="uuid" reference-key="AD_Column">b44070c5-51aa-4fe1-9354-497b1f33e337</AD_Column_ID>
                    <AD_TableIndex_ID reference="uuid" reference-key="AD_TableIndex">5337950b-ebf9-44fb-a276-d4f8e544bd39</AD_TableIndex_ID>
                    <ColumnSQL/>
                    <SeqNo>1</SeqNo>
                </AD_IndexColumn>
                <AD_IndexColumn type="table">
                    <AD_Client_ID>0</AD_Client_ID>
                    <AD_Org_ID>0</AD_Org_ID>
                    <AD_IndexColumn_UU>c57ce8b6-87c9-4131-b27a-48a7ceca1b6b</AD_IndexColumn_UU>
                    <EntityType>U</EntityType>
                    <IsActive>Y</IsActive>
                    <AD_Column_ID reference="uuid" reference-key="AD_Column">4af8bb70-a32d-44d0-95e1-a145462e048e</AD_Column_ID>
                    <AD_TableIndex_ID reference="uuid" reference-key="AD_TableIndex">5337950b-ebf9-44fb-a276-d4f8e544bd39</AD_TableIndex_ID>
                    <ColumnSQL/>
                    <SeqNo>2</SeqNo>
                </AD_IndexColumn>
            </AD_TableIndex>
            <AD_TableIndex type="table">
                <AD_Client_ID>0</AD_Client_ID>
                <AD_Org_ID>0</AD_Org_ID>
                <AD_TableIndex_UU>529470fc-056b-422b-9b28-646c0600977d</AD_TableIndex_UU>
                <Description/>
                <EntityType>U</EntityType>
                <IsActive>Y</IsActive>
                <Name>lco_fe_ncconcept_uu_idx</Name>
                <AD_Table_ID reference="uuid" reference-key="AD_Table">c58d1e37-4d24-426f-b85f-a630f29a2060</AD_Table_ID>
                <Help/>
                <IsCreateConstraint>N</IsCreateConstraint>
                <IsUnique>Y</IsUnique>
                <Processing>N</Processing>
                <AD_Message_ID reference="id"/>
                <TableIndexDrop/>
                <IsKey>N</IsKey>
                <AD_IndexColumn type="table">
                    <AD_Client_ID>0</AD_Client_ID>
                    <AD_Org_ID>0</AD_Org_ID>
                    <AD_IndexColumn_UU>54aa4652-1b14-4436-9d88-03bb235c4a08</AD_IndexColumn_UU>
                    <EntityType>U</EntityType>
                    <IsActive>Y</IsActive>
                    <AD_Column_ID reference="uuid" reference-key="AD_Column">eb648b08-d2b0-400f-8c49-89fe1a7372c7</AD_Column_ID>
                    <AD_TableIndex_ID reference="uuid" reference-key="AD_TableIndex">529470fc-056b-422b-9b28-646c0600977d</AD_TableIndex_ID>
                    <ColumnSQL/>
                    <SeqNo>1</SeqNo>
                </AD_IndexColumn>
            </AD_TableIndex>
        </AD_Menu>
        <AD_Menu type="table">
            <Parent_ID reference="uuid" reference-key="AD_Menu">a0b62ef8-4dbf-4d14-bc03-f0f76e5e9b14</Parent_ID>
            <SeqNo>3</SeqNo>
            <AD_Client_ID>0</AD_Client_ID>
            <AD_Org_ID>0</AD_Org_ID>
            <Name>Doc Type EI</Name>
            <Description/>
            <Action>W</Action>
            <AD_Window_ID reference="uuid" reference-key="AD_Window">5b520b34-a715-44fa-a39f-97a42950bad1</AD_Window_ID>
            <AD_Workflow_ID reference="id"/>
            <AD_Task_ID reference="id"/>
            <IsActive>Y</IsActive>
            <IsSummary>N</IsSummary>
            <AD_Process_ID reference="id"/>
            <IsSOTrx>Y</IsSOTrx>
            <AD_Form_ID reference="id"/>
            <IsReadOnly>N</IsReadOnly>
            <EntityType>QSS_LCO</EntityType>
            <IsCentrallyMaintained>Y</IsCentrallyMaintained>
            <AD_Menu_UU>ceb88bbc-9e98-431c-9348-8817923b0605</AD_Menu_UU>
            <AD_InfoWindow_ID reference="id"/>
            <AD_TableIndex type="table">
                <AD_Client_ID>0</AD_Client_ID>
                <AD_Org_ID>0</AD_Org_ID>
                <AD_TableIndex_UU>fa876130-5b18-4235-901e-ac1a1606f0a3</AD_TableIndex_UU>
                <Description/>
                <EntityType>U</EntityType>
                <IsActive>Y</IsActive>
                <Name>lco_fe_doctype_uu_idx</Name>
                <AD_Table_ID reference="uuid" reference-key="AD_Table">1d9dac9d-5c84-4f16-979b-fdebc744aa98</AD_Table_ID>
                <Help/>
                <IsCreateConstraint>N</IsCreateConstraint>
                <IsUnique>Y</IsUnique>
                <Processing>N</Processing>
                <AD_Message_ID reference="id"/>
                <TableIndexDrop/>
                <IsKey>N</IsKey>
                <AD_IndexColumn type="table">
                    <AD_Client_ID>0</AD_Client_ID>
                    <AD_Org_ID>0</AD_Org_ID>
                    <AD_IndexColumn_UU>d86ce9b9-666d-416d-a2f9-77be63374e67</AD_IndexColumn_UU>
                    <EntityType>U</EntityType>
                    <IsActive>Y</IsActive>
                    <AD_Column_ID reference="uuid" reference-key="AD_Column">5869ce85-000c-44f9-9a0c-dc03c28ea774</AD_Column_ID>
                    <AD_TableIndex_ID reference="uuid" reference-key="AD_TableIndex">fa876130-5b18-4235-901e-ac1a1606f0a3</AD_TableIndex_ID>
                    <ColumnSQL/>
                    <SeqNo>1</SeqNo>
                </AD_IndexColumn>
            </AD_TableIndex>
            <AD_TableIndex type="table">
                <AD_Client_ID>0</AD_Client_ID>
                <AD_Org_ID>0</AD_Org_ID>
                <AD_TableIndex_UU>ab0bd079-2a9a-4195-8fac-db590f8cf486</AD_TableIndex_UU>
                <Description/>
                <EntityType>U</EntityType>
                <IsActive>Y</IsActive>
                <Name>lco_fe_doctype_value</Name>
                <AD_Table_ID reference="uuid" reference-key="AD_Table">1d9dac9d-5c84-4f16-979b-fdebc744aa98</AD_Table_ID>
                <Help/>
                <IsCreateConstraint>N</IsCreateConstraint>
                <IsUnique>Y</IsUnique>
                <Processing>N</Processing>
                <AD_Message_ID reference="id"/>
                <TableIndexDrop/>
                <IsKey>N</IsKey>
                <AD_IndexColumn type="table">
                    <AD_Client_ID>0</AD_Client_ID>
                    <AD_Org_ID>0</AD_Org_ID>
                    <AD_IndexColumn_UU>6c9ac502-a042-4f14-8305-fe9f397f86e2</AD_IndexColumn_UU>
                    <EntityType>U</EntityType>
                    <IsActive>Y</IsActive>
                    <AD_Column_ID reference="uuid" reference-key="AD_Column">f8b1d9c1-c40c-414a-8184-abcf9514c5ea</AD_Column_ID>
                    <AD_TableIndex_ID reference="uuid" reference-key="AD_TableIndex">ab0bd079-2a9a-4195-8fac-db590f8cf486</AD_TableIndex_ID>
                    <ColumnSQL/>
                    <SeqNo>1</SeqNo>
                </AD_IndexColumn>
                <AD_IndexColumn type="table">
                    <AD_Client_ID>0</AD_Client_ID>
                    <AD_Org_ID>0</AD_Org_ID>
                    <AD_IndexColumn_UU>587393f2-9fb2-4a0c-84b5-731a1f900497</AD_IndexColumn_UU>
                    <EntityType>U</EntityType>
                    <IsActive>Y</IsActive>
                    <AD_Column_ID reference="uuid" reference-key="AD_Column">a753191b-149c-43d0-8c0f-ce3e275b02c0</AD_Column_ID>
                    <AD_TableIndex_ID reference="uuid" reference-key="AD_TableIndex">ab0bd079-2a9a-4195-8fac-db590f8cf486</AD_TableIndex_ID>
                    <ColumnSQL/>
                    <SeqNo>2</SeqNo>
                </AD_IndexColumn>
            </AD_TableIndex>
        </AD_Menu>
        <AD_Menu type="table">
            <Parent_ID reference="uuid" reference-key="AD_Menu">a0b62ef8-4dbf-4d14-bc03-f0f76e5e9b14</Parent_ID>
            <SeqNo>8</SeqNo>
            <AD_Client_ID>0</AD_Client_ID>
            <AD_Org_ID>0</AD_Org_ID>
            <Name>Operation Type EI</Name>
            <Description/>
            <Action>W</Action>
            <AD_Window_ID reference="uuid" reference-key="AD_Window">bd099f80-dc0f-4835-8357-ef791a7264d6</AD_Window_ID>
            <AD_Workflow_ID reference="id"/>
            <AD_Task_ID reference="id"/>
            <IsActive>Y</IsActive>
            <IsSummary>N</IsSummary>
            <AD_Process_ID reference="id"/>
            <IsSOTrx>Y</IsSOTrx>
            <AD_Form_ID reference="id"/>
            <IsReadOnly>N</IsReadOnly>
            <EntityType>QSS_LCO</EntityType>
            <IsCentrallyMaintained>Y</IsCentrallyMaintained>
            <AD_Menu_UU>7cf790b7-7972-4018-a65e-33059e6922e3</AD_Menu_UU>
            <AD_InfoWindow_ID reference="id"/>
            <AD_TableIndex type="table">
                <AD_Client_ID>0</AD_Client_ID>
                <AD_Org_ID>0</AD_Org_ID>
                <AD_TableIndex_UU>f5690ab2-de0c-4538-bd89-db24b20aff0d</AD_TableIndex_UU>
                <Description/>
                <EntityType>U</EntityType>
                <IsActive>Y</IsActive>
                <Name>lco_fe_operationtype_value</Name>
                <AD_Table_ID reference="uuid" reference-key="AD_Table">6a8afb80-7502-4e25-ad9c-b223ffe629b4</AD_Table_ID>
                <Help/>
                <IsCreateConstraint>N</IsCreateConstraint>
                <IsUnique>Y</IsUnique>
                <Processing>N</Processing>
                <AD_Message_ID reference="id"/>
                <TableIndexDrop/>
                <IsKey>N</IsKey>
                <AD_IndexColumn type="table">
                    <AD_Client_ID>0</AD_Client_ID>
                    <AD_Org_ID>0</AD_Org_ID>
                    <AD_IndexColumn_UU>5c5849ce-db10-47f3-805f-cf58bc1db92c</AD_IndexColumn_UU>
                    <EntityType>U</EntityType>
                    <IsActive>Y</IsActive>
                    <AD_Column_ID reference="uuid" reference-key="AD_Column">1fb9d4e2-ae66-4ca7-bce0-9c88553d82b8</AD_Column_ID>
                    <AD_TableIndex_ID reference="uuid" reference-key="AD_TableIndex">f5690ab2-de0c-4538-bd89-db24b20aff0d</AD_TableIndex_ID>
                    <ColumnSQL/>
                    <SeqNo>1</SeqNo>
                </AD_IndexColumn>
                <AD_IndexColumn type="table">
                    <AD_Client_ID>0</AD_Client_ID>
                    <AD_Org_ID>0</AD_Org_ID>
                    <AD_IndexColumn_UU>b006bf23-3d53-406a-8844-da5da0f74aa4</AD_IndexColumn_UU>
                    <EntityType>U</EntityType>
                    <IsActive>Y</IsActive>
                    <AD_Column_ID reference="uuid" reference-key="AD_Column">506eb03f-ff98-4c5c-9a03-eadf4f76721d</AD_Column_ID>
                    <AD_TableIndex_ID reference="uuid" reference-key="AD_TableIndex">f5690ab2-de0c-4538-bd89-db24b20aff0d</AD_TableIndex_ID>
                    <ColumnSQL/>
                    <SeqNo>2</SeqNo>
                </AD_IndexColumn>
            </AD_TableIndex>
            <AD_TableIndex type="table">
                <AD_Client_ID>0</AD_Client_ID>
                <AD_Org_ID>0</AD_Org_ID>
                <AD_TableIndex_UU>a7af6280-ef1d-4d37-9357-0f917cbd782e</AD_TableIndex_UU>
                <Description/>
                <EntityType>U</EntityType>
                <IsActive>Y</IsActive>
                <Name>lco_fe_operationtype_uu_idx</Name>
                <AD_Table_ID reference="uuid" reference-key="AD_Table">6a8afb80-7502-4e25-ad9c-b223ffe629b4</AD_Table_ID>
                <Help/>
                <IsCreateConstraint>N</IsCreateConstraint>
                <IsUnique>Y</IsUnique>
                <Processing>N</Processing>
                <AD_Message_ID reference="id"/>
                <TableIndexDrop/>
                <IsKey>N</IsKey>
                <AD_IndexColumn type="table">
                    <AD_Client_ID>0</AD_Client_ID>
                    <AD_Org_ID>0</AD_Org_ID>
                    <AD_IndexColumn_UU>221fdaef-9557-4b6c-b3bc-2ff2a893fcc7</AD_IndexColumn_UU>
                    <EntityType>U</EntityType>
                    <IsActive>Y</IsActive>
                    <AD_Column_ID reference="uuid" reference-key="AD_Column">e791adef-cba0-4eff-b26f-13c9cd115b90</AD_Column_ID>
                    <AD_TableIndex_ID reference="uuid" reference-key="AD_TableIndex">a7af6280-ef1d-4d37-9357-0f917cbd782e</AD_TableIndex_ID>
                    <ColumnSQL/>
                    <SeqNo>1</SeqNo>
                </AD_IndexColumn>
            </AD_TableIndex>
        </AD_Menu>
        <AD_Menu type="table">
            <Parent_ID reference="uuid" reference-key="AD_Menu">a0b62ef8-4dbf-4d14-bc03-f0f76e5e9b14</Parent_ID>
            <SeqNo>1</SeqNo>
            <AD_Client_ID>0</AD_Client_ID>
            <AD_Org_ID>0</AD_Org_ID>
            <Name>Tributary Group EI</Name>
            <Description/>
            <Action>W</Action>
            <AD_Window_ID reference="uuid" reference-key="AD_Window">f4595b00-175a-4373-a381-17c06e282746</AD_Window_ID>
            <AD_Workflow_ID reference="id"/>
            <AD_Task_ID reference="id"/>
            <IsActive>Y</IsActive>
            <IsSummary>N</IsSummary>
            <AD_Process_ID reference="id"/>
            <IsSOTrx>Y</IsSOTrx>
            <AD_Form_ID reference="id"/>
            <IsReadOnly>N</IsReadOnly>
            <EntityType>QSS_LCO</EntityType>
            <IsCentrallyMaintained>Y</IsCentrallyMaintained>
            <AD_Menu_UU>e8b97ced-aaf4-40d9-8445-cb5f13dd2ff1</AD_Menu_UU>
            <AD_InfoWindow_ID reference="id"/>
            <AD_TableIndex type="table">
                <AD_Client_ID>0</AD_Client_ID>
                <AD_Org_ID>0</AD_Org_ID>
                <AD_TableIndex_UU>8b57419c-46ae-4570-a567-74ace07c0db9</AD_TableIndex_UU>
                <Description/>
                <EntityType>U</EntityType>
                <IsActive>Y</IsActive>
                <Name>lco_fe_tributarygroup_uu_idx</Name>
                <AD_Table_ID reference="uuid" reference-key="AD_Table">407e562f-ee35-4331-9da0-8934686f55d5</AD_Table_ID>
                <Help/>
                <IsCreateConstraint>N</IsCreateConstraint>
                <IsUnique>Y</IsUnique>
                <Processing>N</Processing>
                <AD_Message_ID reference="id"/>
                <TableIndexDrop/>
                <IsKey>N</IsKey>
                <AD_IndexColumn type="table">
                    <AD_Client_ID>0</AD_Client_ID>
                    <AD_Org_ID>0</AD_Org_ID>
                    <AD_IndexColumn_UU>4c103d7d-5dbb-47ce-8b05-d8abd6acba3f</AD_IndexColumn_UU>
                    <EntityType>U</EntityType>
                    <IsActive>Y</IsActive>
                    <AD_Column_ID reference="uuid" reference-key="AD_Column">26e2989c-f815-44c9-bc76-e5b7d660a118</AD_Column_ID>
                    <AD_TableIndex_ID reference="uuid" reference-key="AD_TableIndex">8b57419c-46ae-4570-a567-74ace07c0db9</AD_TableIndex_ID>
                    <ColumnSQL/>
                    <SeqNo>1</SeqNo>
                </AD_IndexColumn>
            </AD_TableIndex>
            <AD_TableIndex type="table">
                <AD_Client_ID>0</AD_Client_ID>
                <AD_Org_ID>0</AD_Org_ID>
                <AD_TableIndex_UU>940a052a-d3c9-4cae-8727-4bee4705e384</AD_TableIndex_UU>
                <Description/>
                <EntityType>U</EntityType>
                <IsActive>Y</IsActive>
                <Name>lco_fe_tributarygroup_value</Name>
                <AD_Table_ID reference="uuid" reference-key="AD_Table">407e562f-ee35-4331-9da0-8934686f55d5</AD_Table_ID>
                <Help/>
                <IsCreateConstraint>N</IsCreateConstraint>
                <IsUnique>Y</IsUnique>
                <Processing>N</Processing>
                <AD_Message_ID reference="id"/>
                <TableIndexDrop/>
                <IsKey>N</IsKey>
                <AD_IndexColumn type="table">
                    <AD_Client_ID>0</AD_Client_ID>
                    <AD_Org_ID>0</AD_Org_ID>
                    <AD_IndexColumn_UU>313bd2f7-4fa0-4bd6-9bba-ab04eedde463</AD_IndexColumn_UU>
                    <EntityType>U</EntityType>
                    <IsActive>Y</IsActive>
                    <AD_Column_ID reference="uuid" reference-key="AD_Column">bbe1ddd1-0ea9-474f-9430-72520dd9fbed</AD_Column_ID>
                    <AD_TableIndex_ID reference="uuid" reference-key="AD_TableIndex">940a052a-d3c9-4cae-8727-4bee4705e384</AD_TableIndex_ID>
                    <ColumnSQL/>
                    <SeqNo>1</SeqNo>
                </AD_IndexColumn>
                <AD_IndexColumn type="table">
                    <AD_Client_ID>0</AD_Client_ID>
                    <AD_Org_ID>0</AD_Org_ID>
                    <AD_IndexColumn_UU>1451b7d2-a042-414c-bbaf-405be814bd2f</AD_IndexColumn_UU>
                    <EntityType>U</EntityType>
                    <IsActive>Y</IsActive>
                    <AD_Column_ID reference="uuid" reference-key="AD_Column">76f75955-8c98-43c0-81a7-c74a8a39119d</AD_Column_ID>
                    <AD_TableIndex_ID reference="uuid" reference-key="AD_TableIndex">940a052a-d3c9-4cae-8727-4bee4705e384</AD_TableIndex_ID>
                    <ColumnSQL/>
                    <SeqNo>2</SeqNo>
                </AD_IndexColumn>
            </AD_TableIndex>
            <AD_TableIndex type="table">
                <AD_Client_ID>0</AD_Client_ID>
                <AD_Org_ID>0</AD_Org_ID>
                <AD_TableIndex_UU>e736dd6a-02d9-4704-a4cd-16512702e74a</AD_TableIndex_UU>
                <Description/>
                <EntityType>U</EntityType>
                <IsActive>Y</IsActive>
                <Name>lco_fe_tributarytype_value</Name>
                <AD_Table_ID reference="uuid" reference-key="AD_Table">f72a3cfd-5b98-45e9-891a-af6b28fc4a2d</AD_Table_ID>
                <Help/>
                <IsCreateConstraint>N</IsCreateConstraint>
                <IsUnique>Y</IsUnique>
                <Processing>N</Processing>
                <AD_Message_ID reference="id"/>
                <TableIndexDrop/>
                <IsKey>N</IsKey>
                <AD_IndexColumn type="table">
                    <AD_Client_ID>0</AD_Client_ID>
                    <AD_Org_ID>0</AD_Org_ID>
                    <AD_IndexColumn_UU>9e595b2f-2e0e-4023-bba8-c016b665626f</AD_IndexColumn_UU>
                    <EntityType>U</EntityType>
                    <IsActive>Y</IsActive>
                    <AD_Column_ID reference="uuid" reference-key="AD_Column">a12fa598-f6a6-46b7-b533-f72fdc6dd4ab</AD_Column_ID>
                    <AD_TableIndex_ID reference="uuid" reference-key="AD_TableIndex">e736dd6a-02d9-4704-a4cd-16512702e74a</AD_TableIndex_ID>
                    <ColumnSQL/>
                    <SeqNo>1</SeqNo>
                </AD_IndexColumn>
                <AD_IndexColumn type="table">
                    <AD_Client_ID>0</AD_Client_ID>
                    <AD_Org_ID>0</AD_Org_ID>
                    <AD_IndexColumn_UU>af8806e9-4c8d-4a16-9f45-a96bc811d569</AD_IndexColumn_UU>
                    <EntityType>U</EntityType>
                    <IsActive>Y</IsActive>
                    <AD_Column_ID reference="uuid" reference-key="AD_Column">f33e15ad-10bd-4cbd-8b1f-27cb40de2810</AD_Column_ID>
                    <AD_TableIndex_ID reference="uuid" reference-key="AD_TableIndex">e736dd6a-02d9-4704-a4cd-16512702e74a</AD_TableIndex_ID>
                    <ColumnSQL/>
                    <SeqNo>2</SeqNo>
                </AD_IndexColumn>
                <AD_IndexColumn type="table">
                    <AD_Client_ID>0</AD_Client_ID>
                    <AD_Org_ID>0</AD_Org_ID>
                    <AD_IndexColumn_UU>6a43971a-9cd0-4322-aa98-cb7167b69394</AD_IndexColumn_UU>
                    <EntityType>U</EntityType>
                    <IsActive>Y</IsActive>
                    <AD_Column_ID reference="uuid" reference-key="AD_Column">bcda83b4-69ec-4c8b-895b-1b39d806ebe1</AD_Column_ID>
                    <AD_TableIndex_ID reference="uuid" reference-key="AD_TableIndex">e736dd6a-02d9-4704-a4cd-16512702e74a</AD_TableIndex_ID>
                    <ColumnSQL/>
                    <SeqNo>3</SeqNo>
                </AD_IndexColumn>
            </AD_TableIndex>
            <AD_TableIndex type="table">
                <AD_Client_ID>0</AD_Client_ID>
                <AD_Org_ID>0</AD_Org_ID>
                <AD_TableIndex_UU>0075050a-90d0-4748-9dc9-3cf27ff0b972</AD_TableIndex_UU>
                <Description/>
                <EntityType>U</EntityType>
                <IsActive>Y</IsActive>
                <Name>lco_fe_tributarytype_uu_idx</Name>
                <AD_Table_ID reference="uuid" reference-key="AD_Table">f72a3cfd-5b98-45e9-891a-af6b28fc4a2d</AD_Table_ID>
                <Help/>
                <IsCreateConstraint>N</IsCreateConstraint>
                <IsUnique>Y</IsUnique>
                <Processing>N</Processing>
                <AD_Message_ID reference="id"/>
                <TableIndexDrop/>
                <IsKey>N</IsKey>
                <AD_IndexColumn type="table">
                    <AD_Client_ID>0</AD_Client_ID>
                    <AD_Org_ID>0</AD_Org_ID>
                    <AD_IndexColumn_UU>55fb0355-9576-49e6-b179-45813757612d</AD_IndexColumn_UU>
                    <EntityType>U</EntityType>
                    <IsActive>Y</IsActive>
                    <AD_Column_ID reference="uuid" reference-key="AD_Column">6c6857e8-a734-4f16-8540-9ca5da619eca</AD_Column_ID>
                    <AD_TableIndex_ID reference="uuid" reference-key="AD_TableIndex">0075050a-90d0-4748-9dc9-3cf27ff0b972</AD_TableIndex_ID>
                    <ColumnSQL/>
                    <SeqNo>1</SeqNo>
                </AD_IndexColumn>
            </AD_TableIndex>
        </AD_Menu>
        <AD_Menu type="table">
            <Parent_ID reference="uuid" reference-key="AD_Menu">a0b62ef8-4dbf-4d14-bc03-f0f76e5e9b14</Parent_ID>
            <SeqNo>9</SeqNo>
            <AD_Client_ID>0</AD_Client_ID>
            <AD_Org_ID>0</AD_Org_ID>
            <Name>Product Schema EI</Name>
            <Description/>
            <Action>W</Action>
            <AD_Window_ID reference="uuid" reference-key="AD_Window">8ef9f997-5b6a-4cf1-a5a2-5ee16ec11c8b</AD_Window_ID>
            <AD_Workflow_ID reference="id"/>
            <AD_Task_ID reference="id"/>
            <IsActive>Y</IsActive>
            <IsSummary>N</IsSummary>
            <AD_Process_ID reference="id"/>
            <IsSOTrx>Y</IsSOTrx>
            <AD_Form_ID reference="id"/>
            <IsReadOnly>N</IsReadOnly>
            <EntityType>QSS_LCO</EntityType>
            <IsCentrallyMaintained>Y</IsCentrallyMaintained>
            <AD_Menu_UU>0416e781-6076-467d-b18a-eca31d3a9a25</AD_Menu_UU>
            <AD_InfoWindow_ID reference="id"/>
            <AD_TableIndex type="table">
                <AD_Client_ID>0</AD_Client_ID>
                <AD_Org_ID>0</AD_Org_ID>
                <AD_TableIndex_UU>0d5f74d4-65d1-4e3f-b0eb-4cabe0d40113</AD_TableIndex_UU>
                <Description/>
                <EntityType>U</EntityType>
                <IsActive>Y</IsActive>
                <Name>lco_fe_productscheme_uu_idx</Name>
                <AD_Table_ID reference="uuid" reference-key="AD_Table">2e9b4c70-0189-48bc-84e7-f8beb862e45a</AD_Table_ID>
                <Help/>
                <IsCreateConstraint>N</IsCreateConstraint>
                <IsUnique>Y</IsUnique>
                <Processing>N</Processing>
                <AD_Message_ID reference="id"/>
                <TableIndexDrop/>
                <IsKey>N</IsKey>
                <AD_IndexColumn type="table">
                    <AD_Client_ID>0</AD_Client_ID>
                    <AD_Org_ID>0</AD_Org_ID>
                    <AD_IndexColumn_UU>7d34e4e1-859b-4fe3-acc5-ebf76d44b172</AD_IndexColumn_UU>
                    <EntityType>U</EntityType>
                    <IsActive>Y</IsActive>
                    <AD_Column_ID reference="uuid" reference-key="AD_Column">1cdfbad0-48a8-4ec3-8168-c134e3344c1b</AD_Column_ID>
                    <AD_TableIndex_ID reference="uuid" reference-key="AD_TableIndex">0d5f74d4-65d1-4e3f-b0eb-4cabe0d40113</AD_TableIndex_ID>
                    <ColumnSQL/>
                    <SeqNo>1</SeqNo>
                </AD_IndexColumn>
            </AD_TableIndex>
            <AD_TableIndex type="table">
                <AD_Client_ID>0</AD_Client_ID>
                <AD_Org_ID>0</AD_Org_ID>
                <AD_TableIndex_UU>4dc99a2b-8329-4ea2-9f7e-06618132f87d</AD_TableIndex_UU>
                <Description/>
                <EntityType>U</EntityType>
                <IsActive>Y</IsActive>
                <Name>lco_fe_productscheme_value</Name>
                <AD_Table_ID reference="uuid" reference-key="AD_Table">2e9b4c70-0189-48bc-84e7-f8beb862e45a</AD_Table_ID>
                <Help/>
                <IsCreateConstraint>N</IsCreateConstraint>
                <IsUnique>Y</IsUnique>
                <Processing>N</Processing>
                <AD_Message_ID reference="id"/>
                <TableIndexDrop/>
                <IsKey>N</IsKey>
                <AD_IndexColumn type="table">
                    <AD_Client_ID>0</AD_Client_ID>
                    <AD_Org_ID>0</AD_Org_ID>
                    <AD_IndexColumn_UU>b1fa4b4d-7c00-42d4-a3a0-a200f06f138c</AD_IndexColumn_UU>
                    <EntityType>U</EntityType>
                    <IsActive>Y</IsActive>
                    <AD_Column_ID reference="uuid" reference-key="AD_Column">9a35b2a5-6842-456d-8c12-0e61139683d8</AD_Column_ID>
                    <AD_TableIndex_ID reference="uuid" reference-key="AD_TableIndex">4dc99a2b-8329-4ea2-9f7e-06618132f87d</AD_TableIndex_ID>
                    <ColumnSQL/>
                    <SeqNo>1</SeqNo>
                </AD_IndexColumn>
                <AD_IndexColumn type="table">
                    <AD_Client_ID>0</AD_Client_ID>
                    <AD_Org_ID>0</AD_Org_ID>
                    <AD_IndexColumn_UU>fc0ba1bd-ebfe-4e19-a99d-58e89977f8cf</AD_IndexColumn_UU>
                    <EntityType>U</EntityType>
                    <IsActive>Y</IsActive>
                    <AD_Column_ID reference="uuid" reference-key="AD_Column">19624d55-1eca-4071-aaa9-46e67cdbca50</AD_Column_ID>
                    <AD_TableIndex_ID reference="uuid" reference-key="AD_TableIndex">4dc99a2b-8329-4ea2-9f7e-06618132f87d</AD_TableIndex_ID>
                    <ColumnSQL/>
                    <SeqNo>2</SeqNo>
                </AD_IndexColumn>
            </AD_TableIndex>
            <AD_TableIndex type="table">
                <AD_Client_ID>0</AD_Client_ID>
                <AD_Org_ID>0</AD_Org_ID>
                <AD_TableIndex_UU>3d994dd3-3a45-4dbd-bee2-0d145a90c4cf</AD_TableIndex_UU>
                <Description/>
                <EntityType>U</EntityType>
                <IsActive>Y</IsActive>
                <Name>lco_fe_productschemelist_value</Name>
                <AD_Table_ID reference="uuid" reference-key="AD_Table">3bd8748c-3ff6-413a-8572-3a895614e24a</AD_Table_ID>
                <Help/>
                <IsCreateConstraint>N</IsCreateConstraint>
                <IsUnique>Y</IsUnique>
                <Processing>N</Processing>
                <AD_Message_ID reference="id"/>
                <TableIndexDrop/>
                <IsKey>N</IsKey>
                <AD_IndexColumn type="table">
                    <AD_Client_ID>0</AD_Client_ID>
                    <AD_Org_ID>0</AD_Org_ID>
                    <AD_IndexColumn_UU>3fe5c526-38c7-4d59-98d8-59ba53e3e4f2</AD_IndexColumn_UU>
                    <EntityType>U</EntityType>
                    <IsActive>Y</IsActive>
                    <AD_Column_ID reference="uuid" reference-key="AD_Column">1a5f7c2b-8ac6-4ff4-9fa1-bc74b0ec1de2</AD_Column_ID>
                    <AD_TableIndex_ID reference="uuid" reference-key="AD_TableIndex">3d994dd3-3a45-4dbd-bee2-0d145a90c4cf</AD_TableIndex_ID>
                    <ColumnSQL/>
                    <SeqNo>1</SeqNo>
                </AD_IndexColumn>
                <AD_IndexColumn type="table">
                    <AD_Client_ID>0</AD_Client_ID>
                    <AD_Org_ID>0</AD_Org_ID>
                    <AD_IndexColumn_UU>2f088343-e192-4230-b47a-66289f1508ba</AD_IndexColumn_UU>
                    <EntityType>U</EntityType>
                    <IsActive>Y</IsActive>
                    <AD_Column_ID reference="uuid" reference-key="AD_Column">435309ce-f652-43ee-8613-1e5da1886f18</AD_Column_ID>
                    <AD_TableIndex_ID reference="uuid" reference-key="AD_TableIndex">3d994dd3-3a45-4dbd-bee2-0d145a90c4cf</AD_TableIndex_ID>
                    <ColumnSQL/>
                    <SeqNo>2</SeqNo>
                </AD_IndexColumn>
                <AD_IndexColumn type="table">
                    <AD_Client_ID>0</AD_Client_ID>
                    <AD_Org_ID>0</AD_Org_ID>
                    <AD_IndexColumn_UU>01e4227c-d73d-4270-b703-16425029a606</AD_IndexColumn_UU>
                    <EntityType>U</EntityType>
                    <IsActive>Y</IsActive>
                    <AD_Column_ID reference="uuid" reference-key="AD_Column">61de900a-7c18-4f20-ac53-bb0a231a4ad7</AD_Column_ID>
                    <AD_TableIndex_ID reference="uuid" reference-key="AD_TableIndex">3d994dd3-3a45-4dbd-bee2-0d145a90c4cf</AD_TableIndex_ID>
                    <ColumnSQL/>
                    <SeqNo>3</SeqNo>
                </AD_IndexColumn>
            </AD_TableIndex>
            <AD_TableIndex type="table">
                <AD_Client_ID>0</AD_Client_ID>
                <AD_Org_ID>0</AD_Org_ID>
                <AD_TableIndex_UU>87d5ea5b-b1e3-4b0a-b6b7-03601e7d9d98</AD_TableIndex_UU>
                <Description/>
                <EntityType>U</EntityType>
                <IsActive>Y</IsActive>
                <Name>lco_fe_productschemelist_uuidx</Name>
                <AD_Table_ID reference="uuid" reference-key="AD_Table">3bd8748c-3ff6-413a-8572-3a895614e24a</AD_Table_ID>
                <Help/>
                <IsCreateConstraint>N</IsCreateConstraint>
                <IsUnique>Y</IsUnique>
                <Processing>N</Processing>
                <AD_Message_ID reference="id"/>
                <TableIndexDrop/>
                <IsKey>N</IsKey>
                <AD_IndexColumn type="table">
                    <AD_Client_ID>0</AD_Client_ID>
                    <AD_Org_ID>0</AD_Org_ID>
                    <AD_IndexColumn_UU>e13ae90c-8cfc-4d0c-ba61-b10952aef7e3</AD_IndexColumn_UU>
                    <EntityType>U</EntityType>
                    <IsActive>Y</IsActive>
                    <AD_Column_ID reference="uuid" reference-key="AD_Column">63520570-2ba4-4f7b-b972-11a254c5cbc2</AD_Column_ID>
                    <AD_TableIndex_ID reference="uuid" reference-key="AD_TableIndex">87d5ea5b-b1e3-4b0a-b6b7-03601e7d9d98</AD_TableIndex_ID>
                    <ColumnSQL/>
                    <SeqNo>1</SeqNo>
                </AD_IndexColumn>
            </AD_TableIndex>
        </AD_Menu>
    </AD_Menu>
</idempiere>
