﻿<?xml version="1.0" encoding="UTF-8"?>
<idempiere Name="org.globalqss.idempiere.LCO.firstname" Version="2.1.2" idempiereVersion="" DataBaseVersion="" Description="Localization Colombia - first nams on business partner" Author="" AuthorEmail="info@globalqss.com" CreatedDate="2013-11-19 00:33:58.093" UpdatedDate="2014-11-11 19:34:27.367" PackOutVersion="100" UpdateDictionary="false" Client="0-SYSTEM-System" AD_Client_UU="11237b53-9592-4af1-b3c5-afd216514b5d">
    <AD_EntityType type="table">
        <AD_Client_ID>0</AD_Client_ID>
        <AD_Org_ID>0</AD_Org_ID>
        <AD_EntityType_UU>9db5bbfc-8c5c-4ca6-bf31-d86f175d7fe4</AD_EntityType_UU>
        <Classpath/>
        <Description>Localizacion Colombia desarrollada por GlobalQSS</Description>
        <EntityType>QSS_LCO</EntityType>
        <Help>Localizacion Colombia incluye las modificaciones necesarias en materia de impuestos para Colombia, manejo de retenciones de IVA, ICA y ReteFte, reporte de medios magnéticos para la DIAN, generación/validación del dígito de verificación del NIT.  Desarrollado por http://globalqss.com</Help>
        <IsActive>true</IsActive>
        <ModelPackage>org.globalqss.model</ModelPackage>
        <Name>Localizacion Colombia</Name>
        <Processing>false</Processing>
        <Version/>
    </AD_EntityType>
    <AD_Message type="table">
        <AD_Client_ID>0</AD_Client_ID>
        <AD_Org_ID>0</AD_Org_ID>
        <AD_Message_UU>8378d307-894f-4e0c-b3fc-71149f0207bc</AD_Message_UU>
        <EntityType>QSS_LCO</EntityType>
        <IsActive>true</IsActive>
        <MsgText>First Name 1 required</MsgText>
        <MsgTip/>
        <MsgType>I</MsgType>
        <Value>LCO_FirstName1Required</Value>
        <AD_Message_Trl type="translation">
            <MsgText>Primer nombre requerido</MsgText>
            <MsgTip/>
            <AD_Language>es_CO</AD_Language>
            <IsActive>true</IsActive>
            <IsTranslated>true</IsTranslated>
        </AD_Message_Trl>
    </AD_Message>
    <AD_Message type="table">
        <AD_Client_ID>0</AD_Client_ID>
        <AD_Org_ID>0</AD_Org_ID>
        <AD_Message_UU>78068c86-6300-4306-ab60-a5518cd3f9e7</AD_Message_UU>
        <EntityType>QSS_LCO</EntityType>
        <IsActive>true</IsActive>
        <MsgText>Last Name 1 required</MsgText>
        <MsgTip/>
        <MsgType>I</MsgType>
        <Value>LCO_LastName1Required</Value>
        <AD_Message_Trl type="translation">
            <MsgText>Primer apellido requerido</MsgText>
            <MsgTip/>
            <AD_Language>es_CO</AD_Language>
            <IsActive>true</IsActive>
            <IsTranslated>true</IsTranslated>
        </AD_Message_Trl>
    </AD_Message>
    <AD_Element type="table">
        <AD_Client_ID>0</AD_Client_ID>
        <AD_Org_ID>0</AD_Org_ID>
        <AD_Element_UU>70dcc71f-1d37-421c-b8b1-294780c788c4</AD_Element_UU>
        <ColumnName>FirstName1</ColumnName>
        <Description/>
        <EntityType>QSS_LCO</EntityType>
        <Help/>
        <IsActive>true</IsActive>
        <Name>First Name</Name>
        <PO_Description/>
        <PO_Help/>
        <PO_Name/>
        <PO_PrintName/>
        <PrintName>First Name</PrintName>
        <AD_Element_Trl type="translation">
            <Description/>
            <Help/>
            <Name>Primer Nombre</Name>
            <PO_Description/>
            <PO_Help/>
            <PO_Name/>
            <PO_PrintName/>
            <PrintName>Primer Nombre</PrintName>
            <AD_Language>es_CO</AD_Language>
            <IsActive>true</IsActive>
            <IsTranslated>true</IsTranslated>
        </AD_Element_Trl>
    </AD_Element>
    <AD_Column type="table">
        <IsSyncDatabase>Y</IsSyncDatabase>
        <AD_Table_ID reference="id">291</AD_Table_ID>
        <AD_Reference_Value_ID reference="id"/>
        <AD_Client_ID>0</AD_Client_ID>
        <AD_Org_ID>0</AD_Org_ID>
        <AD_Chart_ID reference="id"/>
        <AD_Column_UU>9be788e7-e121-4020-907b-2da073ca45bc</AD_Column_UU>
        <AD_Element_ID reference="uuid" reference-key="AD_Element">70dcc71f-1d37-421c-b8b1-294780c788c4</AD_Element_ID>
        <AD_Process_ID reference="id"/>
        <AD_Reference_ID reference="id">10</AD_Reference_ID>
        <AD_Val_Rule_ID reference="id"/>
        <Callout/>
        <ColumnName>FirstName1</ColumnName>
        <ColumnSQL/>
        <DefaultValue/>
        <Description/>
        <EntityType>QSS_LCO</EntityType>
        <FieldLength>60</FieldLength>
        <FKConstraintName/>
        <FKConstraintType>N</FKConstraintType>
        <FormatPattern/>
        <Help/>
        <IsActive>true</IsActive>
        <IsAllowCopy>true</IsAllowCopy>
        <IsAllowLogging>true</IsAllowLogging>
        <IsAlwaysUpdateable>false</IsAlwaysUpdateable>
        <IsAutocomplete>false</IsAutocomplete>
        <IsEncrypted>N</IsEncrypted>
        <IsIdentifier>false</IsIdentifier>
        <IsKey>false</IsKey>
        <IsMandatory>false</IsMandatory>
        <IsParent>false</IsParent>
        <IsSecure>false</IsSecure>
        <IsSelectionColumn>false</IsSelectionColumn>
        <IsToolbarButton>N</IsToolbarButton>
        <IsTranslated>false</IsTranslated>
        <IsUpdateable>true</IsUpdateable>
        <MandatoryLogic/>
        <Name>First Name</Name>
        <ReadOnlyLogic/>
        <SeqNo/>
        <SeqNoSelection/>
        <ValueMax/>
        <ValueMin/>
        <Version>0</Version>
        <VFormat/>
    </AD_Column>
    <AD_Element type="table">
        <AD_Client_ID>0</AD_Client_ID>
        <AD_Org_ID>0</AD_Org_ID>
        <AD_Element_UU>2ec30713-88a7-4b98-b383-3c1d78699ba5</AD_Element_UU>
        <ColumnName>LastName1</ColumnName>
        <Description/>
        <EntityType>QSS_LCO</EntityType>
        <Help/>
        <IsActive>true</IsActive>
        <Name>Last Name</Name>
        <PO_Description/>
        <PO_Help/>
        <PO_Name/>
        <PO_PrintName/>
        <PrintName>Last Name</PrintName>
        <AD_Element_Trl type="translation">
            <Description/>
            <Help/>
            <Name>Primer Apellido</Name>
            <PO_Description/>
            <PO_Help/>
            <PO_Name/>
            <PO_PrintName/>
            <PrintName>Primer Apellido</PrintName>
            <AD_Language>es_CO</AD_Language>
            <IsActive>true</IsActive>
            <IsTranslated>true</IsTranslated>
        </AD_Element_Trl>
    </AD_Element>
    <AD_Column type="table">
        <IsSyncDatabase>Y</IsSyncDatabase>
        <AD_Table_ID reference="id">291</AD_Table_ID>
        <AD_Reference_Value_ID reference="id"/>
        <AD_Client_ID>0</AD_Client_ID>
        <AD_Org_ID>0</AD_Org_ID>
        <AD_Chart_ID reference="id"/>
        <AD_Column_UU>865d46f8-44bb-4b8d-babe-ff27d977785d</AD_Column_UU>
        <AD_Element_ID reference="uuid" reference-key="AD_Element">2ec30713-88a7-4b98-b383-3c1d78699ba5</AD_Element_ID>
        <AD_Process_ID reference="id"/>
        <AD_Reference_ID reference="id">10</AD_Reference_ID>
        <AD_Val_Rule_ID reference="id"/>
        <Callout/>
        <ColumnName>LastName1</ColumnName>
        <ColumnSQL/>
        <DefaultValue/>
        <Description/>
        <EntityType>QSS_LCO</EntityType>
        <FieldLength>60</FieldLength>
        <FKConstraintName/>
        <FKConstraintType>N</FKConstraintType>
        <FormatPattern/>
        <Help/>
        <IsActive>true</IsActive>
        <IsAllowCopy>true</IsAllowCopy>
        <IsAllowLogging>true</IsAllowLogging>
        <IsAlwaysUpdateable>false</IsAlwaysUpdateable>
        <IsAutocomplete>false</IsAutocomplete>
        <IsEncrypted>N</IsEncrypted>
        <IsIdentifier>false</IsIdentifier>
        <IsKey>false</IsKey>
        <IsMandatory>false</IsMandatory>
        <IsParent>false</IsParent>
        <IsSecure>false</IsSecure>
        <IsSelectionColumn>false</IsSelectionColumn>
        <IsToolbarButton>N</IsToolbarButton>
        <IsTranslated>false</IsTranslated>
        <IsUpdateable>true</IsUpdateable>
        <MandatoryLogic/>
        <Name>Last Name</Name>
        <ReadOnlyLogic/>
        <SeqNo/>
        <SeqNoSelection/>
        <ValueMax/>
        <ValueMin/>
        <Version>0</Version>
        <VFormat/>
    </AD_Column>
    <AD_Field type="table">
        <AD_Client_ID>0</AD_Client_ID>
        <AD_Org_ID>0</AD_Org_ID>
        <AD_Column_ID reference="uuid" reference-key="AD_Column">9be788e7-e121-4020-907b-2da073ca45bc</AD_Column_ID>
        <AD_FieldGroup_ID reference="id"/>
        <AD_Field_UU>61b565bf-cbd9-4260-80e7-b80cb8fdccb9</AD_Field_UU>
        <AD_Reference_ID reference="id"/>
        <AD_Reference_Value_ID reference="id"/>
        <AD_Tab_ID reference="id">220</AD_Tab_ID>
        <AD_Val_Rule_ID reference="id"/>
        <ColumnSpan>2</ColumnSpan>
        <DefaultValue/>
        <Description/>
        <DisplayLength>20</DisplayLength>
        <DisplayLogic>@IsDetailedNames@=Y &amp; @#LCO_USE_FIRST_NAME@=Y</DisplayLogic>
        <EntityType>QSS_LCO</EntityType>
        <Help/>
        <Included_Tab_ID reference="id"/>
        <IsActive>true</IsActive>
        <IsAdvancedField>false</IsAdvancedField>
        <IsAllowCopy/>
        <IsAlwaysUpdateable/>
        <IsCentrallyMaintained>true</IsCentrallyMaintained>
        <IsDefaultFocus>false</IsDefaultFocus>
        <IsDisplayed>true</IsDisplayed>
        <IsDisplayedGrid>true</IsDisplayedGrid>
        <IsEncrypted>false</IsEncrypted>
        <IsFieldOnly>false</IsFieldOnly>
        <IsHeading>false</IsHeading>
        <IsMandatory/>
        <IsQuickEntry>false</IsQuickEntry>
        <IsReadOnly>false</IsReadOnly>
        <IsSameLine>false</IsSameLine>
        <IsToolbarButton/>
        <IsUpdateable/>
        <MandatoryLogic/>
        <Name>First Name</Name>
        <NumLines>1</NumLines>
        <ObscureType/>
        <ReadOnlyLogic/>
        <SeqNo>102</SeqNo>
        <SeqNoGrid/>
        <SortNo>0</SortNo>
        <XPosition>1</XPosition>
        <AD_Field_Trl type="translation">
            <Description/>
            <Help/>
            <Name>Primer Nombre</Name>
            <AD_Language>es_CO</AD_Language>
            <IsActive>true</IsActive>
            <IsTranslated>true</IsTranslated>
        </AD_Field_Trl>
    </AD_Field>
    <AD_Field type="table">
        <AD_Client_ID>0</AD_Client_ID>
        <AD_Org_ID>0</AD_Org_ID>
        <AD_Column_ID reference="uuid" reference-key="AD_Column">865d46f8-44bb-4b8d-babe-ff27d977785d</AD_Column_ID>
        <AD_FieldGroup_ID reference="id"/>
        <AD_Field_UU>3ade2869-f733-4ab0-a26c-868d7cc25739</AD_Field_UU>
        <AD_Reference_ID reference="id"/>
        <AD_Reference_Value_ID reference="id"/>
        <AD_Tab_ID reference="id">220</AD_Tab_ID>
        <AD_Val_Rule_ID reference="id"/>
        <ColumnSpan>2</ColumnSpan>
        <DefaultValue/>
        <Description/>
        <DisplayLength>20</DisplayLength>
        <DisplayLogic>@IsDetailedNames@=Y &amp; @#LCO_USE_FIRST_NAME@=Y</DisplayLogic>
        <EntityType>QSS_LCO</EntityType>
        <Help/>
        <Included_Tab_ID reference="id"/>
        <IsActive>true</IsActive>
        <IsAdvancedField>false</IsAdvancedField>
        <IsAllowCopy/>
        <IsAlwaysUpdateable/>
        <IsCentrallyMaintained>true</IsCentrallyMaintained>
        <IsDefaultFocus>false</IsDefaultFocus>
        <IsDisplayed>true</IsDisplayed>
        <IsDisplayedGrid>true</IsDisplayedGrid>
        <IsEncrypted>false</IsEncrypted>
        <IsFieldOnly>false</IsFieldOnly>
        <IsHeading>false</IsHeading>
        <IsMandatory/>
        <IsQuickEntry>false</IsQuickEntry>
        <IsReadOnly>false</IsReadOnly>
        <IsSameLine>false</IsSameLine>
        <IsToolbarButton/>
        <IsUpdateable/>
        <MandatoryLogic/>
        <Name>Last Name</Name>
        <NumLines>1</NumLines>
        <ObscureType/>
        <ReadOnlyLogic/>
        <SeqNo>106</SeqNo>
        <SeqNoGrid/>
        <SortNo>0</SortNo>
        <XPosition>1</XPosition>
        <AD_Field_Trl type="translation">
            <Description/>
            <Help/>
            <Name>Primer Apellido</Name>
            <AD_Language>es_CO</AD_Language>
            <IsActive>true</IsActive>
            <IsTranslated>true</IsTranslated>
        </AD_Field_Trl>
    </AD_Field>
    <AD_SysConfig type="table">
        <AD_Client_ID>0</AD_Client_ID>
        <AD_Org_ID>0</AD_Org_ID>
        <AD_SysConfig_UU>959f3ec8-077a-4395-827b-a6faa68195f8</AD_SysConfig_UU>
        <ConfigurationLevel>C</ConfigurationLevel>
        <Description>On Business Partner window - define the name separator when using detailed names</Description>
        <EntityType>QSS_LCO</EntityType>
        <IsActive>true</IsActive>
        <Name>QSSLCO_NameSeparator</Name>
        <Value>,</Value>
    </AD_SysConfig>
    <AD_SysConfig type="table">
        <AD_Client_ID>0</AD_Client_ID>
        <AD_Org_ID>0</AD_Org_ID>
        <AD_SysConfig_UU>3eda56f3-4d5a-4a87-84ca-a106bb08aabe</AD_SysConfig_UU>
        <ConfigurationLevel>C</ConfigurationLevel>
        <Description>On Business Partner window - when constructing the full name based on detailed names, define if the names comes first (otherwise last names will come first)</Description>
        <EntityType>QSS_LCO</EntityType>
        <IsActive>true</IsActive>
        <Name>QSSLCO_NamesFirst</Name>
        <Value>Y</Value>
    </AD_SysConfig>
    <SQLMandatory type="custom">
        <DBType>ALL</DBType>
        <statement><![CDATA[UPDATE AD_Column SET ReadOnlyLogic=chr(64)||'IsDetailedNames'||chr(64)||'=Y & '||chr(64)||'#LCO_USE_FIRST_NAME'||chr(64)||'=Y', Updated=SYSDATE WHERE AD_Column_ID=2902]]></statement>
    </SQLMandatory>
</idempiere>
