<?xml version="1.0" encoding="UTF-8"?><idempiere Name="LCO_FE_ContactType" Version="1.0.0" idempiereVersion="DCI ERP" DataBaseVersion="2019-11-22" Description="" Author="SuperUser" AuthorEmail="superuser @ dcierp.com" CreatedDate="Mon Feb 03 18:35:59 CET 2020" UpdatedDate="Mon Feb 03 18:35:59 CET 2020" PackOutVersion="100" UpdateDictionary="true" Client="1000000-QSS-PRUEBAS DEV QSS" AD_Client_UU="a164a2e6-9416-40e7-9223-bbea2e0f1862">
    <LCO_FE_ContactType type="table">
        <AD_Org_ID>0</AD_Org_ID>
        <IsActive>Y</IsActive>
        <Value>CA</Value>
        <Name>Contacto de compras</Name>
        <DianContactCode>4</DianContactCode>
        <LCO_FE_ContactType_UU>9a593d9a-ba8a-4df8-9168-37f7230ae9de</LCO_FE_ContactType_UU>
    </LCO_FE_ContactType>
    <LCO_FE_ContactType type="table">
        <AD_Org_ID>0</AD_Org_ID>
        <IsActive>Y</IsActive>
        <Value>CC</Value>
        <Name>Contacto de contabilidad</Name>
        <DianContactCode>3</DianContactCode>
        <LCO_FE_ContactType_UU>7407a4c5-3fd6-4515-b44d-7ef62515ffd1</LCO_FE_ContactType_UU>
    </LCO_FE_ContactType>
    <LCO_FE_ContactType type="table">
        <AD_Org_ID>0</AD_Org_ID>
        <IsActive>Y</IsActive>
        <Value>CD</Value>
        <Name>Contacto de despacho</Name>
        <DianContactCode>2</DianContactCode>
        <LCO_FE_ContactType_UU>09c836f3-9856-43de-99af-7b876b0075ef</LCO_FE_ContactType_UU>
    </LCO_FE_ContactType>
    <LCO_FE_ContactType type="table">
        <AD_Org_ID>0</AD_Org_ID>
        <IsActive>Y</IsActive>
        <Value>CE</Value>
        <Name>Contacto de entrega</Name>
        <DianContactCode>2</DianContactCode>
        <LCO_FE_ContactType_UU>bf6fad0f-c779-47a3-84c1-70e5639b0415</LCO_FE_ContactType_UU>
    </LCO_FE_ContactType>
    <LCO_FE_ContactType type="table">
        <AD_Org_ID>0</AD_Org_ID>
        <IsActive>Y</IsActive>
        <Value>CV</Value>
        <Name>Contacto de ventas</Name>
        <DianContactCode>4</DianContactCode>
        <LCO_FE_ContactType_UU>112f7ed9-3771-41bc-9a34-fd1e96ac4a96</LCO_FE_ContactType_UU>
    </LCO_FE_ContactType>
    <LCO_FE_ContactType type="table">
        <AD_Org_ID>0</AD_Org_ID>
        <IsActive>N</IsActive>
        <Value>DP</Value>
        <Name>Departamento responsable del del pedido</Name>
        <DianContactCode>5</DianContactCode>
        <LCO_FE_ContactType_UU>f5354916-74a9-4564-967a-51e8d35b3e8f</LCO_FE_ContactType_UU>
    </LCO_FE_ContactType>
    <LCO_FE_ContactType type="table">
        <AD_Org_ID>0</AD_Org_ID>
        <IsActive>Y</IsActive>
        <Value>PC</Value>
        <Name>Persona de contacto</Name>
        <DianContactCode>1</DianContactCode>
        <LCO_FE_ContactType_UU>69712186-cbe7-488c-a25d-81188697ea38</LCO_FE_ContactType_UU>
    </LCO_FE_ContactType>
</idempiere>
