<?xml version="1.0" encoding="UTF-8"?><idempiere Name="AD_PrintFormatItem" Version="1.0.0" idempiereVersion="DCI ERP" DataBaseVersion="2019-11-22" Description="" Author="SuperUser" AuthorEmail="superuser @ dcierp.com" CreatedDate="Mon Feb 03 18:28:19 CET 2020" UpdatedDate="Mon Feb 03 18:28:19 CET 2020" PackOutVersion="100" UpdateDictionary="true" Client="1000000-QSS-PRUEBAS DEV QSS" AD_Client_UU="a164a2e6-9416-40e7-9223-bbea2e0f1862">
    <AD_PrintFormatItem type="table">
        <AD_Org_ID>0</AD_Org_ID>
        <SeqNo>25</SeqNo>
        <Name>qrdata</Name>
        <IsNextLine>N</IsNextLine>
        <AD_PrintFormatChild_ID reference="id"/>
        <PrintName/>
        <YSpace>0</YSpace>
        <SortNo>0</SortNo>
        <AD_Column_ID reference="uuid" reference-key="AD_Column">f8bb85d3-ef14-4564-b700-f592d9bc36b1</AD_Column_ID>
        <IsPageBreak>N</IsPageBreak>
        <IsRelativePosition>N</IsRelativePosition>
        <MaxWidth>100</MaxWidth>
        <IsSummarized>N</IsSummarized>
        <YPosition>1</YPosition>
        <AD_PrintColor_ID reference="id">100</AD_PrintColor_ID>
        <AD_PrintFormat_ID reference="uuid" reference-key="AD_PrintFormat">824e58e2-5414-4c43-a6d6-4624c82cd1cb</AD_PrintFormat_ID>
        <XSpace>0</XSpace>
        <AD_PrintFont_ID reference="id"/>
        <IsActive>Y</IsActive>
        <IsHeightOneLine>N</IsHeightOneLine>
        <MaxHeight>100</MaxHeight>
        <XPosition>403</XPosition>
        <FieldAlignmentType>D</FieldAlignmentType>
        <IsPrinted>Y</IsPrinted>
        <IsOrderBy>N</IsOrderBy>
        <IsGroupBy>N</IsGroupBy>
        <LineAlignmentType>X</LineAlignmentType>
        <PrintFormatType>F</PrintFormatType>
        <PrintAreaType>H</PrintAreaType>
        <ImageURL/>
        <ImageIsAttached>Y</ImageIsAttached>
        <IsCounted>N</IsCounted>
        <IsAveraged>N</IsAveraged>
        <IsSuppressNull>N</IsSuppressNull>
        <IsSetNLPosition>N</IsSetNLPosition>
        <BelowColumn>0</BelowColumn>
        <AD_PrintGraph_ID reference="id"/>
        <IsNextPage>N</IsNextPage>
        <IsFixedWidth>N</IsFixedWidth>
        <PrintNameSuffix/>
        <IsMaxCalc>N</IsMaxCalc>
        <RunningTotalLines/>
        <IsRunningTotal>N</IsRunningTotal>
        <IsMinCalc>N</IsMinCalc>
        <IsVarianceCalc>N</IsVarianceCalc>
        <IsDeviationCalc>N</IsDeviationCalc>
        <IsFilledRectangle>N</IsFilledRectangle>
        <LineWidth>1</LineWidth>
        <ArcDiameter>0</ArcDiameter>
        <ShapeType>N</ShapeType>
        <IsCentrallyMaintained>Y</IsCentrallyMaintained>
        <IsImageField>N</IsImageField>
        <BarcodeType>QRC</BarcodeType>
        <FormatPattern/>
        <IsSuppressRepeats>N</IsSuppressRepeats>
        <AD_PrintFormatItem_UU>3d73ada4-e151-46e2-96ab-e3fd05ef8939</AD_PrintFormatItem_UU>
        <IsDesc>N</IsDesc>
        <IsPrintBarcodeText>Y</IsPrintBarcodeText>
        <DisplayLogic/>
        <AD_PrintFormatItem_Trl type="translation">
            <PrintName/>
            <PrintNameSuffix/>
            <Name>qrdata</Name>
            <AD_Language>es_CO</AD_Language>
            <IsActive>Y</IsActive>
            <IsTranslated>N</IsTranslated>
        </AD_PrintFormatItem_Trl>
        <AD_PrintFormatItem_Trl type="translation">
            <PrintName/>
            <PrintNameSuffix/>
            <Name>qrdata</Name>
            <AD_Language>de_DE</AD_Language>
            <IsActive>Y</IsActive>
            <IsTranslated>N</IsTranslated>
        </AD_PrintFormatItem_Trl>
    </AD_PrintFormatItem>
    <AD_PrintFormatItem type="table">
        <AD_Org_ID>0</AD_Org_ID>
        <SeqNo>95</SeqNo>
        <Name>cufeuuid</Name>
        <IsNextLine>Y</IsNextLine>
        <AD_PrintFormatChild_ID reference="id"/>
        <PrintName>Representación Gráfica - </PrintName>
        <YSpace>0</YSpace>
        <SortNo>0</SortNo>
        <AD_Column_ID reference="uuid" reference-key="AD_Column">0c47d48d-8751-4965-bce3-fe686bf90d53</AD_Column_ID>
        <IsPageBreak>N</IsPageBreak>
        <IsRelativePosition>Y</IsRelativePosition>
        <MaxWidth>0</MaxWidth>
        <IsSummarized>N</IsSummarized>
        <YPosition>0</YPosition>
        <AD_PrintColor_ID reference="id">100</AD_PrintColor_ID>
        <AD_PrintFormat_ID reference="uuid" reference-key="AD_PrintFormat">824e58e2-5414-4c43-a6d6-4624c82cd1cb</AD_PrintFormat_ID>
        <XSpace>0</XSpace>
        <AD_PrintFont_ID reference="id">163</AD_PrintFont_ID>
        <IsActive>Y</IsActive>
        <IsHeightOneLine>Y</IsHeightOneLine>
        <MaxHeight>0</MaxHeight>
        <XPosition>0</XPosition>
        <FieldAlignmentType>D</FieldAlignmentType>
        <IsPrinted>Y</IsPrinted>
        <IsOrderBy>N</IsOrderBy>
        <IsGroupBy>N</IsGroupBy>
        <LineAlignmentType>T</LineAlignmentType>
        <PrintFormatType>F</PrintFormatType>
        <PrintAreaType>H</PrintAreaType>
        <ImageURL/>
        <ImageIsAttached>N</ImageIsAttached>
        <IsCounted>N</IsCounted>
        <IsAveraged>N</IsAveraged>
        <IsSuppressNull>N</IsSuppressNull>
        <IsSetNLPosition>N</IsSetNLPosition>
        <BelowColumn>0</BelowColumn>
        <AD_PrintGraph_ID reference="id"/>
        <IsNextPage>N</IsNextPage>
        <IsFixedWidth>N</IsFixedWidth>
        <PrintNameSuffix/>
        <IsMaxCalc>N</IsMaxCalc>
        <RunningTotalLines>20</RunningTotalLines>
        <IsRunningTotal>N</IsRunningTotal>
        <IsMinCalc>N</IsMinCalc>
        <IsVarianceCalc>N</IsVarianceCalc>
        <IsDeviationCalc>N</IsDeviationCalc>
        <IsFilledRectangle>N</IsFilledRectangle>
        <LineWidth>1</LineWidth>
        <ArcDiameter>0</ArcDiameter>
        <ShapeType>N</ShapeType>
        <IsCentrallyMaintained>Y</IsCentrallyMaintained>
        <IsImageField>N</IsImageField>
        <BarcodeType/>
        <FormatPattern/>
        <IsSuppressRepeats>N</IsSuppressRepeats>
        <AD_PrintFormatItem_UU>f9ef1029-5aac-4c68-8ff1-7e48ae30a67a</AD_PrintFormatItem_UU>
        <IsDesc>N</IsDesc>
        <IsPrintBarcodeText>Y</IsPrintBarcodeText>
        <DisplayLogic/>
        <AD_PrintFormatItem_Trl type="translation">
            <PrintName>Representación Gráfica - </PrintName>
            <PrintNameSuffix/>
            <Name>cufeuuid</Name>
            <AD_Language>es_CO</AD_Language>
            <IsActive>Y</IsActive>
            <IsTranslated>Y</IsTranslated>
        </AD_PrintFormatItem_Trl>
        <AD_PrintFormatItem_Trl type="translation">
            <PrintName>CUFE</PrintName>
            <PrintNameSuffix/>
            <Name>cufeuuid</Name>
            <AD_Language>de_DE</AD_Language>
            <IsActive>Y</IsActive>
            <IsTranslated>N</IsTranslated>
        </AD_PrintFormatItem_Trl>
    </AD_PrintFormatItem>
</idempiere>
