<?xml version="1.0" encoding="UTF-8"?>
<idempiere Name="LCO_MediosMagneticosBaseData" Version="1.0" idempiereVersion="" DataBaseVersion="" Description="LCO Medios Magneticos DIAN - Datos ejemplo en GardenWorld" Author="" AuthorEmail="info@globalqss.com" CreatedDate="2013-08-08 11:33:33.864" UpdatedDate="2013-08-08 12:45:34.699" PackOutVersion="100" Client="11-GardenWorld-GardenWorld">
    <LCO_Conversion type="table">
        <AD_Org_ID>0</AD_Org_ID>
        <IsActive>true</IsActive>
        <AD_Table_ID reference="id">170</AD_Table_ID>
        <AD_Column_ID reference="id">941</AD_Column_ID>
        <Value>DIAN_Country</Value>
        <Name>Tabla Paises DIAN</Name>
        <LCO_Conversion_UU>4421aec5-3765-40fc-a89f-0736ca57b31a</LCO_Conversion_UU>
    </LCO_Conversion>
    <LCO_Conversion type="table">
        <AD_Org_ID>0</AD_Org_ID>
        <IsActive>true</IsActive>
        <AD_Table_ID reference="id">164</AD_Table_ID>
        <AD_Column_ID reference="id">856</AD_Column_ID>
        <Value>DIAN_Region</Value>
        <Name>Tabla Departamentos DIAN</Name>
        <LCO_Conversion_UU>45821cb2-2f30-4fe3-9296-0fbb044f50d1</LCO_Conversion_UU>
    </LCO_Conversion>
    <LCO_Conversion type="table">
        <AD_Org_ID>0</AD_Org_ID>
        <IsActive>true</IsActive>
        <AD_Table_ID reference="id">186</AD_Table_ID>
        <AD_Column_ID reference="id">7052</AD_Column_ID>
        <Value>DIAN_City</Value>
        <Name>Tabla Ciudades DIAN</Name>
        <LCO_Conversion_UU>0a24427c-eae4-4f61-ae60-ab8c20a8c654</LCO_Conversion_UU>
    </LCO_Conversion>
    <LCO_ConversionCode type="table">
        <AD_Org_ID>0</AD_Org_ID>
        <IsActive>true</IsActive>
        <LCO_Conversion_ID reference="uuid" reference-key="LCO_Conversion">4421aec5-3765-40fc-a89f-0736ca57b31a</LCO_Conversion_ID>
        <InternalCode>156</InternalCode>
        <ExternalCode>169</ExternalCode>
        <LCO_ConversionCode_UU>2c4bb1a2-7c4b-44cb-88f4-fb46973b5566</LCO_ConversionCode_UU>
    </LCO_ConversionCode>
    <LCO_DIAN_XMLPrintLabel type="table">
        <AD_Org_ID>0</AD_Org_ID>
        <IsActive>true</IsActive>
        <Name>Año de envío</Name>
        <Value>Ano</Value>
        <LCO_DIAN_XMLPrintLabel_UU>cc317f97-3b85-4ada-81b8-54c0ad0499ba</LCO_DIAN_XMLPrintLabel_UU>
    </LCO_DIAN_XMLPrintLabel>
    <LCO_DIAN_XMLPrintLabel type="table">
        <AD_Org_ID>0</AD_Org_ID>
        <IsActive>true</IsActive>
        <Name>Primer Apellido del informado</Name>
        <Value>apl1</Value>
        <LCO_DIAN_XMLPrintLabel_UU>34002071-1c38-4e5a-b633-41130dc9274a</LCO_DIAN_XMLPrintLabel_UU>
    </LCO_DIAN_XMLPrintLabel>
    <LCO_DIAN_XMLPrintLabel type="table">
        <AD_Org_ID>0</AD_Org_ID>
        <IsActive>true</IsActive>
        <Name>Segundo Apellido del informado</Name>
        <Value>apl2</Value>
        <LCO_DIAN_XMLPrintLabel_UU>e19e6663-f2b7-4b97-b390-4618a9f403eb</LCO_DIAN_XMLPrintLabel_UU>
    </LCO_DIAN_XMLPrintLabel>
    <LCO_DIAN_XMLPrintLabel type="table">
        <AD_Org_ID>0</AD_Org_ID>
        <IsActive>true</IsActive>
        <Name>Cantidad registros</Name>
        <Value>CantReg</Value>
        <LCO_DIAN_XMLPrintLabel_UU>72da26f6-6324-4412-bded-5bdedd19fd96</LCO_DIAN_XMLPrintLabel_UU>
    </LCO_DIAN_XMLPrintLabel>
    <LCO_DIAN_XMLPrintLabel type="table">
        <AD_Org_ID>0</AD_Org_ID>
        <IsActive>true</IsActive>
        <Name>Concepto envío</Name>
        <Value>CodCpt</Value>
        <LCO_DIAN_XMLPrintLabel_UU>f8653d90-d7a2-47c2-ad45-fe6227b034f3</LCO_DIAN_XMLPrintLabel_UU>
    </LCO_DIAN_XMLPrintLabel>
    <LCO_DIAN_XMLPrintLabel type="table">
        <AD_Org_ID>0</AD_Org_ID>
        <IsActive>true</IsActive>
        <Name>Concepto</Name>
        <Value>cpt</Value>
        <LCO_DIAN_XMLPrintLabel_UU>da7e246a-a6fb-4570-9d0c-06efd9c8b93c</LCO_DIAN_XMLPrintLabel_UU>
    </LCO_DIAN_XMLPrintLabel>
    <LCO_DIAN_XMLPrintLabel type="table">
        <AD_Org_ID>0</AD_Org_ID>
        <IsActive>true</IsActive>
        <Name>Pagos o abonos en cuenta que no constituyan deducción</Name>
        <Value>ded</Value>
        <LCO_DIAN_XMLPrintLabel_UU>5bd0b96a-12bb-439b-8fec-c015c91a93c6</LCO_DIAN_XMLPrintLabel_UU>
    </LCO_DIAN_XMLPrintLabel>
    <LCO_DIAN_XMLPrintLabel type="table">
        <AD_Org_ID>0</AD_Org_ID>
        <IsActive>true</IsActive>
        <Name>Dirección</Name>
        <Value>dir</Value>
        <LCO_DIAN_XMLPrintLabel_UU>af2e27b6-6aa5-4776-9f6e-092f08a4fdc9</LCO_DIAN_XMLPrintLabel_UU>
    </LCO_DIAN_XMLPrintLabel>
    <LCO_DIAN_XMLPrintLabel type="table">
        <AD_Org_ID>0</AD_Org_ID>
        <IsActive>true</IsActive>
        <Name>Código del Departamento</Name>
        <Value>dpto</Value>
        <LCO_DIAN_XMLPrintLabel_UU>331c5e83-cd25-4a09-b5fa-8729a6b3f84e</LCO_DIAN_XMLPrintLabel_UU>
    </LCO_DIAN_XMLPrintLabel>
    <LCO_DIAN_XMLPrintLabel type="table">
        <AD_Org_ID>0</AD_Org_ID>
        <IsActive>true</IsActive>
        <Name>Digito de Verificación</Name>
        <Value>dv</Value>
        <LCO_DIAN_XMLPrintLabel_UU>8c6d8763-2cc1-45aa-96bc-307620db909d</LCO_DIAN_XMLPrintLabel_UU>
    </LCO_DIAN_XMLPrintLabel>
    <LCO_DIAN_XMLPrintLabel type="table">
        <AD_Org_ID>0</AD_Org_ID>
        <IsActive>true</IsActive>
        <Name>Fecha de envío</Name>
        <Value>FecEnvio</Value>
        <LCO_DIAN_XMLPrintLabel_UU>48b4de2f-f764-4bb2-888f-07eaca349de7</LCO_DIAN_XMLPrintLabel_UU>
    </LCO_DIAN_XMLPrintLabel>
    <LCO_DIAN_XMLPrintLabel type="table">
        <AD_Org_ID>0</AD_Org_ID>
        <IsActive>true</IsActive>
        <Name>Fecha Final</Name>
        <Value>FecFinal</Value>
        <LCO_DIAN_XMLPrintLabel_UU>debff305-11a8-42ca-a8dd-531ade924333</LCO_DIAN_XMLPrintLabel_UU>
    </LCO_DIAN_XMLPrintLabel>
    <LCO_DIAN_XMLPrintLabel type="table">
        <AD_Org_ID>0</AD_Org_ID>
        <IsActive>true</IsActive>
        <Name>Fecha Inicial</Name>
        <Value>FecInicial</Value>
        <LCO_DIAN_XMLPrintLabel_UU>2aa8b38b-798b-45cd-bd67-861ecf5bbbdd</LCO_DIAN_XMLPrintLabel_UU>
    </LCO_DIAN_XMLPrintLabel>
    <LCO_DIAN_XMLPrintLabel type="table">
        <AD_Org_ID>0</AD_Org_ID>
        <IsActive>true</IsActive>
        <Name>Código formato</Name>
        <Value>Formato</Value>
        <LCO_DIAN_XMLPrintLabel_UU>35725d3a-461c-45c8-b644-d4b71c339162</LCO_DIAN_XMLPrintLabel_UU>
    </LCO_DIAN_XMLPrintLabel>
    <LCO_DIAN_XMLPrintLabel type="table">
        <AD_Org_ID>0</AD_Org_ID>
        <IsActive>true</IsActive>
        <Name>Código del Municipio</Name>
        <Value>mun</Value>
        <LCO_DIAN_XMLPrintLabel_UU>0c6a64ee-03a0-447e-8038-64711ed508e2</LCO_DIAN_XMLPrintLabel_UU>
    </LCO_DIAN_XMLPrintLabel>
    <LCO_DIAN_XMLPrintLabel type="table">
        <AD_Org_ID>0</AD_Org_ID>
        <IsActive>true</IsActive>
        <Name>Número de Identificación</Name>
        <Value>nid</Value>
        <LCO_DIAN_XMLPrintLabel_UU>77fe465a-47c1-407b-99ac-1351b7482c08</LCO_DIAN_XMLPrintLabel_UU>
    </LCO_DIAN_XMLPrintLabel>
    <LCO_DIAN_XMLPrintLabel type="table">
        <AD_Org_ID>0</AD_Org_ID>
        <IsActive>true</IsActive>
        <Name>Primer Nombre del informado</Name>
        <Value>nom1</Value>
        <LCO_DIAN_XMLPrintLabel_UU>0cd575e5-73dc-4bce-b24e-aad9b2d49f54</LCO_DIAN_XMLPrintLabel_UU>
    </LCO_DIAN_XMLPrintLabel>
    <LCO_DIAN_XMLPrintLabel type="table">
        <AD_Org_ID>0</AD_Org_ID>
        <IsActive>true</IsActive>
        <Name>Otros Nombres del informado</Name>
        <Value>nom2</Value>
        <LCO_DIAN_XMLPrintLabel_UU>2c0c5ffb-9a06-4883-b8eb-d802600c7d05</LCO_DIAN_XMLPrintLabel_UU>
    </LCO_DIAN_XMLPrintLabel>
    <LCO_DIAN_XMLPrintLabel type="table">
        <AD_Org_ID>0</AD_Org_ID>
        <IsActive>true</IsActive>
        <Name>Número de envío</Name>
        <Value>NumEnvio</Value>
        <LCO_DIAN_XMLPrintLabel_UU>cedf40ae-5241-42d7-9b8c-6cd3f25a8eb1</LCO_DIAN_XMLPrintLabel_UU>
    </LCO_DIAN_XMLPrintLabel>
    <LCO_DIAN_XMLPrintLabel type="table">
        <AD_Org_ID>0</AD_Org_ID>
        <IsActive>true</IsActive>
        <Name>Pago o Abono en cuenta</Name>
        <Value>pag</Value>
        <LCO_DIAN_XMLPrintLabel_UU>dfcc8a80-f426-459b-9e3d-2416414fad47</LCO_DIAN_XMLPrintLabel_UU>
    </LCO_DIAN_XMLPrintLabel>
    <LCO_DIAN_XMLPrintLabel type="table">
        <AD_Org_ID>0</AD_Org_ID>
        <IsActive>true</IsActive>
        <Name>Contenido de Pagos o abonos en cuenta</Name>
        <Value>pagos</Value>
        <LCO_DIAN_XMLPrintLabel_UU>e2f0dd99-39fa-4df1-b5b8-708722e10c24</LCO_DIAN_XMLPrintLabel_UU>
    </LCO_DIAN_XMLPrintLabel>
    <LCO_DIAN_XMLPrintLabel type="table">
        <AD_Org_ID>0</AD_Org_ID>
        <IsActive>true</IsActive>
        <Name>País de Residencia o domicilio</Name>
        <Value>pais</Value>
        <LCO_DIAN_XMLPrintLabel_UU>53402c45-a99a-4e33-b669-8c18627c2df6</LCO_DIAN_XMLPrintLabel_UU>
    </LCO_DIAN_XMLPrintLabel>
    <LCO_DIAN_XMLPrintLabel type="table">
        <AD_Org_ID>0</AD_Org_ID>
        <IsActive>true</IsActive>
        <Name>Razón Social del Informado</Name>
        <Value>raz</Value>
        <LCO_DIAN_XMLPrintLabel_UU>0513935b-442d-4d38-b711-a8eecfd4311a</LCO_DIAN_XMLPrintLabel_UU>
    </LCO_DIAN_XMLPrintLabel>
    <LCO_DIAN_XMLPrintLabel type="table">
        <AD_Org_ID>0</AD_Org_ID>
        <IsActive>true</IsActive>
        <Name>Retención en la fuente que le practicaron</Name>
        <Value>ret</Value>
        <LCO_DIAN_XMLPrintLabel_UU>82469f22-51dd-489d-b20c-d590d4a4a4e7</LCO_DIAN_XMLPrintLabel_UU>
    </LCO_DIAN_XMLPrintLabel>
    <LCO_DIAN_XMLPrintLabel type="table">
        <AD_Org_ID>0</AD_Org_ID>
        <IsActive>true</IsActive>
        <Name>Contenido de retenciones en la fuente practicadas</Name>
        <Value>rets</Value>
        <LCO_DIAN_XMLPrintLabel_UU>97747312-30a0-4c38-a4ec-610acbfe17a2</LCO_DIAN_XMLPrintLabel_UU>
    </LCO_DIAN_XMLPrintLabel>
    <LCO_DIAN_XMLPrintLabel type="table">
        <AD_Org_ID>0</AD_Org_ID>
        <IsActive>true</IsActive>
        <Name>Tipo de Documento</Name>
        <Value>tdoc</Value>
        <LCO_DIAN_XMLPrintLabel_UU>eb126352-a193-4f2f-b2b2-8aa0791e7a10</LCO_DIAN_XMLPrintLabel_UU>
    </LCO_DIAN_XMLPrintLabel>
    <LCO_DIAN_XMLPrintLabel type="table">
        <AD_Org_ID>0</AD_Org_ID>
        <IsActive>true</IsActive>
        <Name>Valor del pago o abono sujeto a Retención en la fuente</Name>
        <Value>vabo</Value>
        <LCO_DIAN_XMLPrintLabel_UU>38cf9cbe-9e97-45fe-ad99-0f5bfa1aa346</LCO_DIAN_XMLPrintLabel_UU>
    </LCO_DIAN_XMLPrintLabel>
    <LCO_DIAN_XMLPrintLabel type="table">
        <AD_Org_ID>0</AD_Org_ID>
        <IsActive>true</IsActive>
        <Name>Valor Total</Name>
        <Value>Valor Total</Value>
        <LCO_DIAN_XMLPrintLabel_UU>61f6d3c4-e6af-4c80-b6c5-93e2708bb630</LCO_DIAN_XMLPrintLabel_UU>
    </LCO_DIAN_XMLPrintLabel>
    <LCO_DIAN_XMLPrintLabel type="table">
        <AD_Org_ID>0</AD_Org_ID>
        <IsActive>true</IsActive>
        <Name>Versión del formato</Name>
        <Value>Version</Value>
        <LCO_DIAN_XMLPrintLabel_UU>4fe3beac-d871-4469-82c6-375cafecb974</LCO_DIAN_XMLPrintLabel_UU>
    </LCO_DIAN_XMLPrintLabel>
    <LCO_DIAN_XMLPrintLabel type="table">
        <AD_Org_ID>0</AD_Org_ID>
        <IsActive>true</IsActive>
        <Name>Valor de la Retención en la fuente practicada a título de re</Name>
        <Value>vret</Value>
        <LCO_DIAN_XMLPrintLabel_UU>8ef8f9ca-114f-4dbd-8ec7-98d66c53232f</LCO_DIAN_XMLPrintLabel_UU>
    </LCO_DIAN_XMLPrintLabel>
    <LCO_DIAN_Concept type="table">
        <AD_Org_ID>0</AD_Org_ID>
        <ValueMin>0.0</ValueMin>
        <Description/>
        <IsActive>true</IsActive>
        <Value>2302</Value>
        <Name>Retención por compras</Name>
        <LCO_DIAN_Concept_UU>c116c9c2-398e-4fc6-87e9-494bc52cce91</LCO_DIAN_Concept_UU>
    </LCO_DIAN_Concept>
    <LCO_DIAN_Concept type="table">
        <AD_Org_ID>0</AD_Org_ID>
        <ValueMin>0.0</ValueMin>
        <Description/>
        <IsActive>true</IsActive>
        <Value>2304</Value>
        <Name>Retención por honorarios</Name>
        <LCO_DIAN_Concept_UU>58c11cec-ea67-4338-b35b-85ba6e53bdd0</LCO_DIAN_Concept_UU>
    </LCO_DIAN_Concept>
    <LCO_DIAN_Concept type="table">
        <AD_Org_ID>0</AD_Org_ID>
        <ValueMin>0.0</ValueMin>
        <Description/>
        <IsActive>true</IsActive>
        <Value>2305</Value>
        <Name>Retención por servicios</Name>
        <LCO_DIAN_Concept_UU>db01aa8a-2afe-47d7-856a-2bb11c7d90f6</LCO_DIAN_Concept_UU>
    </LCO_DIAN_Concept>
    <LCO_DIAN_Concept type="table">
        <AD_Org_ID>0</AD_Org_ID>
        <ValueMin>0.0</ValueMin>
        <Description/>
        <IsActive>true</IsActive>
        <Value>2306</Value>
        <Name>Retención por arrendamientos</Name>
        <LCO_DIAN_Concept_UU>9b2f0b01-d3aa-453c-a3b0-fd5536e0bb31</LCO_DIAN_Concept_UU>
    </LCO_DIAN_Concept>
    <LCO_DIAN_ConceptSource type="table">
        <AD_Org_ID>0</AD_Org_ID>
        <C_ElementValue_ID reference="id">596</C_ElementValue_ID>
        <FieldExpression>@script:beanshell:MM1002vabo</FieldExpression>
        <GL_Category_ID/>
        <IsActive>true</IsActive>
        <LCO_DIAN_Concept_ID reference="uuid" reference-key="LCO_DIAN_Concept">c116c9c2-398e-4fc6-87e9-494bc52cce91</LCO_DIAN_Concept_ID>
        <CalcColumnPosition>2</CalcColumnPosition>
        <LCO_DIAN_ConceptSource_UU>5889af15-eafc-4d8b-9aee-527a0ec52f5f</LCO_DIAN_ConceptSource_UU>
    </LCO_DIAN_ConceptSource>
    <LCO_DIAN_ConceptSource type="table">
        <AD_Org_ID>0</AD_Org_ID>
        <C_ElementValue_ID reference="id">596</C_ElementValue_ID>
        <FieldExpression>@script:beanshell:MM1002vret</FieldExpression>
        <GL_Category_ID/>
        <IsActive>true</IsActive>
        <LCO_DIAN_Concept_ID reference="uuid" reference-key="LCO_DIAN_Concept">c116c9c2-398e-4fc6-87e9-494bc52cce91</LCO_DIAN_Concept_ID>
        <CalcColumnPosition>1</CalcColumnPosition>
        <LCO_DIAN_ConceptSource_UU>8fe3619e-085d-4a1c-acd6-815f3a8610cf</LCO_DIAN_ConceptSource_UU>
    </LCO_DIAN_ConceptSource>
    <LCO_DIAN_ConceptSource type="table">
        <AD_Org_ID>0</AD_Org_ID>
        <C_ElementValue_ID reference="id">597</C_ElementValue_ID>
        <FieldExpression>@script:beanshell:MM1002vabo</FieldExpression>
        <GL_Category_ID/>
        <IsActive>true</IsActive>
        <LCO_DIAN_Concept_ID reference="uuid" reference-key="LCO_DIAN_Concept">58c11cec-ea67-4338-b35b-85ba6e53bdd0</LCO_DIAN_Concept_ID>
        <CalcColumnPosition>2</CalcColumnPosition>
        <LCO_DIAN_ConceptSource_UU>57a031b3-32c5-46a4-84f0-5d672265aff1</LCO_DIAN_ConceptSource_UU>
    </LCO_DIAN_ConceptSource>
    <LCO_DIAN_ConceptSource type="table">
        <AD_Org_ID>0</AD_Org_ID>
        <C_ElementValue_ID reference="id">597</C_ElementValue_ID>
        <FieldExpression>@script:beanshell:MM1002vret</FieldExpression>
        <GL_Category_ID/>
        <IsActive>true</IsActive>
        <LCO_DIAN_Concept_ID reference="uuid" reference-key="LCO_DIAN_Concept">58c11cec-ea67-4338-b35b-85ba6e53bdd0</LCO_DIAN_Concept_ID>
        <CalcColumnPosition>1</CalcColumnPosition>
        <LCO_DIAN_ConceptSource_UU>f47d476e-bf8b-446a-a572-fe96376556bf</LCO_DIAN_ConceptSource_UU>
    </LCO_DIAN_ConceptSource>
    <LCO_DIAN_ConceptSource type="table">
        <AD_Org_ID>0</AD_Org_ID>
        <C_ElementValue_ID reference="id">534</C_ElementValue_ID>
        <FieldExpression>@script:beanshell:MM1002vabo</FieldExpression>
        <GL_Category_ID/>
        <IsActive>true</IsActive>
        <LCO_DIAN_Concept_ID reference="uuid" reference-key="LCO_DIAN_Concept">db01aa8a-2afe-47d7-856a-2bb11c7d90f6</LCO_DIAN_Concept_ID>
        <CalcColumnPosition>2</CalcColumnPosition>
        <LCO_DIAN_ConceptSource_UU>b021033b-5b96-48d0-86e3-27269290d1ad</LCO_DIAN_ConceptSource_UU>
    </LCO_DIAN_ConceptSource>
    <LCO_DIAN_ConceptSource type="table">
        <AD_Org_ID>0</AD_Org_ID>
        <C_ElementValue_ID reference="id">534</C_ElementValue_ID>
        <FieldExpression>@script:beanshell:MM1002vret</FieldExpression>
        <GL_Category_ID/>
        <IsActive>true</IsActive>
        <LCO_DIAN_Concept_ID reference="uuid" reference-key="LCO_DIAN_Concept">db01aa8a-2afe-47d7-856a-2bb11c7d90f6</LCO_DIAN_Concept_ID>
        <CalcColumnPosition>1</CalcColumnPosition>
        <LCO_DIAN_ConceptSource_UU>dc19fdb1-239d-4bda-8673-a9d0880327f4</LCO_DIAN_ConceptSource_UU>
    </LCO_DIAN_ConceptSource>
    <LCO_DIAN_ConceptSource type="table">
        <AD_Org_ID>0</AD_Org_ID>
        <C_ElementValue_ID reference="id">535</C_ElementValue_ID>
        <FieldExpression>@script:beanshell:MM1002vabo</FieldExpression>
        <GL_Category_ID/>
        <IsActive>true</IsActive>
        <LCO_DIAN_Concept_ID reference="uuid" reference-key="LCO_DIAN_Concept">9b2f0b01-d3aa-453c-a3b0-fd5536e0bb31</LCO_DIAN_Concept_ID>
        <CalcColumnPosition>2</CalcColumnPosition>
        <LCO_DIAN_ConceptSource_UU>c001b136-69f0-4c82-8ad9-b7d7f18f03eb</LCO_DIAN_ConceptSource_UU>
    </LCO_DIAN_ConceptSource>
    <LCO_DIAN_ConceptSource type="table">
        <AD_Org_ID>0</AD_Org_ID>
        <C_ElementValue_ID reference="id">535</C_ElementValue_ID>
        <FieldExpression>@script:beanshell:MM1002vret</FieldExpression>
        <GL_Category_ID/>
        <IsActive>true</IsActive>
        <LCO_DIAN_Concept_ID reference="uuid" reference-key="LCO_DIAN_Concept">9b2f0b01-d3aa-453c-a3b0-fd5536e0bb31</LCO_DIAN_Concept_ID>
        <CalcColumnPosition>1</CalcColumnPosition>
        <LCO_DIAN_ConceptSource_UU>5244bb0b-00eb-48e7-9e94-0a67bb382d2a</LCO_DIAN_ConceptSource_UU>
    </LCO_DIAN_ConceptSource>
    <AD_Sequence type="table">
        <AD_Org_ID>0</AD_Org_ID>
        <OrgColumn/>
        <StartNewYear>true</StartNewYear>
        <CurrentNextSys>1</CurrentNextSys>
        <IsTableID>false</IsTableID>
        <CurrentNext>1</CurrentNext>
        <IsAudited>false</IsAudited>
        <Prefix/>
        <IsAutoSequence>true</IsAutoSequence>
        <DateColumn/>
        <Suffix/>
        <DecimalPattern/>
        <Description>Archivos de información exógena</Description>
        <Name>Envío Medios Magnéticos (DIAN)</Name>
        <IncrementNo>1</IncrementNo>
        <VFormat/>
        <AD_Sequence_UU>a016125c-093b-4993-9341-c8641d085fd2</AD_Sequence_UU>
        <IsOrgLevelSequence>false</IsOrgLevelSequence>
        <IsActive>true</IsActive>
        <StartNo>1</StartNo>
        <StartNewMonth>false</StartNewMonth>
    </AD_Sequence>
    <LCO_DIAN_Format type="table">
        <AD_Org_ID>0</AD_Org_ID>
        <Value>1002</Value>
        <Description/>
        <IsActive>true</IsActive>
        <Name>Información de retenciones en la fuente practicadas</Name>
        <VersionNo>7</VersionNo>
        <PA_Hierarchy_ID reference="id"/>
        <C_AcctSchema_ID reference="id">101</C_AcctSchema_ID>
        <IsBPartnerDetailed>true</IsBPartnerDetailed>
        <IsBPartner2Detailed>false</IsBPartner2Detailed>
        <PostProcessClass/>
        <AD_Sequence_ID reference="uuid" reference-key="AD_Sequence">a016125c-093b-4993-9341-c8641d085fd2</AD_Sequence_ID>
        <MaxXMLRecords>5000</MaxXMLRecords>
        <URL_XSD/>
        <LCO_DIAN_XMLPrintLabel_ID reference="uuid" reference-key="LCO_DIAN_XMLPrintLabel">97747312-30a0-4c38-a4ec-610acbfe17a2</LCO_DIAN_XMLPrintLabel_ID>
        <LCO_DIAN_Format_UU>848f08d1-1d62-482a-bffe-fb248db4c96f</LCO_DIAN_Format_UU>
    </LCO_DIAN_Format>
    <LCO_DIAN_ConceptFormat type="table">
        <AD_Org_ID>0</AD_Org_ID>
        <LCO_DIAN_Format_ID reference="uuid" reference-key="LCO_DIAN_Format">848f08d1-1d62-482a-bffe-fb248db4c96f</LCO_DIAN_Format_ID>
        <IsActive>true</IsActive>
        <LCO_DIAN_Concept_ID reference="uuid" reference-key="LCO_DIAN_Concept">c116c9c2-398e-4fc6-87e9-494bc52cce91</LCO_DIAN_Concept_ID>
        <LCO_DIAN_ConceptFormat_UU>1d1e253a-ebe6-4dbd-928f-861b48617041</LCO_DIAN_ConceptFormat_UU>
    </LCO_DIAN_ConceptFormat>
    <LCO_DIAN_ConceptFormat type="table">
        <AD_Org_ID>0</AD_Org_ID>
        <LCO_DIAN_Format_ID reference="uuid" reference-key="LCO_DIAN_Format">848f08d1-1d62-482a-bffe-fb248db4c96f</LCO_DIAN_Format_ID>
        <IsActive>true</IsActive>
        <LCO_DIAN_Concept_ID reference="uuid" reference-key="LCO_DIAN_Concept">58c11cec-ea67-4338-b35b-85ba6e53bdd0</LCO_DIAN_Concept_ID>
        <LCO_DIAN_ConceptFormat_UU>a48c1951-bbdc-4e0d-b337-38ebc526f904</LCO_DIAN_ConceptFormat_UU>
    </LCO_DIAN_ConceptFormat>
    <LCO_DIAN_ConceptFormat type="table">
        <AD_Org_ID>0</AD_Org_ID>
        <LCO_DIAN_Format_ID reference="uuid" reference-key="LCO_DIAN_Format">848f08d1-1d62-482a-bffe-fb248db4c96f</LCO_DIAN_Format_ID>
        <IsActive>true</IsActive>
        <LCO_DIAN_Concept_ID reference="uuid" reference-key="LCO_DIAN_Concept">db01aa8a-2afe-47d7-856a-2bb11c7d90f6</LCO_DIAN_Concept_ID>
        <LCO_DIAN_ConceptFormat_UU>d0845773-4d31-4586-bde8-47ad424ea5c7</LCO_DIAN_ConceptFormat_UU>
    </LCO_DIAN_ConceptFormat>
    <LCO_DIAN_ConceptFormat type="table">
        <AD_Org_ID>0</AD_Org_ID>
        <LCO_DIAN_Format_ID reference="uuid" reference-key="LCO_DIAN_Format">848f08d1-1d62-482a-bffe-fb248db4c96f</LCO_DIAN_Format_ID>
        <IsActive>true</IsActive>
        <LCO_DIAN_Concept_ID reference="uuid" reference-key="LCO_DIAN_Concept">9b2f0b01-d3aa-453c-a3b0-fd5536e0bb31</LCO_DIAN_Concept_ID>
        <LCO_DIAN_ConceptFormat_UU>cffa6616-9b88-4fd3-837c-07cb13560dce</LCO_DIAN_ConceptFormat_UU>
    </LCO_DIAN_ConceptFormat>
    <LCO_DIAN_FieldFormat type="table">
        <AD_Org_ID>0</AD_Org_ID>
        <Name/>
        <IsActive>true</IsActive>
        <LCO_DIAN_XMLPrintLabel_ID reference="uuid" reference-key="LCO_DIAN_XMLPrintLabel">da7e246a-a6fb-4570-9d0c-06efd9c8b93c</LCO_DIAN_XMLPrintLabel_ID>
        <CalcColumnPosition>0</CalcColumnPosition>
        <LCO_DIAN_Format_ID reference="uuid" reference-key="LCO_DIAN_Format">848f08d1-1d62-482a-bffe-fb248db4c96f</LCO_DIAN_Format_ID>
        <FieldPrintFormat/>
        <Line>10</Line>
        <LCO_DIAN_FieldFormat_UU>aa9dd493-669d-4fc0-a481-5f1a7d3bf27e</LCO_DIAN_FieldFormat_UU>
    </LCO_DIAN_FieldFormat>
    <LCO_DIAN_FieldFormat type="table">
        <AD_Org_ID>0</AD_Org_ID>
        <Name/>
        <IsActive>true</IsActive>
        <LCO_DIAN_XMLPrintLabel_ID reference="uuid" reference-key="LCO_DIAN_XMLPrintLabel">eb126352-a193-4f2f-b2b2-8aa0791e7a10</LCO_DIAN_XMLPrintLabel_ID>
        <CalcColumnPosition>0</CalcColumnPosition>
        <LCO_DIAN_Format_ID reference="uuid" reference-key="LCO_DIAN_Format">848f08d1-1d62-482a-bffe-fb248db4c96f</LCO_DIAN_Format_ID>
        <FieldPrintFormat/>
        <Line>20</Line>
        <LCO_DIAN_FieldFormat_UU>6acf1da8-6c01-47ec-8d64-8b206f49e650</LCO_DIAN_FieldFormat_UU>
    </LCO_DIAN_FieldFormat>
    <LCO_DIAN_FieldFormat type="table">
        <AD_Org_ID>0</AD_Org_ID>
        <Name/>
        <IsActive>true</IsActive>
        <LCO_DIAN_XMLPrintLabel_ID reference="uuid" reference-key="LCO_DIAN_XMLPrintLabel">77fe465a-47c1-407b-99ac-1351b7482c08</LCO_DIAN_XMLPrintLabel_ID>
        <CalcColumnPosition>0</CalcColumnPosition>
        <LCO_DIAN_Format_ID reference="uuid" reference-key="LCO_DIAN_Format">848f08d1-1d62-482a-bffe-fb248db4c96f</LCO_DIAN_Format_ID>
        <FieldPrintFormat/>
        <Line>30</Line>
        <LCO_DIAN_FieldFormat_UU>2c57adb5-0fdc-414d-a9b0-67584b97f398</LCO_DIAN_FieldFormat_UU>
    </LCO_DIAN_FieldFormat>
    <LCO_DIAN_FieldFormat type="table">
        <AD_Org_ID>0</AD_Org_ID>
        <Name/>
        <IsActive>true</IsActive>
        <LCO_DIAN_XMLPrintLabel_ID reference="uuid" reference-key="LCO_DIAN_XMLPrintLabel">8c6d8763-2cc1-45aa-96bc-307620db909d</LCO_DIAN_XMLPrintLabel_ID>
        <CalcColumnPosition>0</CalcColumnPosition>
        <LCO_DIAN_Format_ID reference="uuid" reference-key="LCO_DIAN_Format">848f08d1-1d62-482a-bffe-fb248db4c96f</LCO_DIAN_Format_ID>
        <FieldPrintFormat/>
        <Line>40</Line>
        <LCO_DIAN_FieldFormat_UU>c7439d7d-11b7-446e-9a3a-b409502bc4f3</LCO_DIAN_FieldFormat_UU>
    </LCO_DIAN_FieldFormat>
    <LCO_DIAN_FieldFormat type="table">
        <AD_Org_ID>0</AD_Org_ID>
        <Name/>
        <IsActive>true</IsActive>
        <LCO_DIAN_XMLPrintLabel_ID reference="uuid" reference-key="LCO_DIAN_XMLPrintLabel">34002071-1c38-4e5a-b633-41130dc9274a</LCO_DIAN_XMLPrintLabel_ID>
        <CalcColumnPosition>0</CalcColumnPosition>
        <LCO_DIAN_Format_ID reference="uuid" reference-key="LCO_DIAN_Format">848f08d1-1d62-482a-bffe-fb248db4c96f</LCO_DIAN_Format_ID>
        <FieldPrintFormat/>
        <Line>50</Line>
        <LCO_DIAN_FieldFormat_UU>504d73e4-446b-4ec5-a1dc-8302c4a445f5</LCO_DIAN_FieldFormat_UU>
    </LCO_DIAN_FieldFormat>
    <LCO_DIAN_FieldFormat type="table">
        <AD_Org_ID>0</AD_Org_ID>
        <Name/>
        <IsActive>true</IsActive>
        <LCO_DIAN_XMLPrintLabel_ID reference="uuid" reference-key="LCO_DIAN_XMLPrintLabel">e19e6663-f2b7-4b97-b390-4618a9f403eb</LCO_DIAN_XMLPrintLabel_ID>
        <CalcColumnPosition>0</CalcColumnPosition>
        <LCO_DIAN_Format_ID reference="uuid" reference-key="LCO_DIAN_Format">848f08d1-1d62-482a-bffe-fb248db4c96f</LCO_DIAN_Format_ID>
        <FieldPrintFormat/>
        <Line>60</Line>
        <LCO_DIAN_FieldFormat_UU>c79c28ad-8d7b-4075-966b-5e539272ffc5</LCO_DIAN_FieldFormat_UU>
    </LCO_DIAN_FieldFormat>
    <LCO_DIAN_FieldFormat type="table">
        <AD_Org_ID>0</AD_Org_ID>
        <Name/>
        <IsActive>true</IsActive>
        <LCO_DIAN_XMLPrintLabel_ID reference="uuid" reference-key="LCO_DIAN_XMLPrintLabel">0cd575e5-73dc-4bce-b24e-aad9b2d49f54</LCO_DIAN_XMLPrintLabel_ID>
        <CalcColumnPosition>0</CalcColumnPosition>
        <LCO_DIAN_Format_ID reference="uuid" reference-key="LCO_DIAN_Format">848f08d1-1d62-482a-bffe-fb248db4c96f</LCO_DIAN_Format_ID>
        <FieldPrintFormat/>
        <Line>70</Line>
        <LCO_DIAN_FieldFormat_UU>19402705-4da2-4080-bc16-a36477f95b65</LCO_DIAN_FieldFormat_UU>
    </LCO_DIAN_FieldFormat>
    <LCO_DIAN_FieldFormat type="table">
        <AD_Org_ID>0</AD_Org_ID>
        <Name/>
        <IsActive>true</IsActive>
        <LCO_DIAN_XMLPrintLabel_ID reference="uuid" reference-key="LCO_DIAN_XMLPrintLabel">2c0c5ffb-9a06-4883-b8eb-d802600c7d05</LCO_DIAN_XMLPrintLabel_ID>
        <CalcColumnPosition>0</CalcColumnPosition>
        <LCO_DIAN_Format_ID reference="uuid" reference-key="LCO_DIAN_Format">848f08d1-1d62-482a-bffe-fb248db4c96f</LCO_DIAN_Format_ID>
        <FieldPrintFormat/>
        <Line>80</Line>
        <LCO_DIAN_FieldFormat_UU>729badf6-9f74-4c30-9d3a-c17092799ebc</LCO_DIAN_FieldFormat_UU>
    </LCO_DIAN_FieldFormat>
    <LCO_DIAN_FieldFormat type="table">
        <AD_Org_ID>0</AD_Org_ID>
        <Name/>
        <IsActive>true</IsActive>
        <LCO_DIAN_XMLPrintLabel_ID reference="uuid" reference-key="LCO_DIAN_XMLPrintLabel">0513935b-442d-4d38-b711-a8eecfd4311a</LCO_DIAN_XMLPrintLabel_ID>
        <CalcColumnPosition>0</CalcColumnPosition>
        <LCO_DIAN_Format_ID reference="uuid" reference-key="LCO_DIAN_Format">848f08d1-1d62-482a-bffe-fb248db4c96f</LCO_DIAN_Format_ID>
        <FieldPrintFormat/>
        <Line>90</Line>
        <LCO_DIAN_FieldFormat_UU>3d985faa-38be-4067-9ac5-598069b46917</LCO_DIAN_FieldFormat_UU>
    </LCO_DIAN_FieldFormat>
    <LCO_DIAN_FieldFormat type="table">
        <AD_Org_ID>0</AD_Org_ID>
        <Name/>
        <IsActive>true</IsActive>
        <LCO_DIAN_XMLPrintLabel_ID reference="uuid" reference-key="LCO_DIAN_XMLPrintLabel">af2e27b6-6aa5-4776-9f6e-092f08a4fdc9</LCO_DIAN_XMLPrintLabel_ID>
        <CalcColumnPosition>0</CalcColumnPosition>
        <LCO_DIAN_Format_ID reference="uuid" reference-key="LCO_DIAN_Format">848f08d1-1d62-482a-bffe-fb248db4c96f</LCO_DIAN_Format_ID>
        <FieldPrintFormat/>
        <Line>100</Line>
        <LCO_DIAN_FieldFormat_UU>526d389e-cc03-435b-9daa-11266e4a96b1</LCO_DIAN_FieldFormat_UU>
    </LCO_DIAN_FieldFormat>
    <LCO_DIAN_FieldFormat type="table">
        <AD_Org_ID>0</AD_Org_ID>
        <Name/>
        <IsActive>true</IsActive>
        <LCO_DIAN_XMLPrintLabel_ID reference="uuid" reference-key="LCO_DIAN_XMLPrintLabel">331c5e83-cd25-4a09-b5fa-8729a6b3f84e</LCO_DIAN_XMLPrintLabel_ID>
        <CalcColumnPosition>0</CalcColumnPosition>
        <LCO_DIAN_Format_ID reference="uuid" reference-key="LCO_DIAN_Format">848f08d1-1d62-482a-bffe-fb248db4c96f</LCO_DIAN_Format_ID>
        <FieldPrintFormat/>
        <Line>110</Line>
        <LCO_DIAN_FieldFormat_UU>409be130-6802-4312-b2a1-95e9581bc72e</LCO_DIAN_FieldFormat_UU>
    </LCO_DIAN_FieldFormat>
    <LCO_DIAN_FieldFormat type="table">
        <AD_Org_ID>0</AD_Org_ID>
        <Name/>
        <IsActive>true</IsActive>
        <LCO_DIAN_XMLPrintLabel_ID reference="uuid" reference-key="LCO_DIAN_XMLPrintLabel">0c6a64ee-03a0-447e-8038-64711ed508e2</LCO_DIAN_XMLPrintLabel_ID>
        <CalcColumnPosition>0</CalcColumnPosition>
        <LCO_DIAN_Format_ID reference="uuid" reference-key="LCO_DIAN_Format">848f08d1-1d62-482a-bffe-fb248db4c96f</LCO_DIAN_Format_ID>
        <FieldPrintFormat/>
        <Line>120</Line>
        <LCO_DIAN_FieldFormat_UU>de6dd84c-5475-4ca0-b260-3d2e2cd2c9af</LCO_DIAN_FieldFormat_UU>
    </LCO_DIAN_FieldFormat>
    <LCO_DIAN_FieldFormat type="table">
        <AD_Org_ID>0</AD_Org_ID>
        <Name/>
        <IsActive>true</IsActive>
        <LCO_DIAN_XMLPrintLabel_ID reference="uuid" reference-key="LCO_DIAN_XMLPrintLabel">53402c45-a99a-4e33-b669-8c18627c2df6</LCO_DIAN_XMLPrintLabel_ID>
        <CalcColumnPosition>0</CalcColumnPosition>
        <LCO_DIAN_Format_ID reference="uuid" reference-key="LCO_DIAN_Format">848f08d1-1d62-482a-bffe-fb248db4c96f</LCO_DIAN_Format_ID>
        <FieldPrintFormat/>
        <Line>130</Line>
        <LCO_DIAN_FieldFormat_UU>3ce095b1-5d6e-4360-ba54-0b5b890cbe05</LCO_DIAN_FieldFormat_UU>
    </LCO_DIAN_FieldFormat>
    <LCO_DIAN_FieldFormat type="table">
        <AD_Org_ID>0</AD_Org_ID>
        <Name/>
        <IsActive>true</IsActive>
        <LCO_DIAN_XMLPrintLabel_ID reference="uuid" reference-key="LCO_DIAN_XMLPrintLabel">38cf9cbe-9e97-45fe-ad99-0f5bfa1aa346</LCO_DIAN_XMLPrintLabel_ID>
        <CalcColumnPosition>2</CalcColumnPosition>
        <LCO_DIAN_Format_ID reference="uuid" reference-key="LCO_DIAN_Format">848f08d1-1d62-482a-bffe-fb248db4c96f</LCO_DIAN_Format_ID>
        <FieldPrintFormat/>
        <Line>140</Line>
        <LCO_DIAN_FieldFormat_UU>437e00ed-50e4-4988-9d79-5c86419687a8</LCO_DIAN_FieldFormat_UU>
    </LCO_DIAN_FieldFormat>
    <LCO_DIAN_FieldFormat type="table">
        <AD_Org_ID>0</AD_Org_ID>
        <Name/>
        <IsActive>true</IsActive>
        <LCO_DIAN_XMLPrintLabel_ID reference="uuid" reference-key="LCO_DIAN_XMLPrintLabel">8ef8f9ca-114f-4dbd-8ec7-98d66c53232f</LCO_DIAN_XMLPrintLabel_ID>
        <CalcColumnPosition>1</CalcColumnPosition>
        <LCO_DIAN_Format_ID reference="uuid" reference-key="LCO_DIAN_Format">848f08d1-1d62-482a-bffe-fb248db4c96f</LCO_DIAN_Format_ID>
        <FieldPrintFormat/>
        <Line>150</Line>
        <LCO_DIAN_FieldFormat_UU>5da49f7a-813b-4773-b6ef-80df0b57471d</LCO_DIAN_FieldFormat_UU>
    </LCO_DIAN_FieldFormat>
</idempiere>
