<?xml version="1.0" encoding="UTF-8"?><idempiere Name="LCO_FE_DIAN_Format" Version="1.0.0" idempiereVersion="DCI ERP" DataBaseVersion="2019-11-22" Description="" Author="SuperUser" AuthorEmail="superuser @ dcierp.com" CreatedDate="Mon Feb 03 18:38:33 CET 2020" UpdatedDate="Mon Feb 03 18:38:33 CET 2020" PackOutVersion="100" UpdateDictionary="true" Client="1000000-QSS-PRUEBAS DEV QSS" AD_Client_UU="a164a2e6-9416-40e7-9223-bbea2e0f1862">
    <LCO_FE_DIAN_Format type="table">
        <AD_Org_ID>0</AD_Org_ID>
        <Name>NOTA CREDITO</Name>
        <Value>c</Value>
        <Description/>
        <IsActive>Y</IsActive>
        <VersionNo>DIAN 1.0</VersionNo>
        <MaxXMLRecords>0</MaxXMLRecords>
        <URL_XSD/>
        <LCO_FE_DocType_ID reference="uuid" reference-key="LCO_FE_DocType">6d0f7a67-b7a3-453f-8923-5ec987a36c72</LCO_FE_DocType_ID>
        <XmlPrintLabel>fe:CreditNote</XmlPrintLabel>
        <UBLVersionNo>UBL 2.0</UBLVersionNo>
        <ValidFrom>2018-11-01 00:00:00.0</ValidFrom>
        <ValidTo/>
        <LCO_FE_DIAN_Format_UU>75f05a54-ffbf-41c6-8cf0-b093ca48e2ab</LCO_FE_DIAN_Format_UU>
        <LCO_FE_EDIType>xml</LCO_FE_EDIType>
        <LCO_FE_UuidType/>
    </LCO_FE_DIAN_Format>
    <LCO_FE_DIAN_Format type="table">
        <AD_Org_ID>0</AD_Org_ID>
        <Name>NOTA DEBITO</Name>
        <Value>d</Value>
        <Description/>
        <IsActive>Y</IsActive>
        <VersionNo>DIAN 1.0</VersionNo>
        <MaxXMLRecords>0</MaxXMLRecords>
        <URL_XSD/>
        <LCO_FE_DocType_ID reference="uuid" reference-key="LCO_FE_DocType">f001d332-57d0-4e64-98e9-80d92d4c0393</LCO_FE_DocType_ID>
        <XmlPrintLabel>fe:DebitNote</XmlPrintLabel>
        <UBLVersionNo>UBL 2.0</UBLVersionNo>
        <ValidFrom>2018-11-01 00:00:00.0</ValidFrom>
        <ValidTo/>
        <LCO_FE_DIAN_Format_UU>9a4a155b-0f18-4be5-8a12-1781cde0d2aa</LCO_FE_DIAN_Format_UU>
        <LCO_FE_EDIType>xml</LCO_FE_EDIType>
        <LCO_FE_UuidType/>
    </LCO_FE_DIAN_Format>
    <LCO_FE_DIAN_Format type="table">
        <AD_Org_ID>0</AD_Org_ID>
        <Name>FACTURA CONTINGENCIA FE</Name>
        <Value>f</Value>
        <Description/>
        <IsActive>Y</IsActive>
        <VersionNo>DIAN 1.0</VersionNo>
        <MaxXMLRecords>0</MaxXMLRecords>
        <URL_XSD/>
        <LCO_FE_DocType_ID reference="uuid" reference-key="LCO_FE_DocType">df9b289e-8d50-42de-8c8e-8a659f9f0b88</LCO_FE_DocType_ID>
        <XmlPrintLabel>fe:Invoice</XmlPrintLabel>
        <UBLVersionNo>UBL 2.0</UBLVersionNo>
        <ValidFrom>2018-11-01 00:00:00.0</ValidFrom>
        <ValidTo/>
        <LCO_FE_DIAN_Format_UU>39b06123-c26d-4d9a-8371-b37bef4e18ff</LCO_FE_DIAN_Format_UU>
        <LCO_FE_EDIType>xml</LCO_FE_EDIType>
        <LCO_FE_UuidType/>
    </LCO_FE_DIAN_Format>
    <LCO_FE_DIAN_Format type="table">
        <AD_Org_ID>0</AD_Org_ID>
        <Name>FACTURA EXPORTACIÓN FE</Name>
        <Value>f</Value>
        <Description/>
        <IsActive>Y</IsActive>
        <VersionNo>DIAN 1.0</VersionNo>
        <MaxXMLRecords>0</MaxXMLRecords>
        <URL_XSD/>
        <LCO_FE_DocType_ID reference="uuid" reference-key="LCO_FE_DocType">17b5e1d3-26a9-4194-82be-646bb4543c7a</LCO_FE_DocType_ID>
        <XmlPrintLabel>fe:Invoice</XmlPrintLabel>
        <UBLVersionNo>UBL 2.0</UBLVersionNo>
        <ValidFrom>2018-11-01 00:00:00.0</ValidFrom>
        <ValidTo/>
        <LCO_FE_DIAN_Format_UU>d68cfbc4-bc71-4438-aff4-23b9a1b3c6e2</LCO_FE_DIAN_Format_UU>
        <LCO_FE_EDIType>xml</LCO_FE_EDIType>
        <LCO_FE_UuidType/>
    </LCO_FE_DIAN_Format>
    <LCO_FE_DIAN_Format type="table">
        <AD_Org_ID>0</AD_Org_ID>
        <Name>FACTURA DE VENTA FE</Name>
        <Value>f</Value>
        <Description/>
        <IsActive>Y</IsActive>
        <VersionNo>DIAN 1.0</VersionNo>
        <MaxXMLRecords>0</MaxXMLRecords>
        <URL_XSD/>
        <LCO_FE_DocType_ID reference="uuid" reference-key="LCO_FE_DocType">d65e2d07-1c09-4619-8140-98be9a368ae5</LCO_FE_DocType_ID>
        <XmlPrintLabel>fe:Invoice</XmlPrintLabel>
        <UBLVersionNo>UBL 2.0</UBLVersionNo>
        <ValidFrom>2018-11-01 00:00:00.0</ValidFrom>
        <ValidTo/>
        <LCO_FE_DIAN_Format_UU>6dab1af4-0344-4fe3-bad0-f4e6e83bdebb</LCO_FE_DIAN_Format_UU>
        <LCO_FE_EDIType>xml</LCO_FE_EDIType>
        <LCO_FE_UuidType/>
    </LCO_FE_DIAN_Format>
    <LCO_FE_DIAN_Format type="table">
        <AD_Org_ID>0</AD_Org_ID>
        <Name>FACTURA DE VENTA FE 2.1</Name>
        <Value>f</Value>
        <Description/>
        <IsActive>Y</IsActive>
        <VersionNo>DIAN 2.1</VersionNo>
        <MaxXMLRecords>0</MaxXMLRecords>
        <URL_XSD/>
        <LCO_FE_DocType_ID reference="uuid" reference-key="LCO_FE_DocType">5fa706f5-dc44-480c-af77-a57eb56b9b0c</LCO_FE_DocType_ID>
        <XmlPrintLabel>Invoice</XmlPrintLabel>
        <UBLVersionNo>UBL 2.1</UBLVersionNo>
        <ValidFrom>2019-06-01 00:00:00.0</ValidFrom>
        <ValidTo/>
        <LCO_FE_DIAN_Format_UU>b420a42d-33b9-4ad5-b1d7-bce36ab2839e</LCO_FE_DIAN_Format_UU>
        <LCO_FE_EDIType>xml</LCO_FE_EDIType>
        <LCO_FE_UuidType>CUFE-SHA384</LCO_FE_UuidType>
    </LCO_FE_DIAN_Format>
</idempiere>
