<?xml version="1.0" encoding="UTF-8"?>
<document xmlns="http://maven.apache.org/XDOC/2.0"
  xmlns:xsi="http://www.w3.org/2001/XMLSchema-instance"
  xsi:schemaLocation="http://maven.apache.org/XDOC/2.0 http://maven.apache.org/xsd/xdoc-2.0.xsd">

  <properties>
    <title>Atribuciones a terceros</title>
    <author>Ministerio de Industria, Energía y Turismo</author>
  </properties>

  <body>

    <section name="Atribuciones a terceros">
  
      <p>
		Este producto incluye software de terceros desarrollado bajo diferentes licencias.
		Puede encontrar los componentes de terceros así como las referencias a las diferentes licencias en el fichero LICENSE.txt de cada distribución.
	  </p>
    </section>
    
  </body>
</document>
    
    