<?xml version="1.0" encoding="UTF-8"?><idempiere Name="AD_User" Version="1.0.0" idempiereVersion="5.1.0.qualifier" DataBaseVersion="2017-10-31" Description="" Author="SuperUser" AuthorEmail="superuser @ idempiere.com" CreatedDate="Tue Dec 04 15:11:43 COT 2018" UpdatedDate="Tue Dec 04 15:11:43 COT 2018" PackOutVersion="100" UpdateDictionary="true" Client="11-GardenWorld-GardenWorld" AD_Client_UU="3268b9a8-10d8-466d-96e5-aa01166408fa">
    <AD_User type="table">
        <AD_Org_ID>0</AD_Org_ID>
        <Name>Pepe Perez</Name>
        <Description/>
        <Password/>
        <IsActive>Y</IsActive>
        <EMail/>
        <Supervisor_ID reference="id"/>
        <C_BPartner_ID reference="id">121</C_BPartner_ID>
        <Processing>N</Processing>
        <EMailUser/>
        <EMailUserPW/>
        <C_Greeting_ID reference="id"/>
        <Phone2/>
        <Birthday/>
        <C_BPartner_Location_ID reference="id"/>
        <Phone/>
        <Fax/>
        <LastResult/>
        <LastContact/>
        <Title/>
        <Comments/>
        <AD_OrgTrx_ID reference="id"/>
        <EMailVerify/>
        <LDAPUser/>
        <EMailVerifyDate/>
        <NotificationType>E</NotificationType>
        <IsFullBPAccess>Y</IsFullBPAccess>
        <C_Job_ID reference="id">102</C_Job_ID>
        <Value>pperez</Value>
        <UserPIN/>
        <IsInPayroll>N</IsInPayroll>
        <AD_User_UU>84a64d29-4ed7-4448-8bd2-5c94860e67fb</AD_User_UU>
        <Salt/>
        <IsSalesLead>N</IsSalesLead>
        <C_Location_ID reference="id"/>
        <LeadSource/>
        <LeadStatus/>
        <LeadSourceDescription/>
        <LeadStatusDescription/>
        <C_Campaign_ID reference="id"/>
        <SalesRep_ID reference="id"/>
        <BPName/>
        <BP_Location_ID reference="id"/>
        <IsMenuAutoExpand/>
        <IsLocked>N</IsLocked>
        <DateAccountLocked/>
        <FailedLoginCount>0</FailedLoginCount>
        <DatePasswordChanged/>
        <DateLastLogin/>
        <IsNoPasswordReset>N</IsNoPasswordReset>
        <IsExpired>N</IsExpired>
        <SecurityQuestion/>
        <Answer/>
        <IsAddMailTextAutomatically>N</IsAddMailTextAutomatically>
        <R_DefaultMailText_ID reference="id"/>
        <AD_Image_ID/>
        <LCO_FE_ContactType_ID reference="uuid" reference-key="LCO_FE_ContactType">69712186-cbe7-488c-a25d-81188697ea38</LCO_FE_ContactType_ID>
    </AD_User>
    <AD_User type="table">
        <AD_Org_ID>0</AD_Org_ID>
        <AD_User_ID>101</AD_User_ID>
        <Name>GardenAdmin</Name>
        <Description>GardenAdmin</Description>
        <IsActive>Y</IsActive>
        <EMail>admin @ gardenworld.com</EMail>
        <Supervisor_ID reference="id"/>
        <C_BPartner_ID reference="id">113</C_BPartner_ID>
        <Processing/>
        <EMailUser/>
        <EMailUserPW/>
        <C_Greeting_ID reference="id"/>
        <Phone2/>
        <Birthday/>
        <C_BPartner_Location_ID reference="id"/>
        <Phone/>
        <Fax/>
        <LastResult/>
        <LastContact/>
        <Title/>
        <Comments/>
        <AD_OrgTrx_ID reference="id"/>
        <EMailVerify/>
        <LDAPUser/>
        <EMailVerifyDate/>
        <NotificationType>E</NotificationType>
        <IsFullBPAccess>Y</IsFullBPAccess>
        <C_Job_ID reference="id">100</C_Job_ID>
        <Value>gardenad</Value>
        <UserPIN>1234</UserPIN>
        <IsInPayroll>N</IsInPayroll>
        <AD_User_UU>d4a5259d-edbb-4c28-a7b4-6ffb5ff69442</AD_User_UU>
        <Salt/>
        <IsSalesLead>N</IsSalesLead>
        <C_Location_ID reference="id"/>
        <LeadSource/>
        <LeadStatus/>
        <LeadSourceDescription/>
        <LeadStatusDescription/>
        <C_Campaign_ID reference="id"/>
        <SalesRep_ID reference="id"/>
        <BPName/>
        <BP_Location_ID reference="id"/>
        <IsMenuAutoExpand/>
        <IsLocked>N</IsLocked>
        <DateAccountLocked/>
        <FailedLoginCount>0</FailedLoginCount>
        <DatePasswordChanged/>
        <DateLastLogin>2014-03-05 21:58:04.471</DateLastLogin>
        <IsNoPasswordReset>N</IsNoPasswordReset>
        <IsExpired>N</IsExpired>
        <SecurityQuestion/>
        <Answer/>
        <IsAddMailTextAutomatically>N</IsAddMailTextAutomatically>
        <R_DefaultMailText_ID reference="id"/>
        <AD_Image_ID/>
        <LCO_FE_ContactType_ID reference="uuid" reference-key="LCO_FE_ContactType">69712186-cbe7-488c-a25d-81188697ea38</LCO_FE_ContactType_ID>
    </AD_User>
    <AD_User type="table">
        <AD_Org_ID>0</AD_Org_ID>
        <AD_User_ID>104</AD_User_ID>
        <Name>Carl Boss</Name>
        <Description/>
        <Password/>
        <IsActive>Y</IsActive>
        <EMail>dummy@mail.com</EMail>
        <Supervisor_ID reference="id"/>
        <C_BPartner_ID reference="id">117</C_BPartner_ID>
        <Processing/>
        <EMailUser/>
        <EMailUserPW/>
        <C_Greeting_ID reference="id">100</C_Greeting_ID>
        <Phone2/>
        <Birthday/>
        <C_BPartner_Location_ID reference="id"/>
        <Phone/>
        <Fax/>
        <LastResult>Factura: 200003</LastResult>
        <LastContact>2014-03-05 00:00:00.0</LastContact>
        <Title>Manager</Title>
        <Comments/>
        <AD_OrgTrx_ID reference="id"/>
        <EMailVerify/>
        <LDAPUser/>
        <EMailVerifyDate/>
        <NotificationType>E</NotificationType>
        <IsFullBPAccess>Y</IsFullBPAccess>
        <C_Job_ID reference="id">102</C_Job_ID>
        <Value>carlboss</Value>
        <UserPIN/>
        <IsInPayroll>N</IsInPayroll>
        <AD_User_UU>afcfce23-2862-411e-bceb-7b7ae2b5e07a</AD_User_UU>
        <Salt/>
        <IsSalesLead>N</IsSalesLead>
        <C_Location_ID reference="id"/>
        <LeadSource/>
        <LeadStatus/>
        <LeadSourceDescription/>
        <LeadStatusDescription/>
        <C_Campaign_ID reference="id"/>
        <SalesRep_ID reference="id"/>
        <BPName/>
        <BP_Location_ID reference="id"/>
        <IsMenuAutoExpand/>
        <IsLocked>N</IsLocked>
        <DateAccountLocked/>
        <FailedLoginCount>0</FailedLoginCount>
        <DatePasswordChanged/>
        <DateLastLogin/>
        <IsNoPasswordReset>N</IsNoPasswordReset>
        <IsExpired>N</IsExpired>
        <SecurityQuestion/>
        <Answer/>
        <IsAddMailTextAutomatically>N</IsAddMailTextAutomatically>
        <R_DefaultMailText_ID reference="id"/>
        <AD_Image_ID/>
        <LCO_FE_ContactType_ID reference="uuid" reference-key="LCO_FE_ContactType">69712186-cbe7-488c-a25d-81188697ea38</LCO_FE_ContactType_ID>
    </AD_User>
</idempiere>
