<?xml version="1.0" encoding="UTF-8"?><idempiere Name="R_MailText" Version="1.0.0" idempiereVersion="DCI ERP" DataBaseVersion="2019-01-06" Description="" Author="SuperUser" AuthorEmail="superuser @ dcierp.com" CreatedDate="Thu Jan 23 11:45:44 COT 2020" UpdatedDate="Thu Jan 23 11:45:44 COT 2020" PackOutVersion="100" UpdateDictionary="true" Client="1000000-QSS-PRUEBAS DEV QSS" AD_Client_UU="a164a2e6-9416-40e7-9223-bbea2e0f1862">
    <R_MailText type="table">
        <AD_Org_ID>0</AD_Org_ID>
        <IsActive>Y</IsActive>
        <Name>Electronic Billing</Name>
        <IsHtml>Y</IsHtml>
        <MailHeader>Electronic Billing</MailHeader>
        <MailText>1.dat|string</MailText>
        <MailText2/>
        <MailText3/>
        <R_MailText_UU>385658d4-e155-458b-824f-0499c379fd99</R_MailText_UU>
        <R_MailText_Trl type="translation">
            <MailHeader>Facturación Electrónica</MailHeader>
            <MailText2/>
            <MailText3/>
            <Name>Facturación Electrónica</Name>
            <MailText>&lt;p&gt;Estimado(a) Cliente:&lt;/p&gt;
&lt;p&gt;@#C_BPartner_Name@&lt;/p&gt;
&lt;p&gt;Queremos notificarle que hemos emitido su factura electr&amp;oacute;nica No. @DocumentNo@&lt;/p&gt;
&lt;p&gt;(Ver Representaci&amp;oacute;n Gr&amp;aacute;fica adjunta en PDF)&lt;/p&gt;
&lt;p&gt;Cualquier inquietud, puede enviarla al correo electr&amp;oacute;nico info&amp;#64globalqss.com.&lt;/p&gt;
&lt;p&gt;Cordialmente,&lt;/p&gt;

&lt;p&gt;@#AD_Client_Name@&lt;/p&gt;</MailText>
            <AD_Language>es_CO</AD_Language>
            <IsActive>Y</IsActive>
            <IsTranslated>Y</IsTranslated>
        </R_MailText_Trl>
        <R_MailText_Trl type="translation">
            <MailHeader>Electronic Billing</MailHeader>
            <MailText2/>
            <MailText3/>
            <Name>Electronic Billing</Name>
            <MailText>&lt;p&gt;Estimados Se&amp;ntilde;ores,&lt;/p&gt;
&lt;p&gt;Nos permitimos comunicarles que @#AD_Client_Name@ hace parte de las empresas obligadas a facturar electr&amp;oacute;nicamente a partir del 1 de septiembre de 2018, seg&amp;uacute;n lo dispuesto en la Resoluci&amp;oacute;n 0010 del 6 de febrero de 2018 de la Direcci&amp;oacute;n de Impuestos y Aduanas Nacionales (DIAN). Para dar cumplimiento a la Resoluci&amp;oacute;n, @#AD_Client_Name@ emitir&amp;aacute; y recibir&amp;aacute; sus facturas electr&amp;oacute;nicas &amp;uacute;nicamente a trav&amp;eacute;s de nuestro proveedor tecnol&amp;oacute;gico QSS Ltda.&lt;/p&gt; 
&lt;p&gt;Por favor encuentre en el adjunto la (s) factura (s) que expide la DIAN y los soportes nuestros, este &amp;uacute;ltimo es un Anexo que contiene todos los datos y conceptos completos y es realizado por @#AD_Client_Name@ para mayor referencia y claridad de nuestros clientes.&lt;/p&gt;
&lt;p&gt;Cualquier inquietud, puede enviarla al correo electr&amp;oacute;nico info&amp;#64globalqss.com.&lt;/p&gt;
&lt;p&gt;Reciba un cordial saludo y buen d&amp;iacute;a.&lt;/p&gt;</MailText>
            <AD_Language>de_DE</AD_Language>
            <IsActive>Y</IsActive>
            <IsTranslated>N</IsTranslated>
        </R_MailText_Trl>
    </R_MailText>
</idempiere>
