<?xml version="1.0" encoding="UTF-8"?><idempiere Name="C_TaxCategory" Version="1.0.0" idempiereVersion="5.1.0.qualifier" DataBaseVersion="2017-10-31" Description="" Author="SuperUser" AuthorEmail="superuser @ idempiere.com" CreatedDate="Tue Dec 04 15:17:39 COT 2018" UpdatedDate="Tue Dec 04 15:17:39 COT 2018" PackOutVersion="100" UpdateDictionary="true" Client="11-GardenWorld-GardenWorld" AD_Client_UU="3268b9a8-10d8-466d-96e5-aa01166408fa">
    <C_TaxCategory type="table">
        <AD_Org_ID>0</AD_Org_ID>
        <C_TaxCategory_ID>107</C_TaxCategory_ID>
        <IsActive>Y</IsActive>
        <Name>Standard</Name>
        <Description/>
        <CommodityCode/>
        <IsDefault>Y</IsDefault>
        <C_TaxCategory_UU>90aaa4de-67dd-4d5b-9142-efb6b783053d</C_TaxCategory_UU>
        <IsWithholding>N</IsWithholding>
        <LCO_FE_DianTaxCategoryCode>02</LCO_FE_DianTaxCategoryCode>
        <C_TaxCategory_Trl type="translation">
            <Description/>
            <Name>Estándar</Name>
            <AD_Language>es_CO</AD_Language>
            <IsActive>Y</IsActive>
            <IsTranslated>Y</IsTranslated>
        </C_TaxCategory_Trl>
    </C_TaxCategory>
</idempiere>
