<?xml version="1.0" encoding="UTF-8"?><idempiere Name="LCO_FE_DocType" Version="1.0.0" idempiereVersion="5.1.0.qualifier" DataBaseVersion="2017-10-31" Description="" Author="SuperUser" AuthorEmail="superuser @ idempiere.com" CreatedDate="Fri Nov 30 12:25:53 COT 2018" UpdatedDate="Fri Nov 30 12:25:53 COT 2018" PackOutVersion="100" UpdateDictionary="true" Client="11-GardenWorld-GardenWorld" AD_Client_UU="3268b9a8-10d8-466d-96e5-aa01166408fa">
    <LCO_FE_DocType type="table">
        <AD_Org_ID>0</AD_Org_ID>
        <IsActive>Y</IsActive>
        <Value>FC</Value>
        <Name>FACTURA CONTINGENCIA</Name>
        <DianDocTypeCode>3</DianDocTypeCode>
        <DianShortDocType>INVOIC</DianShortDocType>
        <LCO_FE_DocType_UU>df9b289e-8d50-42de-8c8e-8a659f9f0b88</LCO_FE_DocType_UU>
        <PtfePrintForm/>
    </LCO_FE_DocType>
    <LCO_FE_DocType type="table">
        <AD_Org_ID>0</AD_Org_ID>
        <IsActive>Y</IsActive>
        <Value>FE</Value>
        <Name>FACTURA DE EXPORTACIÓN</Name>
        <DianDocTypeCode>2</DianDocTypeCode>
        <DianShortDocType>INVOIC</DianShortDocType>
        <LCO_FE_DocType_UU>17b5e1d3-26a9-4194-82be-646bb4543c7a</LCO_FE_DocType_UU>
        <PtfePrintForm/>
    </LCO_FE_DocType>
    <LCO_FE_DocType type="table">
        <AD_Org_ID>0</AD_Org_ID>
        <IsActive>Y</IsActive>
        <Value>FV</Value>
        <Name>FACTURA DE VENTA FE</Name>
        <DianDocTypeCode>1</DianDocTypeCode>
        <DianShortDocType>INVOIC</DianShortDocType>
        <LCO_FE_DocType_UU>d65e2d07-1c09-4619-8140-98be9a368ae5</LCO_FE_DocType_UU>
        <PtfePrintForm/>
    </LCO_FE_DocType>
    <LCO_FE_DocType type="table">
        <AD_Org_ID>0</AD_Org_ID>
        <IsActive>Y</IsActive>
        <Value>NC</Value>
        <Name>NOTA CREDITO FE</Name>
        <DianDocTypeCode>9</DianDocTypeCode>
        <DianShortDocType>NC</DianShortDocType>
        <LCO_FE_DocType_UU>6d0f7a67-b7a3-453f-8923-5ec987a36c72</LCO_FE_DocType_UU>
        <PtfePrintForm/>
    </LCO_FE_DocType>
</idempiere>
