<?xml version="1.0" encoding="UTF-8"?><idempiere Name="LCO_FE_OperationType" Version="1.0.0" idempiereVersion="DCI ERP" DataBaseVersion="2019-11-22" Description="" Author="SuperUser" AuthorEmail="superuser @ dcierp.com" CreatedDate="Mon Feb 03 18:41:06 CET 2020" UpdatedDate="Mon Feb 03 18:41:06 CET 2020" PackOutVersion="100" UpdateDictionary="true" Client="1000000-QSS-PRUEBAS DEV QSS" AD_Client_UU="a164a2e6-9416-40e7-9223-bbea2e0f1862">
    <LCO_FE_OperationType type="table">
        <AD_Org_ID>0</AD_Org_ID>
        <IsActive>Y</IsActive>
        <Value>01</Value>
        <Name>Combustibles</Name>
        <LCO_FE_OperationType_UU>eceac4c2-3417-4302-b949-d23ea77c7138</LCO_FE_OperationType_UU>
    </LCO_FE_OperationType>
    <LCO_FE_OperationType type="table">
        <AD_Org_ID>0</AD_Org_ID>
        <IsActive>Y</IsActive>
        <Value>02</Value>
        <Name>Emisor es Autorretenedor</Name>
        <LCO_FE_OperationType_UU>703d9618-855e-479c-baa5-55e2b4b05cc7</LCO_FE_OperationType_UU>
    </LCO_FE_OperationType>
    <LCO_FE_OperationType type="table">
        <AD_Org_ID>0</AD_Org_ID>
        <IsActive>Y</IsActive>
        <Value>03</Value>
        <Name>Excluidos y Exentos</Name>
        <LCO_FE_OperationType_UU>a0055d60-204d-4878-800d-b05ff0fe551a</LCO_FE_OperationType_UU>
    </LCO_FE_OperationType>
    <LCO_FE_OperationType type="table">
        <AD_Org_ID>0</AD_Org_ID>
        <IsActive>Y</IsActive>
        <Value>04</Value>
        <Name>Exportacion</Name>
        <LCO_FE_OperationType_UU>c901e2dc-3f62-4035-9ddc-65e0260b08d8</LCO_FE_OperationType_UU>
    </LCO_FE_OperationType>
    <LCO_FE_OperationType type="table">
        <AD_Org_ID>0</AD_Org_ID>
        <IsActive>Y</IsActive>
        <Value>05</Value>
        <Name>Generica</Name>
        <LCO_FE_OperationType_UU>c41ad35a-0b60-400a-a844-fed5aef9b0ca</LCO_FE_OperationType_UU>
    </LCO_FE_OperationType>
    <LCO_FE_OperationType type="table">
        <AD_Org_ID>0</AD_Org_ID>
        <IsActive>Y</IsActive>
        <Value>06</Value>
        <Name>Generica con pago anticipado</Name>
        <LCO_FE_OperationType_UU>b81b9f28-42c2-427f-898b-926fc0bbf78f</LCO_FE_OperationType_UU>
    </LCO_FE_OperationType>
    <LCO_FE_OperationType type="table">
        <AD_Org_ID>0</AD_Org_ID>
        <IsActive>Y</IsActive>
        <Value>07</Value>
        <Name>Generica con periodo de facturacion</Name>
        <LCO_FE_OperationType_UU>ba9ce3a5-ccaa-4ffe-a9f3-c09c76388bfb</LCO_FE_OperationType_UU>
    </LCO_FE_OperationType>
    <LCO_FE_OperationType type="table">
        <AD_Org_ID>0</AD_Org_ID>
        <IsActive>Y</IsActive>
        <Value>08</Value>
        <Name>Consorcio</Name>
        <LCO_FE_OperationType_UU>8af1e8b6-1c04-42e6-8130-d14efa1fcefd</LCO_FE_OperationType_UU>
    </LCO_FE_OperationType>
    <LCO_FE_OperationType type="table">
        <AD_Org_ID>0</AD_Org_ID>
        <IsActive>Y</IsActive>
        <Value>09</Value>
        <Name>Servicios AIU</Name>
        <LCO_FE_OperationType_UU>92057858-58a4-4761-b0cc-1f02810aa51a</LCO_FE_OperationType_UU>
    </LCO_FE_OperationType>
    <LCO_FE_OperationType type="table">
        <AD_Org_ID>0</AD_Org_ID>
        <IsActive>Y</IsActive>
        <Value>10</Value>
        <Name>Estandar</Name>
        <LCO_FE_OperationType_UU>fb172c7a-f063-4b2d-b871-9cee7c5ed819</LCO_FE_OperationType_UU>
    </LCO_FE_OperationType>
    <LCO_FE_OperationType type="table">
        <AD_Org_ID>0</AD_Org_ID>
        <IsActive>Y</IsActive>
        <Value>11</Value>
        <Name>Mandatos bienes</Name>
        <LCO_FE_OperationType_UU>7c9a884f-c04c-4821-a319-098539fc50ae</LCO_FE_OperationType_UU>
    </LCO_FE_OperationType>
    <LCO_FE_OperationType type="table">
        <AD_Org_ID>0</AD_Org_ID>
        <IsActive>Y</IsActive>
        <Value>12</Value>
        <Name>Mandatos Servicios</Name>
        <LCO_FE_OperationType_UU>419ea782-a3dc-4a1b-b447-ef0634b9b748</LCO_FE_OperationType_UU>
    </LCO_FE_OperationType>
</idempiere>
