<?xml version="1.0" encoding="UTF-8"?><idempiere Name="LCO_FE_ProductScheme" Version="1.0.0" idempiereVersion="DCI ERP" DataBaseVersion="2019-11-22" Description="" Author="SuperUser" AuthorEmail="superuser @ dcierp.com" CreatedDate="Mon Feb 03 18:41:32 CET 2020" UpdatedDate="Mon Feb 03 18:41:32 CET 2020" PackOutVersion="100" UpdateDictionary="true" Client="1000000-QSS-PRUEBAS DEV QSS" AD_Client_UU="a164a2e6-9416-40e7-9223-bbea2e0f1862">
    <LCO_FE_ProductScheme type="table">
        <AD_Org_ID>0</AD_Org_ID>
        <IsActive>Y</IsActive>
        <Value>001</Value>
        <Name>UNSPSC</Name>
        <Description>Colombia Compra Eficiente</Description>
        <IdAgency>10</IdAgency>
        <IsDefault>Y</IsDefault>
        <LCO_FE_ProductScheme_UU>ae42d8e9-1eb4-4312-bac3-88acfcc771ec</LCO_FE_ProductScheme_UU>
        <LCO_FE_ProductSchemeList type="table">
            <AD_Org_ID>0</AD_Org_ID>
            <LCO_FE_ProductScheme_ID reference="uuid" reference-key="LCO_FE_ProductScheme">ae42d8e9-1eb4-4312-bac3-88acfcc771ec</LCO_FE_ProductScheme_ID>
            <IsActive>Y</IsActive>
            <Value>72000000-5</Value>
            <Name>Servicios TI: consultoría, desarrollo de software, Internet y apoyo</Name>
            <LCO_FE_ProductSchemeList_UU>980015f6-819d-4bba-afe2-978ce82021f2</LCO_FE_ProductSchemeList_UU>
        </LCO_FE_ProductSchemeList>
        <LCO_FE_ProductSchemeList type="table">
            <AD_Org_ID>0</AD_Org_ID>
            <LCO_FE_ProductScheme_ID reference="uuid" reference-key="LCO_FE_ProductScheme">ae42d8e9-1eb4-4312-bac3-88acfcc771ec</LCO_FE_ProductScheme_ID>
            <IsActive>Y</IsActive>
            <Value>72100000-6</Value>
            <Name>Servicios de consultoría en equipo informático</Name>
            <LCO_FE_ProductSchemeList_UU>1933550b-ba91-45d2-8dfb-013093921d44</LCO_FE_ProductSchemeList_UU>
        </LCO_FE_ProductSchemeList>
        <LCO_FE_ProductSchemeList type="table">
            <AD_Org_ID>0</AD_Org_ID>
            <LCO_FE_ProductScheme_ID reference="uuid" reference-key="LCO_FE_ProductScheme">ae42d8e9-1eb4-4312-bac3-88acfcc771ec</LCO_FE_ProductScheme_ID>
            <IsActive>Y</IsActive>
            <Value>72110000-9</Value>
            <Name>Servicios de consultoría en la selección del equipo informático</Name>
            <LCO_FE_ProductSchemeList_UU>bdeeed7e-13aa-4008-8843-b34978f95c53</LCO_FE_ProductSchemeList_UU>
        </LCO_FE_ProductSchemeList>
        <LCO_FE_ProductSchemeList type="table">
            <AD_Org_ID>0</AD_Org_ID>
            <LCO_FE_ProductScheme_ID reference="uuid" reference-key="LCO_FE_ProductScheme">ae42d8e9-1eb4-4312-bac3-88acfcc771ec</LCO_FE_ProductScheme_ID>
            <IsActive>Y</IsActive>
            <Value>72120000-2</Value>
            <Name>Servicios de consultoría en recuperación de equipo informático en caso de catástrofe</Name>
            <LCO_FE_ProductSchemeList_UU>cb0182f1-19db-41ac-818a-2fc6f86409b7</LCO_FE_ProductSchemeList_UU>
        </LCO_FE_ProductSchemeList>
        <LCO_FE_ProductSchemeList type="table">
            <AD_Org_ID>0</AD_Org_ID>
            <LCO_FE_ProductScheme_ID reference="uuid" reference-key="LCO_FE_ProductScheme">ae42d8e9-1eb4-4312-bac3-88acfcc771ec</LCO_FE_ProductScheme_ID>
            <IsActive>Y</IsActive>
            <Value>72130000-5</Value>
            <Name>Servicios de consultoría en planificación de instalaciones informáticas</Name>
            <LCO_FE_ProductSchemeList_UU>6df7254f-cfc5-42ab-9551-b29451aa88f7</LCO_FE_ProductSchemeList_UU>
        </LCO_FE_ProductSchemeList>
        <LCO_FE_ProductSchemeList type="table">
            <AD_Org_ID>0</AD_Org_ID>
            <LCO_FE_ProductScheme_ID reference="uuid" reference-key="LCO_FE_ProductScheme">ae42d8e9-1eb4-4312-bac3-88acfcc771ec</LCO_FE_ProductScheme_ID>
            <IsActive>Y</IsActive>
            <Value>72200000-7</Value>
            <Name>Servicios de programación de software y de consultoría</Name>
            <LCO_FE_ProductSchemeList_UU>3d357cb2-4eb0-413a-a44e-d8ef00170c11</LCO_FE_ProductSchemeList_UU>
        </LCO_FE_ProductSchemeList>
        <LCO_FE_ProductSchemeList type="table">
            <AD_Org_ID>0</AD_Org_ID>
            <LCO_FE_ProductScheme_ID reference="uuid" reference-key="LCO_FE_ProductScheme">ae42d8e9-1eb4-4312-bac3-88acfcc771ec</LCO_FE_ProductScheme_ID>
            <IsActive>Y</IsActive>
            <Value>72210000-0</Value>
            <Name>Servicios de programación de paquetes de software</Name>
            <LCO_FE_ProductSchemeList_UU>fd2d1016-677c-4ed5-8e85-16d4ed15cfd1</LCO_FE_ProductSchemeList_UU>
        </LCO_FE_ProductSchemeList>
        <LCO_FE_ProductSchemeList type="table">
            <AD_Org_ID>0</AD_Org_ID>
            <LCO_FE_ProductScheme_ID reference="uuid" reference-key="LCO_FE_ProductScheme">ae42d8e9-1eb4-4312-bac3-88acfcc771ec</LCO_FE_ProductScheme_ID>
            <IsActive>Y</IsActive>
            <Value>72211000-7</Value>
            <Name>Servicios de programación de sistemas y software de usuario</Name>
            <LCO_FE_ProductSchemeList_UU>31a757ca-d0b2-4bb0-a3bd-e7e9c3e015f9</LCO_FE_ProductSchemeList_UU>
        </LCO_FE_ProductSchemeList>
        <LCO_FE_ProductSchemeList type="table">
            <AD_Org_ID>0</AD_Org_ID>
            <LCO_FE_ProductScheme_ID reference="uuid" reference-key="LCO_FE_ProductScheme">ae42d8e9-1eb4-4312-bac3-88acfcc771ec</LCO_FE_ProductScheme_ID>
            <IsActive>Y</IsActive>
            <Value>72140000-8</Value>
            <Name>Servicios de consultoría en pruebas de aceptación de equipo informático</Name>
            <LCO_FE_ProductSchemeList_UU>305cc962-84a9-4ca0-9aa5-fee0a7b81c0f</LCO_FE_ProductSchemeList_UU>
        </LCO_FE_ProductSchemeList>
        <LCO_FE_ProductSchemeList type="table">
            <AD_Org_ID>0</AD_Org_ID>
            <LCO_FE_ProductScheme_ID reference="uuid" reference-key="LCO_FE_ProductScheme">ae42d8e9-1eb4-4312-bac3-88acfcc771ec</LCO_FE_ProductScheme_ID>
            <IsActive>Y</IsActive>
            <Value>72150000-1</Value>
            <Name>Servicios de consultoría en auditoría informática y en equipo informático</Name>
            <LCO_FE_ProductSchemeList_UU>07c904fc-1059-4525-87cf-787ff6c8dcf2</LCO_FE_ProductSchemeList_UU>
        </LCO_FE_ProductSchemeList>
        <LCO_FE_ProductSchemeList type="table">
            <AD_Org_ID>0</AD_Org_ID>
            <LCO_FE_ProductScheme_ID reference="uuid" reference-key="LCO_FE_ProductScheme">ae42d8e9-1eb4-4312-bac3-88acfcc771ec</LCO_FE_ProductScheme_ID>
            <IsActive>Y</IsActive>
            <Value>72212000-4</Value>
            <Name>Servicios de programación de software de aplicación</Name>
            <LCO_FE_ProductSchemeList_UU>63fd4e52-4925-4c6c-97b8-213e9bdbd3f4</LCO_FE_ProductSchemeList_UU>
        </LCO_FE_ProductSchemeList>
        <LCO_FE_ProductSchemeList type="table">
            <AD_Org_ID>0</AD_Org_ID>
            <LCO_FE_ProductScheme_ID reference="uuid" reference-key="LCO_FE_ProductScheme">ae42d8e9-1eb4-4312-bac3-88acfcc771ec</LCO_FE_ProductScheme_ID>
            <IsActive>Y</IsActive>
            <Value>72212100-0</Value>
            <Name>Servicios de desarrollo de software específico de un sector económico</Name>
            <LCO_FE_ProductSchemeList_UU>707f4a22-650c-4fb5-9512-fc3254a35fdf</LCO_FE_ProductSchemeList_UU>
        </LCO_FE_ProductSchemeList>
    </LCO_FE_ProductScheme>
    <LCO_FE_ProductScheme type="table">
        <AD_Org_ID>0</AD_Org_ID>
        <IsActive>Y</IsActive>
        <Value>010</Value>
        <Name>GTIN</Name>
        <Description>Números Globales de Identificación de Producto</Description>
        <IdAgency>9</IdAgency>
        <IsDefault>N</IsDefault>
        <LCO_FE_ProductScheme_UU>2f6bf05f-0861-49c8-82c9-e53e08f767e1</LCO_FE_ProductScheme_UU>
    </LCO_FE_ProductScheme>
    <LCO_FE_ProductScheme type="table">
        <AD_Org_ID>0</AD_Org_ID>
        <IsActive>Y</IsActive>
        <Value>020</Value>
        <Name>Partida Arancelaria</Name>
        <Description>Partidas Arancelarias</Description>
        <IdAgency>195</IdAgency>
        <IsDefault>N</IsDefault>
        <LCO_FE_ProductScheme_UU>b223efac-b43d-4133-8765-d3f0b8b0b488</LCO_FE_ProductScheme_UU>
    </LCO_FE_ProductScheme>
    <LCO_FE_ProductScheme type="table">
        <AD_Org_ID>0</AD_Org_ID>
        <IsActive>Y</IsActive>
        <Value>999</Value>
        <Name>Estándar de adopción del contribuyente</Name>
        <Description>Estándar de adopción del contribuyente</Description>
        <IdAgency/>
        <IsDefault>N</IsDefault>
        <LCO_FE_ProductScheme_UU>531e3ba4-de27-4df4-964e-c49aa8f9bfd1</LCO_FE_ProductScheme_UU>
    </LCO_FE_ProductScheme>
</idempiere>
