<?xml version="1.0" encoding="UTF-8"?>
<adempiereAD Name="FestivosColombia" Version="1.0" CompVer="all" DataBase="2007-04-01" Description="Registrar festivos de Colombia en Adempiere.  Se debe modificar este archivo para cambiar el nombre de la empresa a cargar, y el nombre del calendario correspondiente" creator="Quality Systems &amp; Solutions - Carlos Ruiz" creatorcontact="info@globalqss.com" createddate="2007-04-23" updateddate="2007-04-23" PackOutVer="005">
	<adempieredata clientname="GardenWorld">
		<SQLStatement DBType="ALL" statement="UPDATE ad_column SET isupdateable = 'Y' WHERE ad_column_id IN (827, 836)"/>
		<dtable name="C_NonBusinessDay">
			<drow name="2006 - Año Nuevo">
				<dcolumn name="Date1" class="Date" value="2006-01-01 00:00:00.00"/>
				<dcolumn name="C_Calendar_ID" lookupname="GardenWorld Calendar"/>
			</drow>
			<drow name="2006 - Epifanía - Reyes Magos">
				<dcolumn name="Date1" class="Date" value="2006-01-09 00:00:00.00"/>
				<dcolumn name="C_Calendar_ID" lookupname="GardenWorld Calendar"/>
			</drow>
			<drow name="2006 - San José">
				<dcolumn name="Date1" class="Date" value="2006-03-20 00:00:00.00"/>
				<dcolumn name="C_Calendar_ID" lookupname="GardenWorld Calendar"/>
			</drow>
			<drow name="2006 - Jueves Santo">
				<dcolumn name="Date1" class="Date" value="2006-04-13 00:00:00.00"/>
				<dcolumn name="C_Calendar_ID" lookupname="GardenWorld Calendar"/>
			</drow>
			<drow name="2006 - Viernes Santo">
				<dcolumn name="Date1" class="Date" value="2006-04-14 00:00:00.00"/>
				<dcolumn name="C_Calendar_ID" lookupname="GardenWorld Calendar"/>
			</drow>
			<drow name="2006 - Fiesta del Trabajo">
				<dcolumn name="Date1" class="Date" value="2006-05-01 00:00:00.00"/>
				<dcolumn name="C_Calendar_ID" lookupname="GardenWorld Calendar"/>
			</drow>
			<drow name="2006 - Ascensión">
				<dcolumn name="Date1" class="Date" value="2006-05-29 00:00:00.00"/>
				<dcolumn name="C_Calendar_ID" lookupname="GardenWorld Calendar"/>
			</drow>
			<drow name="2006 - Día del Corpus">
				<dcolumn name="Date1" class="Date" value="2006-06-19 00:00:00.00"/>
				<dcolumn name="C_Calendar_ID" lookupname="GardenWorld Calendar"/>
			</drow>
			<drow name="2006 - Sagrado Corazón">
				<dcolumn name="Date1" class="Date" value="2006-06-26 00:00:00.00"/>
				<dcolumn name="C_Calendar_ID" lookupname="GardenWorld Calendar"/>
			</drow>
			<drow name="2006 - San Pedro y San Pablo">
				<dcolumn name="Date1" class="Date" value="2006-07-03 00:00:00.00"/>
				<dcolumn name="C_Calendar_ID" lookupname="GardenWorld Calendar"/>
			</drow>
			<drow name="2006 - Día de la independencia">
				<dcolumn name="Date1" class="Date" value="2006-07-20 00:00:00.00"/>
				<dcolumn name="C_Calendar_ID" lookupname="GardenWorld Calendar"/>
			</drow>
			<drow name="2006 - Batalla de Boyacá">
				<dcolumn name="Date1" class="Date" value="2006-08-07 00:00:00.00"/>
				<dcolumn name="C_Calendar_ID" lookupname="GardenWorld Calendar"/>
			</drow>
			<drow name="2006 - Asunción">
				<dcolumn name="Date1" class="Date" value="2006-08-21 00:00:00.00"/>
				<dcolumn name="C_Calendar_ID" lookupname="GardenWorld Calendar"/>
			</drow>
			<drow name="2006 - Día de la raza">
				<dcolumn name="Date1" class="Date" value="2006-10-16 00:00:00.00"/>
				<dcolumn name="C_Calendar_ID" lookupname="GardenWorld Calendar"/>
			</drow>
			<drow name="2006 - Todos los santos">
				<dcolumn name="Date1" class="Date" value="2006-11-06 00:00:00.00"/>
				<dcolumn name="C_Calendar_ID" lookupname="GardenWorld Calendar"/>
			</drow>
			<drow name="2006 - Independencia de Cartagena">
				<dcolumn name="Date1" class="Date" value="2006-11-13 00:00:00.00"/>
				<dcolumn name="C_Calendar_ID" lookupname="GardenWorld Calendar"/>
			</drow>
			<drow name="2006 - La Inmaculada">
				<dcolumn name="Date1" class="Date" value="2006-12-08 00:00:00.00"/>
				<dcolumn name="C_Calendar_ID" lookupname="GardenWorld Calendar"/>
			</drow>
			<drow name="2006 - Navidad">
				<dcolumn name="Date1" class="Date" value="2006-12-25 00:00:00.00"/>
				<dcolumn name="C_Calendar_ID" lookupname="GardenWorld Calendar"/>
			</drow>
			<drow name="2007 - Año Nuevo">
				<dcolumn name="Date1" class="Date" value="2007-01-01 00:00:00.00"/>
				<dcolumn name="C_Calendar_ID" lookupname="GardenWorld Calendar"/>
			</drow>
			<drow name="2007 - Epifanía - Reyes Magos">
				<dcolumn name="Date1" class="Date" value="2007-01-08 00:00:00.00"/>
				<dcolumn name="C_Calendar_ID" lookupname="GardenWorld Calendar"/>
			</drow>
			<drow name="2007 - San José">
				<dcolumn name="Date1" class="Date" value="2007-03-19 00:00:00.00"/>
				<dcolumn name="C_Calendar_ID" lookupname="GardenWorld Calendar"/>
			</drow>
			<drow name="2007 - Jueves Santo">
				<dcolumn name="Date1" class="Date" value="2007-04-05 00:00:00.00"/>
				<dcolumn name="C_Calendar_ID" lookupname="GardenWorld Calendar"/>
			</drow>
			<drow name="2007 - Viernes Santo">
				<dcolumn name="Date1" class="Date" value="2007-04-06 00:00:00.00"/>
				<dcolumn name="C_Calendar_ID" lookupname="GardenWorld Calendar"/>
			</drow>
			<drow name="2007 - Fiesta del Trabajo">
				<dcolumn name="Date1" class="Date" value="2007-05-01 00:00:00.00"/>
				<dcolumn name="C_Calendar_ID" lookupname="GardenWorld Calendar"/>
			</drow>
			<drow name="2007 - Ascensión">
				<dcolumn name="Date1" class="Date" value="2007-05-21 00:00:00.00"/>
				<dcolumn name="C_Calendar_ID" lookupname="GardenWorld Calendar"/>
			</drow>
			<drow name="2007 - Día del Corpus">
				<dcolumn name="Date1" class="Date" value="2007-06-11 00:00:00.00"/>
				<dcolumn name="C_Calendar_ID" lookupname="GardenWorld Calendar"/>
			</drow>
			<drow name="2007 - Sagrado Corazón">
				<dcolumn name="Date1" class="Date" value="2007-06-18 00:00:00.00"/>
				<dcolumn name="C_Calendar_ID" lookupname="GardenWorld Calendar"/>
			</drow>
			<drow name="2007 - San Pedro y San Pablo">
				<dcolumn name="Date1" class="Date" value="2007-07-02 00:00:00.00"/>
				<dcolumn name="C_Calendar_ID" lookupname="GardenWorld Calendar"/>
			</drow>
			<drow name="2007 - Día de la independencia">
				<dcolumn name="Date1" class="Date" value="2007-07-20 00:00:00.00"/>
				<dcolumn name="C_Calendar_ID" lookupname="GardenWorld Calendar"/>
			</drow>
			<drow name="2007 - Batalla de Boyacá">
				<dcolumn name="Date1" class="Date" value="2007-08-07 00:00:00.00"/>
				<dcolumn name="C_Calendar_ID" lookupname="GardenWorld Calendar"/>
			</drow>
			<drow name="2007 - Asunción">
				<dcolumn name="Date1" class="Date" value="2007-08-20 00:00:00.00"/>
				<dcolumn name="C_Calendar_ID" lookupname="GardenWorld Calendar"/>
			</drow>
			<drow name="2007 - Día de la raza">
				<dcolumn name="Date1" class="Date" value="2007-10-15 00:00:00.00"/>
				<dcolumn name="C_Calendar_ID" lookupname="GardenWorld Calendar"/>
			</drow>
			<drow name="2007 - Todos los santos">
				<dcolumn name="Date1" class="Date" value="2007-11-05 00:00:00.00"/>
				<dcolumn name="C_Calendar_ID" lookupname="GardenWorld Calendar"/>
			</drow>
			<drow name="2007 - Independencia de Cartagena">
				<dcolumn name="Date1" class="Date" value="2007-11-12 00:00:00.00"/>
				<dcolumn name="C_Calendar_ID" lookupname="GardenWorld Calendar"/>
			</drow>
			<drow name="2007 - La Inmaculada">
				<dcolumn name="Date1" class="Date" value="2007-12-08 00:00:00.00"/>
				<dcolumn name="C_Calendar_ID" lookupname="GardenWorld Calendar"/>
			</drow>
			<drow name="2007 - Navidad">
				<dcolumn name="Date1" class="Date" value="2007-12-25 00:00:00.00"/>
				<dcolumn name="C_Calendar_ID" lookupname="GardenWorld Calendar"/>
			</drow>
			<drow name="2008 - Año Nuevo">
				<dcolumn name="Date1" class="Date" value="2008-01-01 00:00:00.00"/>
				<dcolumn name="C_Calendar_ID" lookupname="GardenWorld Calendar"/>
			</drow>
			<drow name="2008 - Epifanía - Reyes Magos">
				<dcolumn name="Date1" class="Date" value="2008-01-07 00:00:00.00"/>
				<dcolumn name="C_Calendar_ID" lookupname="GardenWorld Calendar"/>
			</drow>
			<drow name="2008 - San José">
				<dcolumn name="Date1" class="Date" value="2008-03-24 00:00:00.00"/>
				<dcolumn name="C_Calendar_ID" lookupname="GardenWorld Calendar"/>
			</drow>
			<drow name="2008 - Jueves Santo">
				<dcolumn name="Date1" class="Date" value="2008-03-20 00:00:00.00"/>
				<dcolumn name="C_Calendar_ID" lookupname="GardenWorld Calendar"/>
			</drow>
			<drow name="2008 - Viernes Santo">
				<dcolumn name="Date1" class="Date" value="2008-03-21 00:00:00.00"/>
				<dcolumn name="C_Calendar_ID" lookupname="GardenWorld Calendar"/>
			</drow>
			<drow name="2008 - Fiesta del Trabajo">
				<dcolumn name="Date1" class="Date" value="2008-05-01 00:00:00.00"/>
				<dcolumn name="C_Calendar_ID" lookupname="GardenWorld Calendar"/>
			</drow>
			<drow name="2008 - Ascensión">
				<dcolumn name="Date1" class="Date" value="2008-05-05 00:00:00.00"/>
				<dcolumn name="C_Calendar_ID" lookupname="GardenWorld Calendar"/>
			</drow>
			<drow name="2008 - Día del Corpus">
				<dcolumn name="Date1" class="Date" value="2008-05-26 00:00:00.00"/>
				<dcolumn name="C_Calendar_ID" lookupname="GardenWorld Calendar"/>
			</drow>
			<drow name="2008 - Sagrado Corazón">
				<dcolumn name="Date1" class="Date" value="2008-06-16 00:00:00.00"/>
				<dcolumn name="C_Calendar_ID" lookupname="GardenWorld Calendar"/>
			</drow>
			<drow name="2008 - San Pedro y San Pablo">
				<dcolumn name="Date1" class="Date" value="2008-06-30 00:00:00.00"/>
				<dcolumn name="C_Calendar_ID" lookupname="GardenWorld Calendar"/>
			</drow>
			<drow name="2008 - Día de la independencia">
				<dcolumn name="Date1" class="Date" value="2008-07-20 00:00:00.00"/>
				<dcolumn name="C_Calendar_ID" lookupname="GardenWorld Calendar"/>
			</drow>
			<drow name="2008 - Batalla de Boyacá">
				<dcolumn name="Date1" class="Date" value="2008-08-07 00:00:00.00"/>
				<dcolumn name="C_Calendar_ID" lookupname="GardenWorld Calendar"/>
			</drow>
			<drow name="2008 - Asunción">
				<dcolumn name="Date1" class="Date" value="2008-08-18 00:00:00.00"/>
				<dcolumn name="C_Calendar_ID" lookupname="GardenWorld Calendar"/>
			</drow>
			<drow name="2008 - Día de la raza">
				<dcolumn name="Date1" class="Date" value="2008-10-13 00:00:00.00"/>
				<dcolumn name="C_Calendar_ID" lookupname="GardenWorld Calendar"/>
			</drow>
			<drow name="2008 - Todos los santos">
				<dcolumn name="Date1" class="Date" value="2008-11-03 00:00:00.00"/>
				<dcolumn name="C_Calendar_ID" lookupname="GardenWorld Calendar"/>
			</drow>
			<drow name="2008 - Independencia de Cartagena">
				<dcolumn name="Date1" class="Date" value="2008-11-17 00:00:00.00"/>
				<dcolumn name="C_Calendar_ID" lookupname="GardenWorld Calendar"/>
			</drow>
			<drow name="2008 - La Inmaculada">
				<dcolumn name="Date1" class="Date" value="2008-12-08 00:00:00.00"/>
				<dcolumn name="C_Calendar_ID" lookupname="GardenWorld Calendar"/>
			</drow>
			<drow name="2008 - Navidad">
				<dcolumn name="Date1" class="Date" value="2008-12-25 00:00:00.00"/>
				<dcolumn name="C_Calendar_ID" lookupname="GardenWorld Calendar"/>
			</drow>
			<drow name="2009 - Año Nuevo">
				<dcolumn name="Date1" class="Date" value="2009-01-01 00:00:00.00"/>
				<dcolumn name="C_Calendar_ID" lookupname="GardenWorld Calendar"/>
			</drow>
			<drow name="2009 - Epifanía - Reyes Magos">
				<dcolumn name="Date1" class="Date" value="2009-01-12 00:00:00.00"/>
				<dcolumn name="C_Calendar_ID" lookupname="GardenWorld Calendar"/>
			</drow>
			<drow name="2009 - San José">
				<dcolumn name="Date1" class="Date" value="2009-03-23 00:00:00.00"/>
				<dcolumn name="C_Calendar_ID" lookupname="GardenWorld Calendar"/>
			</drow>
			<drow name="2009 - Jueves Santo">
				<dcolumn name="Date1" class="Date" value="2009-04-09 00:00:00.00"/>
				<dcolumn name="C_Calendar_ID" lookupname="GardenWorld Calendar"/>
			</drow>
			<drow name="2009 - Viernes Santo">
				<dcolumn name="Date1" class="Date" value="2009-04-10 00:00:00.00"/>
				<dcolumn name="C_Calendar_ID" lookupname="GardenWorld Calendar"/>
			</drow>
			<drow name="2009 - Fiesta del Trabajo">
				<dcolumn name="Date1" class="Date" value="2009-05-01 00:00:00.00"/>
				<dcolumn name="C_Calendar_ID" lookupname="GardenWorld Calendar"/>
			</drow>
			<drow name="2009 - Ascensión">
				<dcolumn name="Date1" class="Date" value="2009-05-25 00:00:00.00"/>
				<dcolumn name="C_Calendar_ID" lookupname="GardenWorld Calendar"/>
			</drow>
			<drow name="2009 - Día del Corpus">
				<dcolumn name="Date1" class="Date" value="2009-06-15 00:00:00.00"/>
				<dcolumn name="C_Calendar_ID" lookupname="GardenWorld Calendar"/>
			</drow>
			<drow name="2009 - Sagrado Corazón">
				<dcolumn name="Date1" class="Date" value="2009-06-22 00:00:00.00"/>
				<dcolumn name="C_Calendar_ID" lookupname="GardenWorld Calendar"/>
			</drow>
			<drow name="2009 - San Pedro y San Pablo">
				<dcolumn name="Date1" class="Date" value="2009-06-29 00:00:00.00"/>
				<dcolumn name="C_Calendar_ID" lookupname="GardenWorld Calendar"/>
			</drow>
			<drow name="2009 - Día de la independencia">
				<dcolumn name="Date1" class="Date" value="2009-07-20 00:00:00.00"/>
				<dcolumn name="C_Calendar_ID" lookupname="GardenWorld Calendar"/>
			</drow>
			<drow name="2009 - Batalla de Boyacá">
				<dcolumn name="Date1" class="Date" value="2009-08-07 00:00:00.00"/>
				<dcolumn name="C_Calendar_ID" lookupname="GardenWorld Calendar"/>
			</drow>
			<drow name="2009 - Asunción">
				<dcolumn name="Date1" class="Date" value="2009-08-17 00:00:00.00"/>
				<dcolumn name="C_Calendar_ID" lookupname="GardenWorld Calendar"/>
			</drow>
			<drow name="2009 - Día de la raza">
				<dcolumn name="Date1" class="Date" value="2009-10-12 00:00:00.00"/>
				<dcolumn name="C_Calendar_ID" lookupname="GardenWorld Calendar"/>
			</drow>
			<drow name="2009 - Todos los santos">
				<dcolumn name="Date1" class="Date" value="2009-11-02 00:00:00.00"/>
				<dcolumn name="C_Calendar_ID" lookupname="GardenWorld Calendar"/>
			</drow>
			<drow name="2009 - Independencia de Cartagena">
				<dcolumn name="Date1" class="Date" value="2009-11-16 00:00:00.00"/>
				<dcolumn name="C_Calendar_ID" lookupname="GardenWorld Calendar"/>
			</drow>
			<drow name="2009 - La Inmaculada">
				<dcolumn name="Date1" class="Date" value="2009-12-08 00:00:00.00"/>
				<dcolumn name="C_Calendar_ID" lookupname="GardenWorld Calendar"/>
			</drow>
			<drow name="2009 - Navidad">
				<dcolumn name="Date1" class="Date" value="2009-12-25 00:00:00.00"/>
				<dcolumn name="C_Calendar_ID" lookupname="GardenWorld Calendar"/>
			</drow>
			<drow name="2010 - Año Nuevo">
				<dcolumn name="Date1" class="Date" value="2010-01-01 00:00:00.00"/>
				<dcolumn name="C_Calendar_ID" lookupname="GardenWorld Calendar"/>
			</drow>
			<drow name="2010 - Epifanía - Reyes Magos">
				<dcolumn name="Date1" class="Date" value="2010-01-11 00:00:00.00"/>
				<dcolumn name="C_Calendar_ID" lookupname="GardenWorld Calendar"/>
			</drow>
			<drow name="2010 - San José">
				<dcolumn name="Date1" class="Date" value="2010-03-22 00:00:00.00"/>
				<dcolumn name="C_Calendar_ID" lookupname="GardenWorld Calendar"/>
			</drow>
			<drow name="2010 - Jueves Santo">
				<dcolumn name="Date1" class="Date" value="2010-04-01 00:00:00.00"/>
				<dcolumn name="C_Calendar_ID" lookupname="GardenWorld Calendar"/>
			</drow>
			<drow name="2010 - Viernes Santo">
				<dcolumn name="Date1" class="Date" value="2010-04-02 00:00:00.00"/>
				<dcolumn name="C_Calendar_ID" lookupname="GardenWorld Calendar"/>
			</drow>
			<drow name="2010 - Fiesta del Trabajo">
				<dcolumn name="Date1" class="Date" value="2010-05-01 00:00:00.00"/>
				<dcolumn name="C_Calendar_ID" lookupname="GardenWorld Calendar"/>
			</drow>
			<drow name="2010 - Ascensión">
				<dcolumn name="Date1" class="Date" value="2010-05-17 00:00:00.00"/>
				<dcolumn name="C_Calendar_ID" lookupname="GardenWorld Calendar"/>
			</drow>
			<drow name="2010 - Día del Corpus">
				<dcolumn name="Date1" class="Date" value="2010-06-07 00:00:00.00"/>
				<dcolumn name="C_Calendar_ID" lookupname="GardenWorld Calendar"/>
			</drow>
			<drow name="2010 - Sagrado Corazón">
				<dcolumn name="Date1" class="Date" value="2010-06-14 00:00:00.00"/>
				<dcolumn name="C_Calendar_ID" lookupname="GardenWorld Calendar"/>
			</drow>
			<drow name="2010 - San Pedro y San Pablo">
				<dcolumn name="Date1" class="Date" value="2010-07-05 00:00:00.00"/>
				<dcolumn name="C_Calendar_ID" lookupname="GardenWorld Calendar"/>
			</drow>
			<drow name="2010 - Día de la independencia">
				<dcolumn name="Date1" class="Date" value="2010-07-20 00:00:00.00"/>
				<dcolumn name="C_Calendar_ID" lookupname="GardenWorld Calendar"/>
			</drow>
			<drow name="2010 - Batalla de Boyacá">
				<dcolumn name="Date1" class="Date" value="2010-08-07 00:00:00.00"/>
				<dcolumn name="C_Calendar_ID" lookupname="GardenWorld Calendar"/>
			</drow>
			<drow name="2010 - Asunción">
				<dcolumn name="Date1" class="Date" value="2010-08-16 00:00:00.00"/>
				<dcolumn name="C_Calendar_ID" lookupname="GardenWorld Calendar"/>
			</drow>
			<drow name="2010 - Día de la raza">
				<dcolumn name="Date1" class="Date" value="2010-10-18 00:00:00.00"/>
				<dcolumn name="C_Calendar_ID" lookupname="GardenWorld Calendar"/>
			</drow>
			<drow name="2010 - Todos los santos">
				<dcolumn name="Date1" class="Date" value="2010-11-01 00:00:00.00"/>
				<dcolumn name="C_Calendar_ID" lookupname="GardenWorld Calendar"/>
			</drow>
			<drow name="2010 - Independencia de Cartagena">
				<dcolumn name="Date1" class="Date" value="2010-11-15 00:00:00.00"/>
				<dcolumn name="C_Calendar_ID" lookupname="GardenWorld Calendar"/>
			</drow>
			<drow name="2010 - La Inmaculada">
				<dcolumn name="Date1" class="Date" value="2010-12-08 00:00:00.00"/>
				<dcolumn name="C_Calendar_ID" lookupname="GardenWorld Calendar"/>
			</drow>
			<drow name="2010 - Navidad">
				<dcolumn name="Date1" class="Date" value="2010-12-25 00:00:00.00"/>
				<dcolumn name="C_Calendar_ID" lookupname="GardenWorld Calendar"/>
			</drow>
			<drow name="2011 - Año nuevo">
				<dcolumn name="Date1" class="Date" value="2011-01-01 00:00:00.00"/>
				<dcolumn name="C_Calendar_ID" lookupname="GardenWorld Calendar"/>
			</drow>
			<drow name="2011 - Epifanía - Día de los Reyes Magos">
				<dcolumn name="Date1" class="Date" value="2011-01-10 00:00:00.00"/>
				<dcolumn name="C_Calendar_ID" lookupname="GardenWorld Calendar"/>
			</drow>
			<drow name="2011 - San José">
				<dcolumn name="Date1" class="Date" value="2011-03-21 00:00:00.00"/>
				<dcolumn name="C_Calendar_ID" lookupname="GardenWorld Calendar"/>
			</drow>
			<drow name="2011 - Jueves Santo">
				<dcolumn name="Date1" class="Date" value="2011-04-21 00:00:00.00"/>
				<dcolumn name="C_Calendar_ID" lookupname="GardenWorld Calendar"/>
			</drow>
			<drow name="2011 - Viernes Santo">
				<dcolumn name="Date1" class="Date" value="2011-04-22 00:00:00.00"/>
				<dcolumn name="C_Calendar_ID" lookupname="GardenWorld Calendar"/>
			</drow>
			<drow name="2011 - Domingo de Pascua">
				<dcolumn name="Date1" class="Date" value="2011-04-24 00:00:00.00"/>
				<dcolumn name="C_Calendar_ID" lookupname="GardenWorld Calendar"/>
			</drow>
			<drow name="2011 - Día del trabajo">
				<dcolumn name="Date1" class="Date" value="2011-05-01 00:00:00.00"/>
				<dcolumn name="C_Calendar_ID" lookupname="GardenWorld Calendar"/>
			</drow>
			<drow name="2011 - Ascensión de Jesús">
				<dcolumn name="Date1" class="Date" value="2011-06-06 00:00:00.00"/>
				<dcolumn name="C_Calendar_ID" lookupname="GardenWorld Calendar"/>
			</drow>
			<drow name="2011 - Corpus Christi">
				<dcolumn name="Date1" class="Date" value="2011-06-27 00:00:00.00"/>
				<dcolumn name="C_Calendar_ID" lookupname="GardenWorld Calendar"/>
			</drow>
			<drow name="2011 - Sagrado Corazón de Jesús">
				<dcolumn name="Date1" class="Date" value="2011-07-04 00:00:00.00"/>
				<dcolumn name="C_Calendar_ID" lookupname="GardenWorld Calendar"/>
			</drow>
			<drow name="2011 - Día de la independencia">
				<dcolumn name="Date1" class="Date" value="2011-07-20 00:00:00.00"/>
				<dcolumn name="C_Calendar_ID" lookupname="GardenWorld Calendar"/>
			</drow>
			<drow name="2011 - Batalla de Boyacá">
				<dcolumn name="Date1" class="Date" value="2011-08-07 00:00:00.00"/>
				<dcolumn name="C_Calendar_ID" lookupname="GardenWorld Calendar"/>
			</drow>
			<drow name="2011 - Asunción de la Virgen">
				<dcolumn name="Date1" class="Date" value="2011-08-15 00:00:00.00"/>
				<dcolumn name="C_Calendar_ID" lookupname="GardenWorld Calendar"/>
			</drow>
			<drow name="2011 - Día de la raza">
				<dcolumn name="Date1" class="Date" value="2011-10-17 00:00:00.00"/>
				<dcolumn name="C_Calendar_ID" lookupname="GardenWorld Calendar"/>
			</drow>
			<drow name="2011 - Todos los Santos">
				<dcolumn name="Date1" class="Date" value="2011-11-07 00:00:00.00"/>
				<dcolumn name="C_Calendar_ID" lookupname="GardenWorld Calendar"/>
			</drow>
			<drow name="2011 - Independencia de Cartagena">
				<dcolumn name="Date1" class="Date" value="2011-11-14 00:00:00.00"/>
				<dcolumn name="C_Calendar_ID" lookupname="GardenWorld Calendar"/>
			</drow>
			<drow name="2011 - Inmaculada Concepción">
				<dcolumn name="Date1" class="Date" value="2011-12-08 00:00:00.00"/>
				<dcolumn name="C_Calendar_ID" lookupname="GardenWorld Calendar"/>
			</drow>
			<drow name="2011 - Navidad">
				<dcolumn name="Date1" class="Date" value="2011-12-25 00:00:00.00"/>
				<dcolumn name="C_Calendar_ID" lookupname="GardenWorld Calendar"/>
			</drow>
			<drow name="2012 - Año nuevo">
				<dcolumn name="Date1" class="Date" value="2012-01-01 00:00:00.00"/>
				<dcolumn name="C_Calendar_ID" lookupname="GardenWorld Calendar"/>
			</drow>
			<drow name="2012 - Epifanía - Día de los Reyes Magos">
				<dcolumn name="Date1" class="Date" value="2012-01-09 00:00:00.00"/>
				<dcolumn name="C_Calendar_ID" lookupname="GardenWorld Calendar"/>
			</drow>
			<drow name="2012 - San José">
				<dcolumn name="Date1" class="Date" value="2012-03-19 00:00:00.00"/>
				<dcolumn name="C_Calendar_ID" lookupname="GardenWorld Calendar"/>
			</drow>
			<drow name="2012 - Jueves Santo">
				<dcolumn name="Date1" class="Date" value="2012-04-05 00:00:00.00"/>
				<dcolumn name="C_Calendar_ID" lookupname="GardenWorld Calendar"/>
			</drow>
			<drow name="2012 - Viernes Santo">
				<dcolumn name="Date1" class="Date" value="2012-04-06 00:00:00.00"/>
				<dcolumn name="C_Calendar_ID" lookupname="GardenWorld Calendar"/>
			</drow>
			<drow name="2012 - Domingo de Pascua">
				<dcolumn name="Date1" class="Date" value="2012-04-08 00:00:00.00"/>
				<dcolumn name="C_Calendar_ID" lookupname="GardenWorld Calendar"/>
			</drow>
			<drow name="2012 - Día del trabajo">
				<dcolumn name="Date1" class="Date" value="2012-05-01 00:00:00.00"/>
				<dcolumn name="C_Calendar_ID" lookupname="GardenWorld Calendar"/>
			</drow>
			<drow name="2012 - Ascensión de Jesús">
				<dcolumn name="Date1" class="Date" value="2012-05-21 00:00:00.00"/>
				<dcolumn name="C_Calendar_ID" lookupname="GardenWorld Calendar"/>
			</drow>
			<drow name="2012 - Corpus Christi">
				<dcolumn name="Date1" class="Date" value="2012-06-11 00:00:00.00"/>
				<dcolumn name="C_Calendar_ID" lookupname="GardenWorld Calendar"/>
			</drow>
			<drow name="2012 - Sagrado Corazón de Jesús">
				<dcolumn name="Date1" class="Date" value="2012-06-18 00:00:00.00"/>
				<dcolumn name="C_Calendar_ID" lookupname="GardenWorld Calendar"/>
			</drow>
			<drow name="2012 - San Pedro y San Pablo">
				<dcolumn name="Date1" class="Date" value="2012-07-02 00:00:00.00"/>
				<dcolumn name="C_Calendar_ID" lookupname="GardenWorld Calendar"/>
			</drow>
			<drow name="2012 - Día de la independencia">
				<dcolumn name="Date1" class="Date" value="2012-07-20 00:00:00.00"/>
				<dcolumn name="C_Calendar_ID" lookupname="GardenWorld Calendar"/>
			</drow>
			<drow name="2012 - Batalla de Boyacá">
				<dcolumn name="Date1" class="Date" value="2012-08-07 00:00:00.00"/>
				<dcolumn name="C_Calendar_ID" lookupname="GardenWorld Calendar"/>
			</drow>
			<drow name="2012 - Asunción de la Virgen">
				<dcolumn name="Date1" class="Date" value="2012-08-20 00:00:00.00"/>
				<dcolumn name="C_Calendar_ID" lookupname="GardenWorld Calendar"/>
			</drow>
			<drow name="2012 - Día de la raza">
				<dcolumn name="Date1" class="Date" value="2012-10-15 00:00:00.00"/>
				<dcolumn name="C_Calendar_ID" lookupname="GardenWorld Calendar"/>
			</drow>
			<drow name="2012 - Todos los Santos">
				<dcolumn name="Date1" class="Date" value="2012-11-05 00:00:00.00"/>
				<dcolumn name="C_Calendar_ID" lookupname="GardenWorld Calendar"/>
			</drow>
			<drow name="2012 - Independencia de Cartagena">
				<dcolumn name="Date1" class="Date" value="2012-11-12 00:00:00.00"/>
				<dcolumn name="C_Calendar_ID" lookupname="GardenWorld Calendar"/>
			</drow>
			<drow name="2012 - Inmaculada Concepción">
				<dcolumn name="Date1" class="Date" value="2012-12-08 00:00:00.00"/>
				<dcolumn name="C_Calendar_ID" lookupname="GardenWorld Calendar"/>
			</drow>
			<drow name="2012 - Navidad">
				<dcolumn name="Date1" class="Date" value="2012-12-25 00:00:00.00"/>
				<dcolumn name="C_Calendar_ID" lookupname="GardenWorld Calendar"/>
			</drow>
			<drow name="2013 - Año nuevo">
				<dcolumn name="Date1" class="Date" value="2013-01-01 00:00:00.00"/>
				<dcolumn name="C_Calendar_ID" lookupname="GardenWorld Calendar"/>
			</drow>
			<drow name="2013 - Epifanía - Día de los Reyes Magos">
				<dcolumn name="Date1" class="Date" value="2013-01-07 00:00:00.00"/>
				<dcolumn name="C_Calendar_ID" lookupname="GardenWorld Calendar"/>
			</drow>
			<drow name="2013 - San José">
				<dcolumn name="Date1" class="Date" value="2013-03-25 00:00:00.00"/>
				<dcolumn name="C_Calendar_ID" lookupname="GardenWorld Calendar"/>
			</drow>
			<drow name="2013 - Jueves Santo">
				<dcolumn name="Date1" class="Date" value="2013-03-28 00:00:00.00"/>
				<dcolumn name="C_Calendar_ID" lookupname="GardenWorld Calendar"/>
			</drow>
			<drow name="2013 - Viernes Santo">
				<dcolumn name="Date1" class="Date" value="2013-03-29 00:00:00.00"/>
				<dcolumn name="C_Calendar_ID" lookupname="GardenWorld Calendar"/>
			</drow>
			<drow name="2013 - Domingo de Pascua">
				<dcolumn name="Date1" class="Date" value="2013-03-31 00:00:00.00"/>
				<dcolumn name="C_Calendar_ID" lookupname="GardenWorld Calendar"/>
			</drow>
			<drow name="2013 - Día del trabajo">
				<dcolumn name="Date1" class="Date" value="2013-05-01 00:00:00.00"/>
				<dcolumn name="C_Calendar_ID" lookupname="GardenWorld Calendar"/>
			</drow>
			<drow name="2013 - Ascensión de Jesús">
				<dcolumn name="Date1" class="Date" value="2013-05-13 00:00:00.00"/>
				<dcolumn name="C_Calendar_ID" lookupname="GardenWorld Calendar"/>
			</drow>
			<drow name="2013 - Corpus Christi">
				<dcolumn name="Date1" class="Date" value="2013-06-03 00:00:00.00"/>
				<dcolumn name="C_Calendar_ID" lookupname="GardenWorld Calendar"/>
			</drow>
			<drow name="2013 - Sagrado Corazón de Jesús">
				<dcolumn name="Date1" class="Date" value="2013-06-10 00:00:00.00"/>
				<dcolumn name="C_Calendar_ID" lookupname="GardenWorld Calendar"/>
			</drow>
			<drow name="2013 - San Pedro y San Pablo">
				<dcolumn name="Date1" class="Date" value="2013-07-01 00:00:00.00"/>
				<dcolumn name="C_Calendar_ID" lookupname="GardenWorld Calendar"/>
			</drow>
			<drow name="2013 - Día de la independencia">
				<dcolumn name="Date1" class="Date" value="2013-07-20 00:00:00.00"/>
				<dcolumn name="C_Calendar_ID" lookupname="GardenWorld Calendar"/>
			</drow>
			<drow name="2013 - Batalla de Boyacá">
				<dcolumn name="Date1" class="Date" value="2013-08-07 00:00:00.00"/>
				<dcolumn name="C_Calendar_ID" lookupname="GardenWorld Calendar"/>
			</drow>
			<drow name="2013 - Asunción de la Virgen">
				<dcolumn name="Date1" class="Date" value="2013-08-19 00:00:00.00"/>
				<dcolumn name="C_Calendar_ID" lookupname="GardenWorld Calendar"/>
			</drow>
			<drow name="2013 - Día de la raza">
				<dcolumn name="Date1" class="Date" value="2013-10-14 00:00:00.00"/>
				<dcolumn name="C_Calendar_ID" lookupname="GardenWorld Calendar"/>
			</drow>
			<drow name="2013 - Todos los Santos">
				<dcolumn name="Date1" class="Date" value="2013-11-04 00:00:00.00"/>
				<dcolumn name="C_Calendar_ID" lookupname="GardenWorld Calendar"/>
			</drow>
			<drow name="2013 - Independencia de Cartagena">
				<dcolumn name="Date1" class="Date" value="2013-11-11 00:00:00.00"/>
				<dcolumn name="C_Calendar_ID" lookupname="GardenWorld Calendar"/>
			</drow>
			<drow name="2013 - Inmaculada Concepción">
				<dcolumn name="Date1" class="Date" value="2013-12-08 00:00:00.00"/>
				<dcolumn name="C_Calendar_ID" lookupname="GardenWorld Calendar"/>
			</drow>
			<drow name="2013 - Navidad">
				<dcolumn name="Date1" class="Date" value="2013-12-25 00:00:00.00"/>
				<dcolumn name="C_Calendar_ID" lookupname="GardenWorld Calendar"/>
			</drow>
			<drow name="2014 - Año nuevo">
				<dcolumn name="Date1" class="Date" value="2014-01-01 00:00:00.00"/>
				<dcolumn name="C_Calendar_ID" lookupname="GardenWorld Calendar"/>
			</drow>
			<drow name="2014 - Epifanía - Día de los Reyes Magos">
				<dcolumn name="Date1" class="Date" value="2014-01-06 00:00:00.00"/>
				<dcolumn name="C_Calendar_ID" lookupname="GardenWorld Calendar"/>
			</drow>
			<drow name="2014 - San José">
				<dcolumn name="Date1" class="Date" value="2014-03-24 00:00:00.00"/>
				<dcolumn name="C_Calendar_ID" lookupname="GardenWorld Calendar"/>
			</drow>
			<drow name="2014 - Jueves Santo">
				<dcolumn name="Date1" class="Date" value="2014-04-17 00:00:00.00"/>
				<dcolumn name="C_Calendar_ID" lookupname="GardenWorld Calendar"/>
			</drow>
			<drow name="2014 - Viernes Santo">
				<dcolumn name="Date1" class="Date" value="2014-04-18 00:00:00.00"/>
				<dcolumn name="C_Calendar_ID" lookupname="GardenWorld Calendar"/>
			</drow>
			<drow name="2014 - Domingo de Pascua">
				<dcolumn name="Date1" class="Date" value="2014-04-20 00:00:00.00"/>
				<dcolumn name="C_Calendar_ID" lookupname="GardenWorld Calendar"/>
			</drow>
			<drow name="2014 - Día del trabajo">
				<dcolumn name="Date1" class="Date" value="2014-05-01 00:00:00.00"/>
				<dcolumn name="C_Calendar_ID" lookupname="GardenWorld Calendar"/>
			</drow>
			<drow name="2014 - Ascensión de Jesús">
				<dcolumn name="Date1" class="Date" value="2014-06-02 00:00:00.00"/>
				<dcolumn name="C_Calendar_ID" lookupname="GardenWorld Calendar"/>
			</drow>
			<drow name="2014 - Corpus Christi">
				<dcolumn name="Date1" class="Date" value="2014-06-23 00:00:00.00"/>
				<dcolumn name="C_Calendar_ID" lookupname="GardenWorld Calendar"/>
			</drow>
			<drow name="2014 - Sagrado Corazón de Jesús">
				<dcolumn name="Date1" class="Date" value="2014-06-30 00:00:00.00"/>
				<dcolumn name="C_Calendar_ID" lookupname="GardenWorld Calendar"/>
			</drow>
			<drow name="2014 - Día de la independencia">
				<dcolumn name="Date1" class="Date" value="2014-07-20 00:00:00.00"/>
				<dcolumn name="C_Calendar_ID" lookupname="GardenWorld Calendar"/>
			</drow>
			<drow name="2014 - Batalla de Boyacá">
				<dcolumn name="Date1" class="Date" value="2014-08-07 00:00:00.00"/>
				<dcolumn name="C_Calendar_ID" lookupname="GardenWorld Calendar"/>
			</drow>
			<drow name="2014 - Asunción de la Virgen">
				<dcolumn name="Date1" class="Date" value="2014-08-18 00:00:00.00"/>
				<dcolumn name="C_Calendar_ID" lookupname="GardenWorld Calendar"/>
			</drow>
			<drow name="2014 - Día de la raza">
				<dcolumn name="Date1" class="Date" value="2014-10-13 00:00:00.00"/>
				<dcolumn name="C_Calendar_ID" lookupname="GardenWorld Calendar"/>
			</drow>
			<drow name="2014 - Todos los Santos">
				<dcolumn name="Date1" class="Date" value="2014-11-03 00:00:00.00"/>
				<dcolumn name="C_Calendar_ID" lookupname="GardenWorld Calendar"/>
			</drow>
			<drow name="2014 - Independencia de Cartagena">
				<dcolumn name="Date1" class="Date" value="2014-11-17 00:00:00.00"/>
				<dcolumn name="C_Calendar_ID" lookupname="GardenWorld Calendar"/>
			</drow>
			<drow name="2014 - Inmaculada Concepción">
				<dcolumn name="Date1" class="Date" value="2014-12-08 00:00:00.00"/>
				<dcolumn name="C_Calendar_ID" lookupname="GardenWorld Calendar"/>
			</drow>
			<drow name="2014 - Navidad">
				<dcolumn name="Date1" class="Date" value="2014-12-25 00:00:00.00"/>
				<dcolumn name="C_Calendar_ID" lookupname="GardenWorld Calendar"/>
			</drow>
			<drow name="2015 - Año nuevo">
				<dcolumn name="Date1" class="Date" value="2015-01-01 00:00:00.00"/>
				<dcolumn name="C_Calendar_ID" lookupname="GardenWorld Calendar"/>
			</drow>
			<drow name="2015 - Epifanía - Día de los Reyes Magos">
				<dcolumn name="Date1" class="Date" value="2015-01-12 00:00:00.00"/>
				<dcolumn name="C_Calendar_ID" lookupname="GardenWorld Calendar"/>
			</drow>
			<drow name="2015 - San José">
				<dcolumn name="Date1" class="Date" value="2015-03-23 00:00:00.00"/>
				<dcolumn name="C_Calendar_ID" lookupname="GardenWorld Calendar"/>
			</drow>
			<drow name="2015 - Jueves Santo">
				<dcolumn name="Date1" class="Date" value="2015-04-02 00:00:00.00"/>
				<dcolumn name="C_Calendar_ID" lookupname="GardenWorld Calendar"/>
			</drow>
			<drow name="2015 - Viernes Santo">
				<dcolumn name="Date1" class="Date" value="2015-04-03 00:00:00.00"/>
				<dcolumn name="C_Calendar_ID" lookupname="GardenWorld Calendar"/>
			</drow>
			<drow name="2015 - Domingo de Pascua">
				<dcolumn name="Date1" class="Date" value="2015-04-05 00:00:00.00"/>
				<dcolumn name="C_Calendar_ID" lookupname="GardenWorld Calendar"/>
			</drow>
			<drow name="2015 - Día del trabajo">
				<dcolumn name="Date1" class="Date" value="2015-05-01 00:00:00.00"/>
				<dcolumn name="C_Calendar_ID" lookupname="GardenWorld Calendar"/>
			</drow>
			<drow name="2015 - Ascensión de Jesús">
				<dcolumn name="Date1" class="Date" value="2015-05-18 00:00:00.00"/>
				<dcolumn name="C_Calendar_ID" lookupname="GardenWorld Calendar"/>
			</drow>
			<drow name="2015 - Corpus Christi">
				<dcolumn name="Date1" class="Date" value="2015-06-08 00:00:00.00"/>
				<dcolumn name="C_Calendar_ID" lookupname="GardenWorld Calendar"/>
			</drow>
			<drow name="2015 - Sagrado Corazón de Jesús">
				<dcolumn name="Date1" class="Date" value="2015-06-15 00:00:00.00"/>
				<dcolumn name="C_Calendar_ID" lookupname="GardenWorld Calendar"/>
			</drow>
			<drow name="2015 - San Pedro y San Pablo">
				<dcolumn name="Date1" class="Date" value="2015-06-29 00:00:00.00"/>
				<dcolumn name="C_Calendar_ID" lookupname="GardenWorld Calendar"/>
			</drow>
			<drow name="2015 - Día de la independencia">
				<dcolumn name="Date1" class="Date" value="2015-07-20 00:00:00.00"/>
				<dcolumn name="C_Calendar_ID" lookupname="GardenWorld Calendar"/>
			</drow>
			<drow name="2015 - Batalla de Boyacá">
				<dcolumn name="Date1" class="Date" value="2015-08-07 00:00:00.00"/>
				<dcolumn name="C_Calendar_ID" lookupname="GardenWorld Calendar"/>
			</drow>
			<drow name="2015 - Asunción de la Virgen">
				<dcolumn name="Date1" class="Date" value="2015-08-17 00:00:00.00"/>
				<dcolumn name="C_Calendar_ID" lookupname="GardenWorld Calendar"/>
			</drow>
			<drow name="2015 - Día de la raza">
				<dcolumn name="Date1" class="Date" value="2015-10-12 00:00:00.00"/>
				<dcolumn name="C_Calendar_ID" lookupname="GardenWorld Calendar"/>
			</drow>
			<drow name="2015 - Todos los Santos">
				<dcolumn name="Date1" class="Date" value="2015-11-02 00:00:00.00"/>
				<dcolumn name="C_Calendar_ID" lookupname="GardenWorld Calendar"/>
			</drow>
			<drow name="2015 - Independencia de Cartagena">
				<dcolumn name="Date1" class="Date" value="2015-11-16 00:00:00.00"/>
				<dcolumn name="C_Calendar_ID" lookupname="GardenWorld Calendar"/>
			</drow>
			<drow name="2015 - Inmaculada Concepción">
				<dcolumn name="Date1" class="Date" value="2015-12-08 00:00:00.00"/>
				<dcolumn name="C_Calendar_ID" lookupname="GardenWorld Calendar"/>
			</drow>
			<drow name="2015 - Navidad">
				<dcolumn name="Date1" class="Date" value="2015-12-25 00:00:00.00"/>
				<dcolumn name="C_Calendar_ID" lookupname="GardenWorld Calendar"/>
			</drow>
			<drow name="2016 - Año nuevo">
				<dcolumn name="Date1" class="Date" value="2016-01-01 00:00:00.00"/>
				<dcolumn name="C_Calendar_ID" lookupname="GardenWorld Calendar"/>
			</drow>
			<drow name="2016 - Epifanía - Día de los Reyes Magos">
				<dcolumn name="Date1" class="Date" value="2016-01-11 00:00:00.00"/>
				<dcolumn name="C_Calendar_ID" lookupname="GardenWorld Calendar"/>
			</drow>
			<drow name="2016 - San José">
				<dcolumn name="Date1" class="Date" value="2016-03-21 00:00:00.00"/>
				<dcolumn name="C_Calendar_ID" lookupname="GardenWorld Calendar"/>
			</drow>
			<drow name="2016 - Jueves Santo">
				<dcolumn name="Date1" class="Date" value="2016-03-24 00:00:00.00"/>
				<dcolumn name="C_Calendar_ID" lookupname="GardenWorld Calendar"/>
			</drow>
			<drow name="2016 - Viernes Santo">
				<dcolumn name="Date1" class="Date" value="2016-03-25 00:00:00.00"/>
				<dcolumn name="C_Calendar_ID" lookupname="GardenWorld Calendar"/>
			</drow>
			<drow name="2016 - Domingo de Pascua">
				<dcolumn name="Date1" class="Date" value="2016-03-27 00:00:00.00"/>
				<dcolumn name="C_Calendar_ID" lookupname="GardenWorld Calendar"/>
			</drow>
			<drow name="2016 - Día del trabajo">
				<dcolumn name="Date1" class="Date" value="2016-05-01 00:00:00.00"/>
				<dcolumn name="C_Calendar_ID" lookupname="GardenWorld Calendar"/>
			</drow>
			<drow name="2016 - Ascensión de Jesús">
				<dcolumn name="Date1" class="Date" value="2016-05-09 00:00:00.00"/>
				<dcolumn name="C_Calendar_ID" lookupname="GardenWorld Calendar"/>
			</drow>
			<drow name="2016 - Corpus Christi">
				<dcolumn name="Date1" class="Date" value="2016-05-30 00:00:00.00"/>
				<dcolumn name="C_Calendar_ID" lookupname="GardenWorld Calendar"/>
			</drow>
			<drow name="2016 - Sagrado Corazón de Jesús">
				<dcolumn name="Date1" class="Date" value="2016-06-06 00:00:00.00"/>
				<dcolumn name="C_Calendar_ID" lookupname="GardenWorld Calendar"/>
			</drow>
			<drow name="2016 - San Pedro y San Pablo">
				<dcolumn name="Date1" class="Date" value="2016-07-04 00:00:00.00"/>
				<dcolumn name="C_Calendar_ID" lookupname="GardenWorld Calendar"/>
			</drow>
			<drow name="2016 - Día de la independencia">
				<dcolumn name="Date1" class="Date" value="2016-07-20 00:00:00.00"/>
				<dcolumn name="C_Calendar_ID" lookupname="GardenWorld Calendar"/>
			</drow>
			<drow name="2016 - Batalla de Boyacá">
				<dcolumn name="Date1" class="Date" value="2016-08-07 00:00:00.00"/>
				<dcolumn name="C_Calendar_ID" lookupname="GardenWorld Calendar"/>
			</drow>
			<drow name="2016 - Asunción de la Virgen">
				<dcolumn name="Date1" class="Date" value="2016-08-15 00:00:00.00"/>
				<dcolumn name="C_Calendar_ID" lookupname="GardenWorld Calendar"/>
			</drow>
			<drow name="2016 - Día de la raza">
				<dcolumn name="Date1" class="Date" value="2016-10-17 00:00:00.00"/>
				<dcolumn name="C_Calendar_ID" lookupname="GardenWorld Calendar"/>
			</drow>
			<drow name="2016 - Todos los Santos">
				<dcolumn name="Date1" class="Date" value="2016-11-07 00:00:00.00"/>
				<dcolumn name="C_Calendar_ID" lookupname="GardenWorld Calendar"/>
			</drow>
			<drow name="2016 - Independencia de Cartagena">
				<dcolumn name="Date1" class="Date" value="2016-11-14 00:00:00.00"/>
				<dcolumn name="C_Calendar_ID" lookupname="GardenWorld Calendar"/>
			</drow>
			<drow name="2016 - Inmaculada Concepción">
				<dcolumn name="Date1" class="Date" value="2016-12-08 00:00:00.00"/>
				<dcolumn name="C_Calendar_ID" lookupname="GardenWorld Calendar"/>
			</drow>
			<drow name="2016 - Navidad">
				<dcolumn name="Date1" class="Date" value="2016-12-25 00:00:00.00"/>
				<dcolumn name="C_Calendar_ID" lookupname="GardenWorld Calendar"/>
			</drow>
			<drow name="2017 - Año nuevo">
				<dcolumn name="Date1" class="Date" value="2017-01-01 00:00:00.00"/>
				<dcolumn name="C_Calendar_ID" lookupname="GardenWorld Calendar"/>
			</drow>
			<drow name="2017 - Epifanía - Día de los Reyes Magos">
				<dcolumn name="Date1" class="Date" value="2017-01-09 00:00:00.00"/>
				<dcolumn name="C_Calendar_ID" lookupname="GardenWorld Calendar"/>
			</drow>
			<drow name="2017 - San José">
				<dcolumn name="Date1" class="Date" value="2017-03-20 00:00:00.00"/>
				<dcolumn name="C_Calendar_ID" lookupname="GardenWorld Calendar"/>
			</drow>
			<drow name="2017 - Jueves Santo">
				<dcolumn name="Date1" class="Date" value="2017-04-13 00:00:00.00"/>
				<dcolumn name="C_Calendar_ID" lookupname="GardenWorld Calendar"/>
			</drow>
			<drow name="2017 - Viernes Santo">
				<dcolumn name="Date1" class="Date" value="2017-04-14 00:00:00.00"/>
				<dcolumn name="C_Calendar_ID" lookupname="GardenWorld Calendar"/>
			</drow>
			<drow name="2017 - Domingo de Pascua">
				<dcolumn name="Date1" class="Date" value="2017-04-16 00:00:00.00"/>
				<dcolumn name="C_Calendar_ID" lookupname="GardenWorld Calendar"/>
			</drow>
			<drow name="2017 - Día del trabajo">
				<dcolumn name="Date1" class="Date" value="2017-05-01 00:00:00.00"/>
				<dcolumn name="C_Calendar_ID" lookupname="GardenWorld Calendar"/>
			</drow>
			<drow name="2017 - Ascensión de Jesús">
				<dcolumn name="Date1" class="Date" value="2017-05-29 00:00:00.00"/>
				<dcolumn name="C_Calendar_ID" lookupname="GardenWorld Calendar"/>
			</drow>
			<drow name="2017 - Corpus Christi">
				<dcolumn name="Date1" class="Date" value="2017-06-19 00:00:00.00"/>
				<dcolumn name="C_Calendar_ID" lookupname="GardenWorld Calendar"/>
			</drow>
			<drow name="2017 - Sagrado Corazón de Jesús">
				<dcolumn name="Date1" class="Date" value="2017-06-26 00:00:00.00"/>
				<dcolumn name="C_Calendar_ID" lookupname="GardenWorld Calendar"/>
			</drow>
			<drow name="2017 - San Pedro y San Pablo">
				<dcolumn name="Date1" class="Date" value="2017-07-03 00:00:00.00"/>
				<dcolumn name="C_Calendar_ID" lookupname="GardenWorld Calendar"/>
			</drow>
			<drow name="2017 - Día de la independencia">
				<dcolumn name="Date1" class="Date" value="2017-07-20 00:00:00.00"/>
				<dcolumn name="C_Calendar_ID" lookupname="GardenWorld Calendar"/>
			</drow>
			<drow name="2017 - Batalla de Boyacá">
				<dcolumn name="Date1" class="Date" value="2017-08-07 00:00:00.00"/>
				<dcolumn name="C_Calendar_ID" lookupname="GardenWorld Calendar"/>
			</drow>
			<drow name="2017 - Asunción de la Virgen">
				<dcolumn name="Date1" class="Date" value="2017-08-21 00:00:00.00"/>
				<dcolumn name="C_Calendar_ID" lookupname="GardenWorld Calendar"/>
			</drow>
			<drow name="2017 - Día de la raza">
				<dcolumn name="Date1" class="Date" value="2017-10-16 00:00:00.00"/>
				<dcolumn name="C_Calendar_ID" lookupname="GardenWorld Calendar"/>
			</drow>
			<drow name="2017 - Todos los Santos">
				<dcolumn name="Date1" class="Date" value="2017-11-06 00:00:00.00"/>
				<dcolumn name="C_Calendar_ID" lookupname="GardenWorld Calendar"/>
			</drow>
			<drow name="2017 - Independencia de Cartagena">
				<dcolumn name="Date1" class="Date" value="2017-11-13 00:00:00.00"/>
				<dcolumn name="C_Calendar_ID" lookupname="GardenWorld Calendar"/>
			</drow>
			<drow name="2017 - Inmaculada Concepción">
				<dcolumn name="Date1" class="Date" value="2017-12-08 00:00:00.00"/>
				<dcolumn name="C_Calendar_ID" lookupname="GardenWorld Calendar"/>
			</drow>
			<drow name="2017 - Navidad">
				<dcolumn name="Date1" class="Date" value="2017-12-25 00:00:00.00"/>
				<dcolumn name="C_Calendar_ID" lookupname="GardenWorld Calendar"/>
			</drow>
			<drow name="2018 - Año nuevo">
				<dcolumn name="Date1" class="Date" value="2018-01-01 00:00:00.00"/>
				<dcolumn name="C_Calendar_ID" lookupname="GardenWorld Calendar"/>
			</drow>
			<drow name="2018 - Epifanía - Día de los Reyes Magos">
				<dcolumn name="Date1" class="Date" value="2018-01-08 00:00:00.00"/>
				<dcolumn name="C_Calendar_ID" lookupname="GardenWorld Calendar"/>
			</drow>
			<drow name="2018 - San José">
				<dcolumn name="Date1" class="Date" value="2018-03-19 00:00:00.00"/>
				<dcolumn name="C_Calendar_ID" lookupname="GardenWorld Calendar"/>
			</drow>
			<drow name="2018 - Jueves Santo">
				<dcolumn name="Date1" class="Date" value="2018-03-29 00:00:00.00"/>
				<dcolumn name="C_Calendar_ID" lookupname="GardenWorld Calendar"/>
			</drow>
			<drow name="2018 - Viernes Santo">
				<dcolumn name="Date1" class="Date" value="2018-03-30 00:00:00.00"/>
				<dcolumn name="C_Calendar_ID" lookupname="GardenWorld Calendar"/>
			</drow>
			<drow name="2018 - Domingo de Pascua">
				<dcolumn name="Date1" class="Date" value="2018-04-01 00:00:00.00"/>
				<dcolumn name="C_Calendar_ID" lookupname="GardenWorld Calendar"/>
			</drow>
			<drow name="2018 - Día del trabajo">
				<dcolumn name="Date1" class="Date" value="2018-05-01 00:00:00.00"/>
				<dcolumn name="C_Calendar_ID" lookupname="GardenWorld Calendar"/>
			</drow>
			<drow name="2018 - Ascensión de Jesús">
				<dcolumn name="Date1" class="Date" value="2018-05-14 00:00:00.00"/>
				<dcolumn name="C_Calendar_ID" lookupname="GardenWorld Calendar"/>
			</drow>
			<drow name="2018 - Corpus Christi">
				<dcolumn name="Date1" class="Date" value="2018-06-04 00:00:00.00"/>
				<dcolumn name="C_Calendar_ID" lookupname="GardenWorld Calendar"/>
			</drow>
			<drow name="2018 - Sagrado Corazón de Jesús">
				<dcolumn name="Date1" class="Date" value="2018-06-11 00:00:00.00"/>
				<dcolumn name="C_Calendar_ID" lookupname="GardenWorld Calendar"/>
			</drow>
			<drow name="2018 - San Pedro y San Pablo">
				<dcolumn name="Date1" class="Date" value="2018-07-02 00:00:00.00"/>
				<dcolumn name="C_Calendar_ID" lookupname="GardenWorld Calendar"/>
			</drow>
			<drow name="2018 - Día de la independencia">
				<dcolumn name="Date1" class="Date" value="2018-07-20 00:00:00.00"/>
				<dcolumn name="C_Calendar_ID" lookupname="GardenWorld Calendar"/>
			</drow>
			<drow name="2018 - Batalla de Boyacá">
				<dcolumn name="Date1" class="Date" value="2018-08-07 00:00:00.00"/>
				<dcolumn name="C_Calendar_ID" lookupname="GardenWorld Calendar"/>
			</drow>
			<drow name="2018 - Asunción de la Virgen">
				<dcolumn name="Date1" class="Date" value="2018-08-20 00:00:00.00"/>
				<dcolumn name="C_Calendar_ID" lookupname="GardenWorld Calendar"/>
			</drow>
			<drow name="2018 - Día de la raza">
				<dcolumn name="Date1" class="Date" value="2018-10-15 00:00:00.00"/>
				<dcolumn name="C_Calendar_ID" lookupname="GardenWorld Calendar"/>
			</drow>
			<drow name="2018 - Todos los Santos">
				<dcolumn name="Date1" class="Date" value="2018-11-05 00:00:00.00"/>
				<dcolumn name="C_Calendar_ID" lookupname="GardenWorld Calendar"/>
			</drow>
			<drow name="2018 - Independencia de Cartagena">
				<dcolumn name="Date1" class="Date" value="2018-11-12 00:00:00.00"/>
				<dcolumn name="C_Calendar_ID" lookupname="GardenWorld Calendar"/>
			</drow>
			<drow name="2018 - Inmaculada Concepción">
				<dcolumn name="Date1" class="Date" value="2018-12-08 00:00:00.00"/>
				<dcolumn name="C_Calendar_ID" lookupname="GardenWorld Calendar"/>
			</drow>
			<drow name="2018 - Navidad">
				<dcolumn name="Date1" class="Date" value="2018-12-25 00:00:00.00"/>
				<dcolumn name="C_Calendar_ID" lookupname="GardenWorld Calendar"/>
			</drow>
			<drow name="2019 - Año nuevo">
				<dcolumn name="Date1" class="Date" value="2019-01-01 00:00:00.00"/>
				<dcolumn name="C_Calendar_ID" lookupname="GardenWorld Calendar"/>
			</drow>
			<drow name="2019 - Epifanía - Día de los Reyes Magos">
				<dcolumn name="Date1" class="Date" value="2019-01-07 00:00:00.00"/>
				<dcolumn name="C_Calendar_ID" lookupname="GardenWorld Calendar"/>
			</drow>
			<drow name="2019 - San José">
				<dcolumn name="Date1" class="Date" value="2019-03-25 00:00:00.00"/>
				<dcolumn name="C_Calendar_ID" lookupname="GardenWorld Calendar"/>
			</drow>
			<drow name="2019 - Jueves Santo">
				<dcolumn name="Date1" class="Date" value="2019-04-18 00:00:00.00"/>
				<dcolumn name="C_Calendar_ID" lookupname="GardenWorld Calendar"/>
			</drow>
			<drow name="2019 - Viernes Santo">
				<dcolumn name="Date1" class="Date" value="2019-04-19 00:00:00.00"/>
				<dcolumn name="C_Calendar_ID" lookupname="GardenWorld Calendar"/>
			</drow>
			<drow name="2019 - Domingo de Pascua">
				<dcolumn name="Date1" class="Date" value="2019-04-21 00:00:00.00"/>
				<dcolumn name="C_Calendar_ID" lookupname="GardenWorld Calendar"/>
			</drow>
			<drow name="2019 - Día del trabajo">
				<dcolumn name="Date1" class="Date" value="2019-05-01 00:00:00.00"/>
				<dcolumn name="C_Calendar_ID" lookupname="GardenWorld Calendar"/>
			</drow>
			<drow name="2019 - Ascensión de Jesús">
				<dcolumn name="Date1" class="Date" value="2019-06-03 00:00:00.00"/>
				<dcolumn name="C_Calendar_ID" lookupname="GardenWorld Calendar"/>
			</drow>
			<drow name="2019 - Corpus Christi">
				<dcolumn name="Date1" class="Date" value="2019-06-24 00:00:00.00"/>
				<dcolumn name="C_Calendar_ID" lookupname="GardenWorld Calendar"/>
			</drow>
			<drow name="2019 - Sagrado Corazón de Jesús">
				<dcolumn name="Date1" class="Date" value="2019-07-01 00:00:00.00"/>
				<dcolumn name="C_Calendar_ID" lookupname="GardenWorld Calendar"/>
			</drow>
			<drow name="2019 - Día de la independencia">
				<dcolumn name="Date1" class="Date" value="2019-07-20 00:00:00.00"/>
				<dcolumn name="C_Calendar_ID" lookupname="GardenWorld Calendar"/>
			</drow>
			<drow name="2019 - Batalla de Boyacá">
				<dcolumn name="Date1" class="Date" value="2019-08-07 00:00:00.00"/>
				<dcolumn name="C_Calendar_ID" lookupname="GardenWorld Calendar"/>
			</drow>
			<drow name="2019 - Asunción de la Virgen">
				<dcolumn name="Date1" class="Date" value="2019-08-19 00:00:00.00"/>
				<dcolumn name="C_Calendar_ID" lookupname="GardenWorld Calendar"/>
			</drow>
			<drow name="2019 - Día de la raza">
				<dcolumn name="Date1" class="Date" value="2019-10-14 00:00:00.00"/>
				<dcolumn name="C_Calendar_ID" lookupname="GardenWorld Calendar"/>
			</drow>
			<drow name="2019 - Todos los Santos">
				<dcolumn name="Date1" class="Date" value="2019-11-04 00:00:00.00"/>
				<dcolumn name="C_Calendar_ID" lookupname="GardenWorld Calendar"/>
			</drow>
			<drow name="2019 - Independencia de Cartagena">
				<dcolumn name="Date1" class="Date" value="2019-11-11 00:00:00.00"/>
				<dcolumn name="C_Calendar_ID" lookupname="GardenWorld Calendar"/>
			</drow>
			<drow name="2019 - Inmaculada Concepción">
				<dcolumn name="Date1" class="Date" value="2019-12-08 00:00:00.00"/>
				<dcolumn name="C_Calendar_ID" lookupname="GardenWorld Calendar"/>
			</drow>
			<drow name="2019 - Navidad">
				<dcolumn name="Date1" class="Date" value="2019-12-25 00:00:00.00"/>
				<dcolumn name="C_Calendar_ID" lookupname="GardenWorld Calendar"/>
			</drow>
			<drow name="2020 - Año nuevo">
				<dcolumn name="Date1" class="Date" value="2020-01-01 00:00:00.00"/>
				<dcolumn name="C_Calendar_ID" lookupname="GardenWorld Calendar"/>
			</drow>
			<drow name="2020 - Epifanía - Día de los Reyes Magos">
				<dcolumn name="Date1" class="Date" value="2020-01-06 00:00:00.00"/>
				<dcolumn name="C_Calendar_ID" lookupname="GardenWorld Calendar"/>
			</drow>
			<drow name="2020 - San José">
				<dcolumn name="Date1" class="Date" value="2020-03-23 00:00:00.00"/>
				<dcolumn name="C_Calendar_ID" lookupname="GardenWorld Calendar"/>
			</drow>
			<drow name="2020 - Jueves Santo">
				<dcolumn name="Date1" class="Date" value="2020-04-09 00:00:00.00"/>
				<dcolumn name="C_Calendar_ID" lookupname="GardenWorld Calendar"/>
			</drow>
			<drow name="2020 - Viernes Santo">
				<dcolumn name="Date1" class="Date" value="2020-04-10 00:00:00.00"/>
				<dcolumn name="C_Calendar_ID" lookupname="GardenWorld Calendar"/>
			</drow>
			<drow name="2020 - Domingo de Pascua">
				<dcolumn name="Date1" class="Date" value="2020-04-12 00:00:00.00"/>
				<dcolumn name="C_Calendar_ID" lookupname="GardenWorld Calendar"/>
			</drow>
			<drow name="2020 - Día del trabajo">
				<dcolumn name="Date1" class="Date" value="2020-05-01 00:00:00.00"/>
				<dcolumn name="C_Calendar_ID" lookupname="GardenWorld Calendar"/>
			</drow>
			<drow name="2020 - Ascensión de Jesús">
				<dcolumn name="Date1" class="Date" value="2020-05-25 00:00:00.00"/>
				<dcolumn name="C_Calendar_ID" lookupname="GardenWorld Calendar"/>
			</drow>
			<drow name="2020 - Corpus Christi">
				<dcolumn name="Date1" class="Date" value="2020-06-15 00:00:00.00"/>
				<dcolumn name="C_Calendar_ID" lookupname="GardenWorld Calendar"/>
			</drow>
			<drow name="2020 - Sagrado Corazón de Jesús">
				<dcolumn name="Date1" class="Date" value="2020-06-22 00:00:00.00"/>
				<dcolumn name="C_Calendar_ID" lookupname="GardenWorld Calendar"/>
			</drow>
			<drow name="2020 - San Pedro y San Pablo">
				<dcolumn name="Date1" class="Date" value="2020-06-29 00:00:00.00"/>
				<dcolumn name="C_Calendar_ID" lookupname="GardenWorld Calendar"/>
			</drow>
			<drow name="2020 - Día de la independencia">
				<dcolumn name="Date1" class="Date" value="2020-07-20 00:00:00.00"/>
				<dcolumn name="C_Calendar_ID" lookupname="GardenWorld Calendar"/>
			</drow>
			<drow name="2020 - Batalla de Boyacá">
				<dcolumn name="Date1" class="Date" value="2020-08-07 00:00:00.00"/>
				<dcolumn name="C_Calendar_ID" lookupname="GardenWorld Calendar"/>
			</drow>
			<drow name="2020 - Asunción de la Virgen">
				<dcolumn name="Date1" class="Date" value="2020-08-17 00:00:00.00"/>
				<dcolumn name="C_Calendar_ID" lookupname="GardenWorld Calendar"/>
			</drow>
			<drow name="2020 - Día de la raza">
				<dcolumn name="Date1" class="Date" value="2020-10-12 00:00:00.00"/>
				<dcolumn name="C_Calendar_ID" lookupname="GardenWorld Calendar"/>
			</drow>
			<drow name="2020 - Todos los Santos">
				<dcolumn name="Date1" class="Date" value="2020-11-02 00:00:00.00"/>
				<dcolumn name="C_Calendar_ID" lookupname="GardenWorld Calendar"/>
			</drow>
			<drow name="2020 - Independencia de Cartagena">
				<dcolumn name="Date1" class="Date" value="2020-11-16 00:00:00.00"/>
				<dcolumn name="C_Calendar_ID" lookupname="GardenWorld Calendar"/>
			</drow>
			<drow name="2020 - Inmaculada Concepción">
				<dcolumn name="Date1" class="Date" value="2020-12-08 00:00:00.00"/>
				<dcolumn name="C_Calendar_ID" lookupname="GardenWorld Calendar"/>
			</drow>
			<drow name="2020 - Navidad">
				<dcolumn name="Date1" class="Date" value="2020-12-25 00:00:00.00"/>
				<dcolumn name="C_Calendar_ID" lookupname="GardenWorld Calendar"/>
			</drow>
		</dtable>
		<SQLStatement DBType="ALL" statement="UPDATE ad_column SET isupdateable = 'N' WHERE ad_column_id IN (827, 836)"/>
	</adempieredata>
</adempiereAD>
