<?xml version="1.0" encoding="UTF-8"?><idempiere Name="C_DocType" Version="1.0.0" idempiereVersion="5.1.0.qualifier" DataBaseVersion="2017-10-31" Description="" Author="SuperUser" AuthorEmail="superuser @ idempiere.com" CreatedDate="Tue Dec 04 15:09:20 COT 2018" UpdatedDate="Tue Dec 04 15:09:20 COT 2018" PackOutVersion="100" UpdateDictionary="true" Client="11-GardenWorld-GardenWorld" AD_Client_UU="3268b9a8-10d8-466d-96e5-aa01166408fa">
    <C_DocType type="table">
        <AD_Org_ID>0</AD_Org_ID>
        <IsActive>Y</IsActive>
        <Name>AR Invoice BI</Name>
        <Description/>
        <IsDocNoControlled>Y</IsDocNoControlled>
        <DocNoSequence_ID reference="id">374</DocNoSequence_ID>
        <GL_Category_ID reference="id">109</GL_Category_ID>
        <PrintName>Invoice BI</PrintName>
        <DocBaseType>ARI</DocBaseType>
        <DocumentNote>Document Type Note for general and promotional text.</DocumentNote>
        <DocSubTypeSO/>
        <HasCharges>N</HasCharges>
        <HasProforma>N</HasProforma>
        <C_DocTypeProforma_ID reference="id"/>
        <C_DocTypeShipment_ID reference="id"/>
        <C_DocTypeInvoice_ID reference="id"/>
        <IsDefault>N</IsDefault>
        <DocumentCopies>0</DocumentCopies>
        <IsSOTrx>Y</IsSOTrx>
        <AD_PrintFormat_ID reference="id"/>
        <IsDefaultCounterDoc>Y</IsDefaultCounterDoc>
        <IsPickQAConfirm>N</IsPickQAConfirm>
        <IsShipConfirm>N</IsShipConfirm>
        <IsInTransit>N</IsInTransit>
        <C_DocTypeDifference_ID reference="id"/>
        <IsSplitWhenDifference>N</IsSplitWhenDifference>
        <IsCreateCounter>Y</IsCreateCounter>
        <IsIndexed>Y</IsIndexed>
        <IsOverwriteSeqOnComplete>Y</IsOverwriteSeqOnComplete>
        <DefiniteSequence_ID reference="uuid" reference-key="AD_Sequence">b340a63b-e5b1-4e3c-9632-9fe57c94c001</DefiniteSequence_ID>
        <IsOverwriteDateOnComplete>N</IsOverwriteDateOnComplete>
        <IsPrepareSplitDocument>Y</IsPrepareSplitDocument>
        <C_DocType_UU>032c80e6-0de7-4fc3-9d5c-e48149accc56</C_DocType_UU>
        <IsChargeOrProductMandatory>N</IsChargeOrProductMandatory>
        <DocSubTypeInv/>
        <GenerateWithholding>A</GenerateWithholding>
        <LCO_FE_DocType_ID reference="uuid" reference-key="LCO_FE_DocType">d65e2d07-1c09-4619-8140-98be9a368ae5</LCO_FE_DocType_ID>
        <LCO_FE_IsUseContingency>N</LCO_FE_IsUseContingency>
        <LCO_FE_IsGenerateInBatch>N</LCO_FE_IsGenerateInBatch>
        <LCO_FE_IsExport>N</LCO_FE_IsExport>
        <C_DocType_Trl type="translation">
            <DocumentNote>Document Type Note for general and promotional text.</DocumentNote>
            <PrintName>Factura de Venta  FE</PrintName>
            <Name>Factura de Venta  FE</Name>
            <AD_Language>es_CO</AD_Language>
            <IsActive>Y</IsActive>
            <IsTranslated>N</IsTranslated>
        </C_DocType_Trl>
    </C_DocType>
</idempiere>
