<?xml version="1.0" encoding="ISO-8859-1"?>
<?xml-stylesheet type="text/css" href="adempiereDocument.css"?>

<adempiereDocument>
    <header>LCO_MediosMagneticosBaseData Package Description</header>
    <H1>Package Name:</H1>
    <packagename>LCO_MediosMagneticosBaseData</packagename>
    <H1>Creator:</H1>
    <creator>info@globalqss.com</creator>
    <H1>Email Address:</H1>
    <creatorcontact>info@globalqss.com</creatorcontact>
    <H1>Created:</H1>
    <createddate>2009-03-02 22:30:17</createddate>
    <H1>Updated:</H1>
    <updateddate>2009-08-26 13:28:24</updateddate>
    <H1>Description:</H1>
    <description>LCO Medios Magneticos DIAN - Datos ejemplo en GardenWorld</description>
    <H1>Instructions:</H1>
    <instructions>Packin</instructions>
    <H1>Files in Package:</H1>
    <file>File: PackOut.xml</file>
    <filedirectory>Directory: \dict\</filedirectory>
    <filenotes>Notes: Contains all application/object settings for package</filenotes>
</adempiereDocument>
