<?xml version="1.0" encoding="UTF-8"?><idempiere Name="2Pack_6.2.0" Version="6.2.0" idempiereVersion="" DataBaseVersion="" Description="Fix database constraints to make them DEFERRABLE INITIALLY DEFERRED" Author="" AuthorEmail="info@globalqss.com" CreatedDate="2019-03-20 14:49:35.099" UpdatedDate="2019-03-20 14:50:39.854" PackOutVersion="100" UpdateDictionary="false" Client="0-SYSTEM-System" AD_Client_UU="11237b53-9592-4af1-b3c5-afd216514b5d">
    <SQLStatement type="custom">
        <DBType>ALL</DBType>
        <statement>
            <![CDATA[ALTER TABLE lco_dian_conceptformat DROP CONSTRAINT lcodianconcept_lcodianconceptf]]>
        </statement>
    </SQLStatement>
    <SQLStatement type="custom">
        <DBType>ALL</DBType>
        <statement>
            <![CDATA[ALTER TABLE lco_dian_conceptformat ADD CONSTRAINT lcodianconcept_lcodianconceptf FOREIGN KEY (lco_dian_concept_id) REFERENCES lco_dian_concept(lco_dian_concept_id) DEFERRABLE INITIALLY DEFERRED]]>
        </statement>
    </SQLStatement>
    <SQLStatement type="custom">
        <DBType>ALL</DBType>
        <statement>
            <![CDATA[ALTER TABLE lco_dian_conceptformat DROP CONSTRAINT lcodianformat_lcodianconceptfo]]>
        </statement>
    </SQLStatement>
    <SQLStatement type="custom">
        <DBType>ALL</DBType>
        <statement>
            <![CDATA[ALTER TABLE lco_dian_conceptformat ADD CONSTRAINT lcodianformat_lcodianconceptfo FOREIGN KEY (lco_dian_format_id) REFERENCES lco_dian_format(lco_dian_format_id) DEFERRABLE INITIALLY DEFERRED]]>
        </statement>
    </SQLStatement>
    <SQLStatement type="custom">
        <DBType>ALL</DBType>
        <statement>
            <![CDATA[ALTER TABLE lco_dian_conceptsource DROP CONSTRAINT celementvalue_lcodianconceptso]]>
        </statement>
    </SQLStatement>
    <SQLStatement type="custom">
        <DBType>ALL</DBType>
        <statement>
            <![CDATA[ALTER TABLE lco_dian_conceptsource ADD CONSTRAINT celementvalue_lcodianconceptso FOREIGN KEY (c_elementvalue_id) REFERENCES c_elementvalue(c_elementvalue_id) DEFERRABLE INITIALLY DEFERRED]]>
        </statement>
    </SQLStatement>
    <SQLStatement type="custom">
        <DBType>ALL</DBType>
        <statement>
            <![CDATA[ALTER TABLE lco_dian_conceptsource DROP CONSTRAINT glcategory_lcodianconceptsourc]]>
        </statement>
    </SQLStatement>
    <SQLStatement type="custom">
        <DBType>ALL</DBType>
        <statement>
            <![CDATA[ALTER TABLE lco_dian_conceptsource ADD CONSTRAINT glcategory_lcodianconceptsourc FOREIGN KEY (gl_category_id) REFERENCES gl_category(gl_category_id) DEFERRABLE INITIALLY DEFERRED]]>
        </statement>
    </SQLStatement>
    <SQLStatement type="custom">
        <DBType>ALL</DBType>
        <statement>
            <![CDATA[ALTER TABLE lco_dian_conceptsource DROP CONSTRAINT lcodianconcept_lcodianconcepts]]>
        </statement>
    </SQLStatement>
    <SQLStatement type="custom">
        <DBType>ALL</DBType>
        <statement>
            <![CDATA[ALTER TABLE lco_dian_conceptsource ADD CONSTRAINT lcodianconcept_lcodianconcepts FOREIGN KEY (lco_dian_concept_id) REFERENCES lco_dian_concept(lco_dian_concept_id) DEFERRABLE INITIALLY DEFERRED]]>
        </statement>
    </SQLStatement>
    <SQLStatement type="custom">
        <DBType>ALL</DBType>
        <statement>
            <![CDATA[ALTER TABLE lco_dian_fieldformat DROP CONSTRAINT lcodianformat_lcodianfieldform]]>
        </statement>
    </SQLStatement>
    <SQLStatement type="custom">
        <DBType>ALL</DBType>
        <statement>
            <![CDATA[ALTER TABLE lco_dian_fieldformat ADD CONSTRAINT lcodianformat_lcodianfieldform FOREIGN KEY (lco_dian_format_id) REFERENCES lco_dian_format(lco_dian_format_id) DEFERRABLE INITIALLY DEFERRED]]>
        </statement>
    </SQLStatement>
    <SQLStatement type="custom">
        <DBType>ALL</DBType>
        <statement>
            <![CDATA[ALTER TABLE lco_dian_fieldformat DROP CONSTRAINT lcodianxmlprintlabel_lcodianfi]]>
        </statement>
    </SQLStatement>
    <SQLStatement type="custom">
        <DBType>ALL</DBType>
        <statement>
            <![CDATA[ALTER TABLE lco_dian_fieldformat ADD CONSTRAINT lcodianxmlprintlabel_lcodianfi FOREIGN KEY (lco_dian_xmlprintlabel_id) REFERENCES lco_dian_xmlprintlabel(lco_dian_xmlprintlabel_id) DEFERRABLE INITIALLY DEFERRED]]>
        </statement>
    </SQLStatement>
    <SQLStatement type="custom">
        <DBType>ALL</DBType>
        <statement>
            <![CDATA[ALTER TABLE lco_dian_format DROP CONSTRAINT cacctschema_lcodianformat]]>
        </statement>
    </SQLStatement>
    <SQLStatement type="custom">
        <DBType>ALL</DBType>
        <statement>
            <![CDATA[ALTER TABLE lco_dian_format ADD CONSTRAINT cacctschema_lcodianformat FOREIGN KEY (c_acctschema_id) REFERENCES c_acctschema(c_acctschema_id) DEFERRABLE INITIALLY DEFERRED]]>
        </statement>
    </SQLStatement>
    <SQLStatement type="custom">
        <DBType>ALL</DBType>
        <statement>
            <![CDATA[ALTER TABLE lco_dian_format DROP CONSTRAINT lcodianxmlprintlabel_lcodianfo]]>
        </statement>
    </SQLStatement>
    <SQLStatement type="custom">
        <DBType>ALL</DBType>
        <statement>
            <![CDATA[ALTER TABLE lco_dian_format ADD CONSTRAINT lcodianxmlprintlabel_lcodianfo FOREIGN KEY (lco_dian_xmlprintlabel_id) REFERENCES lco_dian_xmlprintlabel(lco_dian_xmlprintlabel_id) DEFERRABLE INITIALLY DEFERRED]]>
        </statement>
    </SQLStatement>
    <SQLStatement type="custom">
        <DBType>ALL</DBType>
        <statement>
            <![CDATA[ALTER TABLE lco_dian_format DROP CONSTRAINT pahierarchy_lcodianformat]]>
        </statement>
    </SQLStatement>
    <SQLStatement type="custom">
        <DBType>ALL</DBType>
        <statement>
            <![CDATA[ALTER TABLE lco_dian_format ADD CONSTRAINT pahierarchy_lcodianformat FOREIGN KEY (pa_hierarchy_id) REFERENCES pa_hierarchy(pa_hierarchy_id) DEFERRABLE INITIALLY DEFERRED]]>
        </statement>
    </SQLStatement>
    <SQLStatement type="custom">
        <DBType>ALL</DBType>
        <statement>
            <![CDATA[ALTER TABLE lco_dian_sendschedule DROP CONSTRAINT cyear_lcodiansendschedule]]>
        </statement>
    </SQLStatement>
    <SQLStatement type="custom">
        <DBType>ALL</DBType>
        <statement>
            <![CDATA[ALTER TABLE lco_dian_sendschedule ADD CONSTRAINT cyear_lcodiansendschedule FOREIGN KEY (c_year_id) REFERENCES c_year(c_year_id) DEFERRABLE INITIALLY DEFERRED]]>
        </statement>
    </SQLStatement>
    <SQLStatement type="custom">
        <DBType>ALL</DBType>
        <statement>
            <![CDATA[ALTER TABLE lco_dian_sendschedule DROP CONSTRAINT lcodianformat_lcodiansendsched]]>
        </statement>
    </SQLStatement>
    <SQLStatement type="custom">
        <DBType>ALL</DBType>
        <statement>
            <![CDATA[ALTER TABLE lco_dian_sendschedule ADD CONSTRAINT lcodianformat_lcodiansendsched FOREIGN KEY (lco_dian_format_id) REFERENCES lco_dian_format(lco_dian_format_id) DEFERRABLE INITIALLY DEFERRED]]>
        </statement>
    </SQLStatement>
    <SQLStatement type="custom">
        <DBType>ALL</DBType>
        <statement>
            <![CDATA[ALTER TABLE lco_dian_sendscheduleline DROP CONSTRAINT cbpartner_lcodiansendschedulel]]>
        </statement>
    </SQLStatement>
    <SQLStatement type="custom">
        <DBType>ALL</DBType>
        <statement>
            <![CDATA[ALTER TABLE lco_dian_sendscheduleline ADD CONSTRAINT cbpartner_lcodiansendschedulel FOREIGN KEY (c_bpartner_id) REFERENCES c_bpartner(c_bpartner_id) DEFERRABLE INITIALLY DEFERRED]]>
        </statement>
    </SQLStatement>
    <SQLStatement type="custom">
        <DBType>ALL</DBType>
        <statement>
            <![CDATA[ALTER TABLE lco_dian_sendscheduleline DROP CONSTRAINT cbpartnerlocation_lcodiansends]]>
        </statement>
    </SQLStatement>
    <SQLStatement type="custom">
        <DBType>ALL</DBType>
        <statement>
            <![CDATA[ALTER TABLE lco_dian_sendscheduleline ADD CONSTRAINT cbpartnerlocation_lcodiansends FOREIGN KEY (c_bpartner_location_id) REFERENCES c_bpartner_location(c_bpartner_location_id) DEFERRABLE INITIALLY DEFERRED]]>
        </statement>
    </SQLStatement>
    <SQLStatement type="custom">
        <DBType>ALL</DBType>
        <statement>
            <![CDATA[ALTER TABLE lco_dian_sendscheduleline DROP CONSTRAINT lcodianconcept_lcodiansendsche]]>
        </statement>
    </SQLStatement>
    <SQLStatement type="custom">
        <DBType>ALL</DBType>
        <statement>
            <![CDATA[ALTER TABLE lco_dian_sendscheduleline ADD CONSTRAINT lcodianconcept_lcodiansendsche FOREIGN KEY (lco_dian_concept_id) REFERENCES lco_dian_concept(lco_dian_concept_id) DEFERRABLE INITIALLY DEFERRED]]>
        </statement>
    </SQLStatement>
    <SQLStatement type="custom">
        <DBType>ALL</DBType>
        <statement>
            <![CDATA[ALTER TABLE lco_dian_sendscheduleline DROP CONSTRAINT lcodiansendschedule_lcodiansen]]>
        </statement>
    </SQLStatement>
    <SQLStatement type="custom">
        <DBType>ALL</DBType>
        <statement>
            <![CDATA[ALTER TABLE lco_dian_sendscheduleline ADD CONSTRAINT lcodiansendschedule_lcodiansen FOREIGN KEY (lco_dian_sendschedule_id) REFERENCES lco_dian_sendschedule(lco_dian_sendschedule_id) DEFERRABLE INITIALLY DEFERRED]]>
        </statement>
    </SQLStatement>
    <SQLStatement type="custom">
        <DBType>ALL</DBType>
        <statement>
            <![CDATA[ALTER TABLE lco_dian_sendscheduleline DROP CONSTRAINT lcodianxmlheader_lcodiansendsc]]>
        </statement>
    </SQLStatement>
    <SQLStatement type="custom">
        <DBType>ALL</DBType>
        <statement>
            <![CDATA[ALTER TABLE lco_dian_sendscheduleline ADD CONSTRAINT lcodianxmlheader_lcodiansendsc FOREIGN KEY (lco_dian_xml_header_id) REFERENCES lco_dian_xml_header(lco_dian_xml_header_id) DEFERRABLE INITIALLY DEFERRED]]>
        </statement>
    </SQLStatement>
    <SQLStatement type="custom">
        <DBType>ALL</DBType>
        <statement>
            <![CDATA[ALTER TABLE lco_dian_xml_header DROP CONSTRAINT lcodiansendschedule_lcodianxml]]>
        </statement>
    </SQLStatement>
    <SQLStatement type="custom">
        <DBType>ALL</DBType>
        <statement>
            <![CDATA[ALTER TABLE lco_dian_xml_header ADD CONSTRAINT lcodiansendschedule_lcodianxml FOREIGN KEY (lco_dian_sendschedule_id) REFERENCES lco_dian_sendschedule(lco_dian_sendschedule_id) DEFERRABLE INITIALLY DEFERRED]]>
        </statement>
    </SQLStatement>
    <SQLStatement type="custom">
        <DBType>ALL</DBType>
        <statement>
            <![CDATA[ALTER TABLE lco_dian_format DROP CONSTRAINT adsequence_lcodianformat; COMMIT]]>
        </statement>
    </SQLStatement>
    <SQLStatement type="custom">
        <DBType>ALL</DBType>
        <statement>
            <![CDATA[ALTER TABLE lco_dian_format ADD CONSTRAINT adsequence_lcodianformat FOREIGN KEY (ad_sequence_id) REFERENCES ad_sequence(ad_sequence_id) DEFERRABLE INITIALLY DEFERRED; COMMIT]]>
        </statement>
    </SQLStatement>
</idempiere>
