<?xml version="1.0" encoding="UTF-8"?><idempiere Name="LCO_FE_TributaryGroup" Version="1.0.0" idempiereVersion="5.1.0.v20180705-1506" DataBaseVersion="2017-10-31" Description="" Author="Jesus Garcia" AuthorEmail="jesus.garcia@globalqss.com" CreatedDate="Thu Nov 29 09:36:16 COT 2018" UpdatedDate="Thu Nov 29 09:36:16 COT 2018" PackOutVersion="100" UpdateDictionary="true" Client="1000001-Brigard Castro S.A.S.-Brigard Castro S.A.S." AD_Client_UU="8cc308de-2c27-4ffa-bf0f-598925b4e219">
    <LCO_FE_TributaryGroup type="table">
        <AD_Org_ID>0</AD_Org_ID>
        <IsActive>Y</IsActive>
        <Value>T23-Tipos Obligaciones-Responsabilidades</Value>
        <Name>Tabla 23 DIAN - RUT Renglon 53</Name>
        <LCO_FE_TributaryGroup_UU>313d8251-2638-4eae-b51a-07f3a7fd6885</LCO_FE_TributaryGroup_UU>
        <LCO_FE_TributaryType type="table">
            <AD_Org_ID>0</AD_Org_ID>
            <IsActive>Y</IsActive>
            <Value>O-05</Value>
            <Name>Impuesto sobre la renta y complementario régimen ordinario</Name>
            <LCO_FE_TributaryGroup_ID reference="uuid" reference-key="LCO_FE_TributaryGroup">313d8251-2638-4eae-b51a-07f3a7fd6885</LCO_FE_TributaryGroup_ID>
            <IsMain>N</IsMain>
            <LCO_FE_TributaryType_UU>5761477d-5961-4b90-9592-a15a5a7eb7f0</LCO_FE_TributaryType_UU>
        </LCO_FE_TributaryType>
        <LCO_FE_TributaryType type="table">
            <AD_Org_ID>0</AD_Org_ID>
            <IsActive>Y</IsActive>
            <Value>O-41</Value>
            <Name>Declaración anual de activos en el exterior</Name>
            <LCO_FE_TributaryGroup_ID reference="uuid" reference-key="LCO_FE_TributaryGroup">313d8251-2638-4eae-b51a-07f3a7fd6885</LCO_FE_TributaryGroup_ID>
            <IsMain>N</IsMain>
            <LCO_FE_TributaryType_UU>f1b65bf0-51f5-4d67-bfcd-d7e60f48b768</LCO_FE_TributaryType_UU>
        </LCO_FE_TributaryType>
        <LCO_FE_TributaryType type="table">
            <AD_Org_ID>0</AD_Org_ID>
            <IsActive>Y</IsActive>
            <Value>O-99</Value>
            <Name>Otro tipo de obligado</Name>
            <LCO_FE_TributaryGroup_ID reference="uuid" reference-key="LCO_FE_TributaryGroup">313d8251-2638-4eae-b51a-07f3a7fd6885</LCO_FE_TributaryGroup_ID>
            <IsMain>N</IsMain>
            <LCO_FE_TributaryType_UU>f028ed63-2a8d-4e55-a8bf-a448ec6f58a6</LCO_FE_TributaryType_UU>
        </LCO_FE_TributaryType>
        <LCO_FE_TributaryType type="table">
            <AD_Org_ID>0</AD_Org_ID>
            <IsActive>Y</IsActive>
            <Value>A-56</Value>
            <Name>Agencias de aduanas 3</Name>
            <LCO_FE_TributaryGroup_ID reference="uuid" reference-key="LCO_FE_TributaryGroup">313d8251-2638-4eae-b51a-07f3a7fd6885</LCO_FE_TributaryGroup_ID>
            <IsMain>N</IsMain>
            <LCO_FE_TributaryType_UU>b8367122-3780-4253-a9ec-dbe370e28edb</LCO_FE_TributaryType_UU>
        </LCO_FE_TributaryType>
        <LCO_FE_TributaryType type="table">
            <AD_Org_ID>0</AD_Org_ID>
            <IsActive>Y</IsActive>
            <Value>A-61</Value>
            <Name>Importador de alimentos de consumo humano y animal</Name>
            <LCO_FE_TributaryGroup_ID reference="uuid" reference-key="LCO_FE_TributaryGroup">313d8251-2638-4eae-b51a-07f3a7fd6885</LCO_FE_TributaryGroup_ID>
            <IsMain>N</IsMain>
            <LCO_FE_TributaryType_UU>a4bec9f4-dd77-481f-92d3-c670983e9e87</LCO_FE_TributaryType_UU>
        </LCO_FE_TributaryType>
        <LCO_FE_TributaryType type="table">
            <AD_Org_ID>0</AD_Org_ID>
            <IsActive>Y</IsActive>
            <Value>O-04</Value>
            <Name>Impuesto sobre la renta y complementario régimen tributario</Name>
            <LCO_FE_TributaryGroup_ID reference="uuid" reference-key="LCO_FE_TributaryGroup">313d8251-2638-4eae-b51a-07f3a7fd6885</LCO_FE_TributaryGroup_ID>
            <IsMain>N</IsMain>
            <LCO_FE_TributaryType_UU>091a79e1-53d4-4a29-b3bc-a5bb780ac942</LCO_FE_TributaryType_UU>
        </LCO_FE_TributaryType>
        <LCO_FE_TributaryType type="table">
            <AD_Org_ID>0</AD_Org_ID>
            <IsActive>Y</IsActive>
            <Value>O-24</Value>
            <Name>Declaración Informativa Consolidada Precios de transferencia</Name>
            <LCO_FE_TributaryGroup_ID reference="uuid" reference-key="LCO_FE_TributaryGroup">313d8251-2638-4eae-b51a-07f3a7fd6885</LCO_FE_TributaryGroup_ID>
            <IsMain>N</IsMain>
            <LCO_FE_TributaryType_UU>2c5f2609-1cbe-4c3b-926f-771578992528</LCO_FE_TributaryType_UU>
        </LCO_FE_TributaryType>
        <LCO_FE_TributaryType type="table">
            <AD_Org_ID>0</AD_Org_ID>
            <IsActive>Y</IsActive>
            <Value>O-39</Value>
            <Name>Proveedor de Servicios Tecnológicos PST Modelo 2242</Name>
            <LCO_FE_TributaryGroup_ID reference="uuid" reference-key="LCO_FE_TributaryGroup">313d8251-2638-4eae-b51a-07f3a7fd6885</LCO_FE_TributaryGroup_ID>
            <IsMain>N</IsMain>
            <LCO_FE_TributaryType_UU>52fae2c2-c293-45d8-8d79-23b054ebfb93</LCO_FE_TributaryType_UU>
        </LCO_FE_TributaryType>
        <LCO_FE_TributaryType type="table">
            <AD_Org_ID>0</AD_Org_ID>
            <IsActive>Y</IsActive>
            <Value>A-63</Value>
            <Name>Importador de maquinaria y sus partes Decreto 2261 de 2012</Name>
            <LCO_FE_TributaryGroup_ID reference="uuid" reference-key="LCO_FE_TributaryGroup">313d8251-2638-4eae-b51a-07f3a7fd6885</LCO_FE_TributaryGroup_ID>
            <IsMain>N</IsMain>
            <LCO_FE_TributaryType_UU>2b3b4cbc-3413-4ad5-ab47-4e98911f7ae8</LCO_FE_TributaryType_UU>
        </LCO_FE_TributaryType>
        <LCO_FE_TributaryType type="table">
            <AD_Org_ID>0</AD_Org_ID>
            <IsActive>Y</IsActive>
            <Value>O-33</Value>
            <Name>Impuesto Nacional al consumo</Name>
            <LCO_FE_TributaryGroup_ID reference="uuid" reference-key="LCO_FE_TributaryGroup">313d8251-2638-4eae-b51a-07f3a7fd6885</LCO_FE_TributaryGroup_ID>
            <IsMain>N</IsMain>
            <LCO_FE_TributaryType_UU>d3d1471f-4d29-43ae-9bb9-1cb0b9d2981f</LCO_FE_TributaryType_UU>
        </LCO_FE_TributaryType>
        <LCO_FE_TributaryType type="table">
            <AD_Org_ID>0</AD_Org_ID>
            <IsActive>Y</IsActive>
            <Value>O-01</Value>
            <Name>Aporte especial para la administración de justicia</Name>
            <LCO_FE_TributaryGroup_ID reference="uuid" reference-key="LCO_FE_TributaryGroup">313d8251-2638-4eae-b51a-07f3a7fd6885</LCO_FE_TributaryGroup_ID>
            <IsMain>N</IsMain>
            <LCO_FE_TributaryType_UU>c69104b9-bc4c-4483-b746-a6f984af6d3d</LCO_FE_TributaryType_UU>
        </LCO_FE_TributaryType>
        <LCO_FE_TributaryType type="table">
            <AD_Org_ID>0</AD_Org_ID>
            <IsActive>Y</IsActive>
            <Value>O-07</Value>
            <Name>Retención en la fuente a título de renta</Name>
            <LCO_FE_TributaryGroup_ID reference="uuid" reference-key="LCO_FE_TributaryGroup">313d8251-2638-4eae-b51a-07f3a7fd6885</LCO_FE_TributaryGroup_ID>
            <IsMain>N</IsMain>
            <LCO_FE_TributaryType_UU>4d28cd38-0185-4a02-98d7-f2cc4d0c7343</LCO_FE_TributaryType_UU>
        </LCO_FE_TributaryType>
        <LCO_FE_TributaryType type="table">
            <AD_Org_ID>0</AD_Org_ID>
            <IsActive>Y</IsActive>
            <Value>A-41</Value>
            <Name>Beneficiarios de programas especiales de exportación PEX</Name>
            <LCO_FE_TributaryGroup_ID reference="uuid" reference-key="LCO_FE_TributaryGroup">313d8251-2638-4eae-b51a-07f3a7fd6885</LCO_FE_TributaryGroup_ID>
            <IsMain>N</IsMain>
            <LCO_FE_TributaryType_UU>2f9d2b81-13b7-4ad1-a6e4-dc02708a22cc</LCO_FE_TributaryType_UU>
        </LCO_FE_TributaryType>
        <LCO_FE_TributaryType type="table">
            <AD_Org_ID>0</AD_Org_ID>
            <IsActive>Y</IsActive>
            <Value>A-42</Value>
            <Name>Depósitos privados para mercancías en tránsito San Andrés</Name>
            <LCO_FE_TributaryGroup_ID reference="uuid" reference-key="LCO_FE_TributaryGroup">313d8251-2638-4eae-b51a-07f3a7fd6885</LCO_FE_TributaryGroup_ID>
            <IsMain>N</IsMain>
            <LCO_FE_TributaryType_UU>e7556811-17f4-4acb-a51a-4bf40542a61d</LCO_FE_TributaryType_UU>
        </LCO_FE_TributaryType>
        <LCO_FE_TributaryType type="table">
            <AD_Org_ID>0</AD_Org_ID>
            <IsActive>Y</IsActive>
            <Value>A-44</Value>
            <Name>Usuarios sistemas especiales Importación exportación</Name>
            <LCO_FE_TributaryGroup_ID reference="uuid" reference-key="LCO_FE_TributaryGroup">313d8251-2638-4eae-b51a-07f3a7fd6885</LCO_FE_TributaryGroup_ID>
            <IsMain>N</IsMain>
            <LCO_FE_TributaryType_UU>cd419262-4d4a-4a4b-8918-38ed824fb403</LCO_FE_TributaryType_UU>
        </LCO_FE_TributaryType>
        <LCO_FE_TributaryType type="table">
            <AD_Org_ID>0</AD_Org_ID>
            <IsActive>Y</IsActive>
            <Value>A-43</Value>
            <Name>Observadores de las operaciones de importación</Name>
            <LCO_FE_TributaryGroup_ID reference="uuid" reference-key="LCO_FE_TributaryGroup">313d8251-2638-4eae-b51a-07f3a7fd6885</LCO_FE_TributaryGroup_ID>
            <IsMain>N</IsMain>
            <LCO_FE_TributaryType_UU>20f0e575-ceab-48c1-bc91-7ecf904244fa</LCO_FE_TributaryType_UU>
        </LCO_FE_TributaryType>
        <LCO_FE_TributaryType type="table">
            <AD_Org_ID>0</AD_Org_ID>
            <IsActive>Y</IsActive>
            <Value>A-46</Value>
            <Name>Transportador maritimo régimen de importación y/o exportació</Name>
            <LCO_FE_TributaryGroup_ID reference="uuid" reference-key="LCO_FE_TributaryGroup">313d8251-2638-4eae-b51a-07f3a7fd6885</LCO_FE_TributaryGroup_ID>
            <IsMain>N</IsMain>
            <LCO_FE_TributaryType_UU>536cf5a5-1699-4baa-b922-c4b2d2a2b1b0</LCO_FE_TributaryType_UU>
        </LCO_FE_TributaryType>
        <LCO_FE_TributaryType type="table">
            <AD_Org_ID>0</AD_Org_ID>
            <IsActive>Y</IsActive>
            <Value>A-47</Value>
            <Name>Transportador terrestre régimen de importación y/o exportaci</Name>
            <LCO_FE_TributaryGroup_ID reference="uuid" reference-key="LCO_FE_TributaryGroup">313d8251-2638-4eae-b51a-07f3a7fd6885</LCO_FE_TributaryGroup_ID>
            <IsMain>N</IsMain>
            <LCO_FE_TributaryType_UU>e5d46d4f-0200-4f18-9e3f-895713b7e34e</LCO_FE_TributaryType_UU>
        </LCO_FE_TributaryType>
        <LCO_FE_TributaryType type="table">
            <AD_Org_ID>0</AD_Org_ID>
            <IsActive>Y</IsActive>
            <Value>A-49</Value>
            <Name>Transportador fluvial régimen de importación</Name>
            <LCO_FE_TributaryGroup_ID reference="uuid" reference-key="LCO_FE_TributaryGroup">313d8251-2638-4eae-b51a-07f3a7fd6885</LCO_FE_TributaryGroup_ID>
            <IsMain>N</IsMain>
            <LCO_FE_TributaryType_UU>90df8f25-fe50-4a21-adee-3f26648bcbca</LCO_FE_TributaryType_UU>
        </LCO_FE_TributaryType>
        <LCO_FE_TributaryType type="table">
            <AD_Org_ID>0</AD_Org_ID>
            <IsActive>Y</IsActive>
            <Value>O-02</Value>
            <Name>Gravamen a los movimientos financieros</Name>
            <LCO_FE_TributaryGroup_ID reference="uuid" reference-key="LCO_FE_TributaryGroup">313d8251-2638-4eae-b51a-07f3a7fd6885</LCO_FE_TributaryGroup_ID>
            <IsMain>N</IsMain>
            <LCO_FE_TributaryType_UU>b4addc64-917b-49bb-9ea5-ffc4abba0a4c</LCO_FE_TributaryType_UU>
        </LCO_FE_TributaryType>
        <LCO_FE_TributaryType type="table">
            <AD_Org_ID>0</AD_Org_ID>
            <IsActive>Y</IsActive>
            <Value>O-35</Value>
            <Name>Impuesto sobre la renta para la equidad CREE</Name>
            <LCO_FE_TributaryGroup_ID reference="uuid" reference-key="LCO_FE_TributaryGroup">313d8251-2638-4eae-b51a-07f3a7fd6885</LCO_FE_TributaryGroup_ID>
            <IsMain>N</IsMain>
            <LCO_FE_TributaryType_UU>42e4b345-ef52-4edc-a937-0c0d315f7793</LCO_FE_TributaryType_UU>
        </LCO_FE_TributaryType>
        <LCO_FE_TributaryType type="table">
            <AD_Org_ID>0</AD_Org_ID>
            <IsActive>Y</IsActive>
            <Value>O-40</Value>
            <Name>Impuesto a la Riqueza</Name>
            <LCO_FE_TributaryGroup_ID reference="uuid" reference-key="LCO_FE_TributaryGroup">313d8251-2638-4eae-b51a-07f3a7fd6885</LCO_FE_TributaryGroup_ID>
            <IsMain>N</IsMain>
            <LCO_FE_TributaryType_UU>a2871f12-44cc-4752-afed-ceebaaf2f421</LCO_FE_TributaryType_UU>
        </LCO_FE_TributaryType>
        <LCO_FE_TributaryType type="table">
            <AD_Org_ID>0</AD_Org_ID>
            <IsActive>Y</IsActive>
            <Value>A-48</Value>
            <Name>Aeropuerto de servicio publico o privado</Name>
            <LCO_FE_TributaryGroup_ID reference="uuid" reference-key="LCO_FE_TributaryGroup">313d8251-2638-4eae-b51a-07f3a7fd6885</LCO_FE_TributaryGroup_ID>
            <IsMain>N</IsMain>
            <LCO_FE_TributaryType_UU>0745bc0f-7b1f-444f-890b-b1c63cf118da</LCO_FE_TributaryType_UU>
        </LCO_FE_TributaryType>
        <LCO_FE_TributaryType type="table">
            <AD_Org_ID>0</AD_Org_ID>
            <IsActive>Y</IsActive>
            <Value>A-50</Value>
            <Name>Usuario industrial zona franca especial</Name>
            <LCO_FE_TributaryGroup_ID reference="uuid" reference-key="LCO_FE_TributaryGroup">313d8251-2638-4eae-b51a-07f3a7fd6885</LCO_FE_TributaryGroup_ID>
            <IsMain>N</IsMain>
            <LCO_FE_TributaryType_UU>651f45e4-2a1a-4fb1-adcf-6dd285f1aa83</LCO_FE_TributaryType_UU>
        </LCO_FE_TributaryType>
        <LCO_FE_TributaryType type="table">
            <AD_Org_ID>0</AD_Org_ID>
            <IsActive>Y</IsActive>
            <Value>A-53</Value>
            <Name>Agencias de aduanas 1</Name>
            <LCO_FE_TributaryGroup_ID reference="uuid" reference-key="LCO_FE_TributaryGroup">313d8251-2638-4eae-b51a-07f3a7fd6885</LCO_FE_TributaryGroup_ID>
            <IsMain>N</IsMain>
            <LCO_FE_TributaryType_UU>6f807704-23d8-46d5-9220-53dee0fd5baa</LCO_FE_TributaryType_UU>
        </LCO_FE_TributaryType>
        <LCO_FE_TributaryType type="table">
            <AD_Org_ID>0</AD_Org_ID>
            <IsActive>Y</IsActive>
            <Value>A-54</Value>
            <Name>Usuario Operador Zona Franca Especial</Name>
            <LCO_FE_TributaryGroup_ID reference="uuid" reference-key="LCO_FE_TributaryGroup">313d8251-2638-4eae-b51a-07f3a7fd6885</LCO_FE_TributaryGroup_ID>
            <IsMain>N</IsMain>
            <LCO_FE_TributaryType_UU>e58140c9-eb83-41ff-974f-701bc7321489</LCO_FE_TributaryType_UU>
        </LCO_FE_TributaryType>
        <LCO_FE_TributaryType type="table">
            <AD_Org_ID>0</AD_Org_ID>
            <IsActive>Y</IsActive>
            <Value>A-55</Value>
            <Name>Agencias de aduanas 2</Name>
            <LCO_FE_TributaryGroup_ID reference="uuid" reference-key="LCO_FE_TributaryGroup">313d8251-2638-4eae-b51a-07f3a7fd6885</LCO_FE_TributaryGroup_ID>
            <IsMain>N</IsMain>
            <LCO_FE_TributaryType_UU>395f0941-04b0-4458-90c2-69779068fe56</LCO_FE_TributaryType_UU>
        </LCO_FE_TributaryType>
        <LCO_FE_TributaryType type="table">
            <AD_Org_ID>0</AD_Org_ID>
            <IsActive>Y</IsActive>
            <Value>A-99</Value>
            <Name>Otro tipo de agente aduanero</Name>
            <LCO_FE_TributaryGroup_ID reference="uuid" reference-key="LCO_FE_TributaryGroup">313d8251-2638-4eae-b51a-07f3a7fd6885</LCO_FE_TributaryGroup_ID>
            <IsMain>N</IsMain>
            <LCO_FE_TributaryType_UU>760b9db8-17b4-413b-8ac4-51b6259d88b9</LCO_FE_TributaryType_UU>
        </LCO_FE_TributaryType>
        <LCO_FE_TributaryType type="table">
            <AD_Org_ID>0</AD_Org_ID>
            <IsActive>Y</IsActive>
            <Value>A-64</Value>
            <Name>Beneficiario Programa de Fomento Industria Automotriz-PROFIA</Name>
            <LCO_FE_TributaryGroup_ID reference="uuid" reference-key="LCO_FE_TributaryGroup">313d8251-2638-4eae-b51a-07f3a7fd6885</LCO_FE_TributaryGroup_ID>
            <IsMain>N</IsMain>
            <LCO_FE_TributaryType_UU>c4fcb02e-b39f-4c33-9139-3183897da638</LCO_FE_TributaryType_UU>
        </LCO_FE_TributaryType>
        <LCO_FE_TributaryType type="table">
            <AD_Org_ID>0</AD_Org_ID>
            <IsActive>Y</IsActive>
            <Value>O-26</Value>
            <Name>Declaración Informativa Individual Precios de transferencia</Name>
            <LCO_FE_TributaryGroup_ID reference="uuid" reference-key="LCO_FE_TributaryGroup">313d8251-2638-4eae-b51a-07f3a7fd6885</LCO_FE_TributaryGroup_ID>
            <IsMain>N</IsMain>
            <LCO_FE_TributaryType_UU>0c7cda51-ff5d-4598-a5f9-dc65c45ff6a6</LCO_FE_TributaryType_UU>
        </LCO_FE_TributaryType>
        <LCO_FE_TributaryType type="table">
            <AD_Org_ID>0</AD_Org_ID>
            <IsActive>Y</IsActive>
            <Value>O-34</Value>
            <Name>Régimen simplificado impuesto nacional consumo rest y bares</Name>
            <LCO_FE_TributaryGroup_ID reference="uuid" reference-key="LCO_FE_TributaryGroup">313d8251-2638-4eae-b51a-07f3a7fd6885</LCO_FE_TributaryGroup_ID>
            <IsMain>N</IsMain>
            <LCO_FE_TributaryType_UU>5fe68a2e-3808-49bf-be0a-d6805ac8f542</LCO_FE_TributaryType_UU>
        </LCO_FE_TributaryType>
        <LCO_FE_TributaryType type="table">
            <AD_Org_ID>0</AD_Org_ID>
            <IsActive>Y</IsActive>
            <Value>O-37</Value>
            <Name>Obligado a Facturar Electrónicamente Modelo 2242</Name>
            <LCO_FE_TributaryGroup_ID reference="uuid" reference-key="LCO_FE_TributaryGroup">313d8251-2638-4eae-b51a-07f3a7fd6885</LCO_FE_TributaryGroup_ID>
            <IsMain>N</IsMain>
            <LCO_FE_TributaryType_UU>4339d724-d64f-48b6-a4a6-cf1c3cf26f85</LCO_FE_TributaryType_UU>
        </LCO_FE_TributaryType>
        <LCO_FE_TributaryType type="table">
            <AD_Org_ID>0</AD_Org_ID>
            <IsActive>Y</IsActive>
            <Value>A-58</Value>
            <Name>Transportador aéreo nacional</Name>
            <LCO_FE_TributaryGroup_ID reference="uuid" reference-key="LCO_FE_TributaryGroup">313d8251-2638-4eae-b51a-07f3a7fd6885</LCO_FE_TributaryGroup_ID>
            <IsMain>N</IsMain>
            <LCO_FE_TributaryType_UU>184a6586-116d-4b32-be7c-6750018f1be9</LCO_FE_TributaryType_UU>
        </LCO_FE_TributaryType>
        <LCO_FE_TributaryType type="table">
            <AD_Org_ID>0</AD_Org_ID>
            <IsActive>Y</IsActive>
            <Value>A-60</Value>
            <Name>Transportador aéreo marítimo o fluvial modalidad Cabotaje</Name>
            <LCO_FE_TributaryGroup_ID reference="uuid" reference-key="LCO_FE_TributaryGroup">313d8251-2638-4eae-b51a-07f3a7fd6885</LCO_FE_TributaryGroup_ID>
            <IsMain>N</IsMain>
            <LCO_FE_TributaryType_UU>c9264437-06f7-4525-8df2-0fced0fd2162</LCO_FE_TributaryType_UU>
        </LCO_FE_TributaryType>
        <LCO_FE_TributaryType type="table">
            <AD_Org_ID>0</AD_Org_ID>
            <IsActive>Y</IsActive>
            <Value>O-03</Value>
            <Name>Impuesto al patrimonio</Name>
            <LCO_FE_TributaryGroup_ID reference="uuid" reference-key="LCO_FE_TributaryGroup">313d8251-2638-4eae-b51a-07f3a7fd6885</LCO_FE_TributaryGroup_ID>
            <IsMain>N</IsMain>
            <LCO_FE_TributaryType_UU>eb1b1db5-b469-407d-8a4b-90a771f0b77e</LCO_FE_TributaryType_UU>
        </LCO_FE_TributaryType>
        <LCO_FE_TributaryType type="table">
            <AD_Org_ID>0</AD_Org_ID>
            <IsActive>Y</IsActive>
            <Value>O-06</Value>
            <Name>Ingresos y patrimonio</Name>
            <LCO_FE_TributaryGroup_ID reference="uuid" reference-key="LCO_FE_TributaryGroup">313d8251-2638-4eae-b51a-07f3a7fd6885</LCO_FE_TributaryGroup_ID>
            <IsMain>N</IsMain>
            <LCO_FE_TributaryType_UU>c2ebda94-6046-4dcc-b778-0034c98b2cbe</LCO_FE_TributaryType_UU>
        </LCO_FE_TributaryType>
        <LCO_FE_TributaryType type="table">
            <AD_Org_ID>0</AD_Org_ID>
            <IsActive>Y</IsActive>
            <Value>O-22</Value>
            <Name>Obligado a cumplir deberes formales a nombre de terceros</Name>
            <LCO_FE_TributaryGroup_ID reference="uuid" reference-key="LCO_FE_TributaryGroup">313d8251-2638-4eae-b51a-07f3a7fd6885</LCO_FE_TributaryGroup_ID>
            <IsMain>N</IsMain>
            <LCO_FE_TributaryType_UU>d5beadde-9653-4a3e-b6e0-5f74eca78618</LCO_FE_TributaryType_UU>
        </LCO_FE_TributaryType>
        <LCO_FE_TributaryType type="table">
            <AD_Org_ID>0</AD_Org_ID>
            <IsActive>Y</IsActive>
            <Value>O-32</Value>
            <Name>Impuesto Nacional a la Gasolina y al ACPM</Name>
            <LCO_FE_TributaryGroup_ID reference="uuid" reference-key="LCO_FE_TributaryGroup">313d8251-2638-4eae-b51a-07f3a7fd6885</LCO_FE_TributaryGroup_ID>
            <IsMain>N</IsMain>
            <LCO_FE_TributaryType_UU>785726f4-3f40-4cb8-88e9-84b0d9cf4ac6</LCO_FE_TributaryType_UU>
        </LCO_FE_TributaryType>
        <LCO_FE_TributaryType type="table">
            <AD_Org_ID>0</AD_Org_ID>
            <IsActive>Y</IsActive>
            <Value>O-42</Value>
            <Name>Obligado a Llevar Contabilidad</Name>
            <LCO_FE_TributaryGroup_ID reference="uuid" reference-key="LCO_FE_TributaryGroup">313d8251-2638-4eae-b51a-07f3a7fd6885</LCO_FE_TributaryGroup_ID>
            <IsMain>N</IsMain>
            <LCO_FE_TributaryType_UU>63279b78-5836-43ec-aa6f-1887b3367e31</LCO_FE_TributaryType_UU>
        </LCO_FE_TributaryType>
        <LCO_FE_TributaryType type="table">
            <AD_Org_ID>0</AD_Org_ID>
            <IsActive>Y</IsActive>
            <Value>O-20</Value>
            <Name>Obtención NIT</Name>
            <LCO_FE_TributaryGroup_ID reference="uuid" reference-key="LCO_FE_TributaryGroup">313d8251-2638-4eae-b51a-07f3a7fd6885</LCO_FE_TributaryGroup_ID>
            <IsMain>N</IsMain>
            <LCO_FE_TributaryType_UU>44ccb64a-e734-41ef-ad59-1e6803a86ed1</LCO_FE_TributaryType_UU>
        </LCO_FE_TributaryType>
        <LCO_FE_TributaryType type="table">
            <AD_Org_ID>0</AD_Org_ID>
            <IsActive>Y</IsActive>
            <Value>O-21</Value>
            <Name>Declarar el ingreso o salida del país de divisas o moneda le</Name>
            <LCO_FE_TributaryGroup_ID reference="uuid" reference-key="LCO_FE_TributaryGroup">313d8251-2638-4eae-b51a-07f3a7fd6885</LCO_FE_TributaryGroup_ID>
            <IsMain>N</IsMain>
            <LCO_FE_TributaryType_UU>c8015d95-8a78-4e94-b28b-9fbdc9430027</LCO_FE_TributaryType_UU>
        </LCO_FE_TributaryType>
        <LCO_FE_TributaryType type="table">
            <AD_Org_ID>0</AD_Org_ID>
            <IsActive>Y</IsActive>
            <Value>O-23</Value>
            <Name>Agente de retención en el impuesto sobre las ventas</Name>
            <LCO_FE_TributaryGroup_ID reference="uuid" reference-key="LCO_FE_TributaryGroup">313d8251-2638-4eae-b51a-07f3a7fd6885</LCO_FE_TributaryGroup_ID>
            <IsMain>N</IsMain>
            <LCO_FE_TributaryType_UU>fcf4a2b1-1441-4b2d-84e7-4df214e156b7</LCO_FE_TributaryType_UU>
        </LCO_FE_TributaryType>
        <LCO_FE_TributaryType type="table">
            <AD_Org_ID>0</AD_Org_ID>
            <IsActive>Y</IsActive>
            <Value>O-38</Value>
            <Name>Facturación Electrónica Voluntaria Modelo 2242</Name>
            <LCO_FE_TributaryGroup_ID reference="uuid" reference-key="LCO_FE_TributaryGroup">313d8251-2638-4eae-b51a-07f3a7fd6885</LCO_FE_TributaryGroup_ID>
            <IsMain>N</IsMain>
            <LCO_FE_TributaryType_UU>2e232a81-6bf1-4075-8c36-21977e524dc2</LCO_FE_TributaryType_UU>
        </LCO_FE_TributaryType>
        <LCO_FE_TributaryType type="table">
            <AD_Org_ID>0</AD_Org_ID>
            <IsActive>Y</IsActive>
            <Value>O-10</Value>
            <Name>Usuario aduanero</Name>
            <LCO_FE_TributaryGroup_ID reference="uuid" reference-key="LCO_FE_TributaryGroup">313d8251-2638-4eae-b51a-07f3a7fd6885</LCO_FE_TributaryGroup_ID>
            <IsMain>N</IsMain>
            <LCO_FE_TributaryType_UU>bab39716-24f3-4f2d-9f17-04977166346c</LCO_FE_TributaryType_UU>
        </LCO_FE_TributaryType>
        <LCO_FE_TributaryType type="table">
            <AD_Org_ID>0</AD_Org_ID>
            <IsActive>Y</IsActive>
            <Value>O-13</Value>
            <Name>Gran contribuyente</Name>
            <LCO_FE_TributaryGroup_ID reference="uuid" reference-key="LCO_FE_TributaryGroup">313d8251-2638-4eae-b51a-07f3a7fd6885</LCO_FE_TributaryGroup_ID>
            <IsMain>N</IsMain>
            <LCO_FE_TributaryType_UU>2aa97b1c-2961-4ccc-9109-0d84778acb77</LCO_FE_TributaryType_UU>
        </LCO_FE_TributaryType>
        <LCO_FE_TributaryType type="table">
            <AD_Org_ID>0</AD_Org_ID>
            <IsActive>Y</IsActive>
            <Value>O-15</Value>
            <Name>Autorretenedor</Name>
            <LCO_FE_TributaryGroup_ID reference="uuid" reference-key="LCO_FE_TributaryGroup">313d8251-2638-4eae-b51a-07f3a7fd6885</LCO_FE_TributaryGroup_ID>
            <IsMain>N</IsMain>
            <LCO_FE_TributaryType_UU>0d7d6954-aec2-44d9-9f92-50e3acdd2b66</LCO_FE_TributaryType_UU>
        </LCO_FE_TributaryType>
        <LCO_FE_TributaryType type="table">
            <AD_Org_ID>0</AD_Org_ID>
            <IsActive>Y</IsActive>
            <Value>O-17</Value>
            <Name>Profesionales de compra y venta de divisas</Name>
            <LCO_FE_TributaryGroup_ID reference="uuid" reference-key="LCO_FE_TributaryGroup">313d8251-2638-4eae-b51a-07f3a7fd6885</LCO_FE_TributaryGroup_ID>
            <IsMain>N</IsMain>
            <LCO_FE_TributaryType_UU>b72f4ebf-7161-4882-8fb5-19c75fa33dcf</LCO_FE_TributaryType_UU>
        </LCO_FE_TributaryType>
        <LCO_FE_TributaryType type="table">
            <AD_Org_ID>0</AD_Org_ID>
            <IsActive>Y</IsActive>
            <Value>O-18</Value>
            <Name>Precios de Transferencia</Name>
            <LCO_FE_TributaryGroup_ID reference="uuid" reference-key="LCO_FE_TributaryGroup">313d8251-2638-4eae-b51a-07f3a7fd6885</LCO_FE_TributaryGroup_ID>
            <IsMain>N</IsMain>
            <LCO_FE_TributaryType_UU>e3fab2ce-1de0-4a36-8514-79693e47473e</LCO_FE_TributaryType_UU>
        </LCO_FE_TributaryType>
        <LCO_FE_TributaryType type="table">
            <AD_Org_ID>0</AD_Org_ID>
            <IsActive>Y</IsActive>
            <Value>O-19</Value>
            <Name>Productor y/o exportador de bienes exentos</Name>
            <LCO_FE_TributaryGroup_ID reference="uuid" reference-key="LCO_FE_TributaryGroup">313d8251-2638-4eae-b51a-07f3a7fd6885</LCO_FE_TributaryGroup_ID>
            <IsMain>N</IsMain>
            <LCO_FE_TributaryType_UU>30f3f760-1f0b-4143-a32e-ea38ddd1b9ae</LCO_FE_TributaryType_UU>
        </LCO_FE_TributaryType>
        <LCO_FE_TributaryType type="table">
            <AD_Org_ID>0</AD_Org_ID>
            <IsActive>Y</IsActive>
            <Value>O-36</Value>
            <Name>Establecimiento Permanente</Name>
            <LCO_FE_TributaryGroup_ID reference="uuid" reference-key="LCO_FE_TributaryGroup">313d8251-2638-4eae-b51a-07f3a7fd6885</LCO_FE_TributaryGroup_ID>
            <IsMain>N</IsMain>
            <LCO_FE_TributaryType_UU>5338d41e-949f-4d9f-a022-ba7368d7eb8e</LCO_FE_TributaryType_UU>
        </LCO_FE_TributaryType>
        <LCO_FE_TributaryType type="table">
            <AD_Org_ID>0</AD_Org_ID>
            <IsActive>Y</IsActive>
            <Value>A-57</Value>
            <Name>Agencias de aduanas 4</Name>
            <LCO_FE_TributaryGroup_ID reference="uuid" reference-key="LCO_FE_TributaryGroup">313d8251-2638-4eae-b51a-07f3a7fd6885</LCO_FE_TributaryGroup_ID>
            <IsMain>N</IsMain>
            <LCO_FE_TributaryType_UU>8cabc2d8-1cf9-45ca-ad38-30e4cedcfbc8</LCO_FE_TributaryType_UU>
        </LCO_FE_TributaryType>
        <LCO_FE_TributaryType type="table">
            <AD_Org_ID>0</AD_Org_ID>
            <IsActive>Y</IsActive>
            <Value>A-62</Value>
            <Name>Importador Ocasional</Name>
            <LCO_FE_TributaryGroup_ID reference="uuid" reference-key="LCO_FE_TributaryGroup">313d8251-2638-4eae-b51a-07f3a7fd6885</LCO_FE_TributaryGroup_ID>
            <IsMain>N</IsMain>
            <LCO_FE_TributaryType_UU>bf88a0d8-a3d6-4a8d-a434-b2509d932a8c</LCO_FE_TributaryType_UU>
        </LCO_FE_TributaryType>
        <LCO_FE_TributaryType type="table">
            <AD_Org_ID>0</AD_Org_ID>
            <IsActive>Y</IsActive>
            <Value>O-11</Value>
            <Name>Ventas régimen común</Name>
            <LCO_FE_TributaryGroup_ID reference="uuid" reference-key="LCO_FE_TributaryGroup">313d8251-2638-4eae-b51a-07f3a7fd6885</LCO_FE_TributaryGroup_ID>
            <IsMain>N</IsMain>
            <LCO_FE_TributaryType_UU>4a3f1d76-6444-48a1-b485-9cba5efe5127</LCO_FE_TributaryType_UU>
        </LCO_FE_TributaryType>
        <LCO_FE_TributaryType type="table">
            <AD_Org_ID>0</AD_Org_ID>
            <IsActive>Y</IsActive>
            <Value>O-09</Value>
            <Name>Retención en la fuente en el impuesto sobre las ventas</Name>
            <LCO_FE_TributaryGroup_ID reference="uuid" reference-key="LCO_FE_TributaryGroup">313d8251-2638-4eae-b51a-07f3a7fd6885</LCO_FE_TributaryGroup_ID>
            <IsMain>N</IsMain>
            <LCO_FE_TributaryType_UU>995ddf67-9ff7-43a4-9015-e1ef41600f22</LCO_FE_TributaryType_UU>
        </LCO_FE_TributaryType>
        <LCO_FE_TributaryType type="table">
            <AD_Org_ID>0</AD_Org_ID>
            <IsActive>Y</IsActive>
            <Value>O-08</Value>
            <Name>Retención timbre nacional</Name>
            <LCO_FE_TributaryGroup_ID reference="uuid" reference-key="LCO_FE_TributaryGroup">313d8251-2638-4eae-b51a-07f3a7fd6885</LCO_FE_TributaryGroup_ID>
            <IsMain>N</IsMain>
            <LCO_FE_TributaryType_UU>a664e9b7-01f8-4c6a-8ec6-19736a42f0b6</LCO_FE_TributaryType_UU>
        </LCO_FE_TributaryType>
        <LCO_FE_TributaryType type="table">
            <AD_Org_ID>0</AD_Org_ID>
            <IsActive>Y</IsActive>
            <Value>O-12</Value>
            <Name>Ventas régimen simplificado</Name>
            <LCO_FE_TributaryGroup_ID reference="uuid" reference-key="LCO_FE_TributaryGroup">313d8251-2638-4eae-b51a-07f3a7fd6885</LCO_FE_TributaryGroup_ID>
            <IsMain>N</IsMain>
            <LCO_FE_TributaryType_UU>b65a5648-ebcc-4a99-8d21-863d75203c41</LCO_FE_TributaryType_UU>
        </LCO_FE_TributaryType>
        <LCO_FE_TributaryType type="table">
            <AD_Org_ID>0</AD_Org_ID>
            <IsActive>Y</IsActive>
            <Value>O-14</Value>
            <Name>Informante de exógena</Name>
            <LCO_FE_TributaryGroup_ID reference="uuid" reference-key="LCO_FE_TributaryGroup">313d8251-2638-4eae-b51a-07f3a7fd6885</LCO_FE_TributaryGroup_ID>
            <IsMain>N</IsMain>
            <LCO_FE_TributaryType_UU>7140faea-b842-4412-ab34-a733af7d65d7</LCO_FE_TributaryType_UU>
        </LCO_FE_TributaryType>
        <LCO_FE_TributaryType type="table">
            <AD_Org_ID>0</AD_Org_ID>
            <IsActive>Y</IsActive>
            <Value>O-16</Value>
            <Name>Obligación de facturar por ingresos de bienes y/o servicios</Name>
            <LCO_FE_TributaryGroup_ID reference="uuid" reference-key="LCO_FE_TributaryGroup">313d8251-2638-4eae-b51a-07f3a7fd6885</LCO_FE_TributaryGroup_ID>
            <IsMain>N</IsMain>
            <LCO_FE_TributaryType_UU>793ed8b0-2c16-4303-aa81-b80effc8b009</LCO_FE_TributaryType_UU>
        </LCO_FE_TributaryType>
    </LCO_FE_TributaryGroup>
    <LCO_FE_TributaryGroup type="table">
        <AD_Org_ID>0</AD_Org_ID>
        <IsActive>Y</IsActive>
        <Value>T24-Tipos de usuarios aduaneros</Value>
        <Name>Tabla 24 DIAN - RUT Renglon 54</Name>
        <LCO_FE_TributaryGroup_UU>e40d20f4-f3f6-4a35-8d68-be8241463dda</LCO_FE_TributaryGroup_UU>
    </LCO_FE_TributaryGroup>
    <LCO_FE_TributaryGroup type="table">
        <AD_Org_ID>0</AD_Org_ID>
        <IsActive>Y</IsActive>
        <Value>T25-Tipos de establecimientos</Value>
        <Name>Tabla 25 DIAN</Name>
        <LCO_FE_TributaryGroup_UU>7f882002-1f08-44b5-82c9-3cef81d2caa9</LCO_FE_TributaryGroup_UU>
    </LCO_FE_TributaryGroup>
    <LCO_FE_TributaryGroup type="table">
        <AD_Org_ID>0</AD_Org_ID>
        <IsActive>Y</IsActive>
        <Value>T22-Tipos Representación</Value>
        <Name>Tabla 22 DIAN</Name>
        <LCO_FE_TributaryGroup_UU>9c3853b1-7dfd-4541-8eff-108b5f9ce08f</LCO_FE_TributaryGroup_UU>
        <LCO_FE_TributaryType type="table">
            <AD_Org_ID>0</AD_Org_ID>
            <IsActive>Y</IsActive>
            <Value>R-01-PJ</Value>
            <Name>Administrador judicial PJ</Name>
            <LCO_FE_TributaryGroup_ID reference="uuid" reference-key="LCO_FE_TributaryGroup">9c3853b1-7dfd-4541-8eff-108b5f9ce08f</LCO_FE_TributaryGroup_ID>
            <IsMain>N</IsMain>
            <LCO_FE_TributaryType_UU>b8a05817-a7a9-4397-9fe5-bbf85637f39c</LCO_FE_TributaryType_UU>
        </LCO_FE_TributaryType>
        <LCO_FE_TributaryType type="table">
            <AD_Org_ID>0</AD_Org_ID>
            <IsActive>Y</IsActive>
            <Value>R-02-PJ</Value>
            <Name>Administrador privado PJ</Name>
            <LCO_FE_TributaryGroup_ID reference="uuid" reference-key="LCO_FE_TributaryGroup">9c3853b1-7dfd-4541-8eff-108b5f9ce08f</LCO_FE_TributaryGroup_ID>
            <IsMain>N</IsMain>
            <LCO_FE_TributaryType_UU>f6cfa433-6381-46ce-bc22-b4cd25e3d8ae</LCO_FE_TributaryType_UU>
        </LCO_FE_TributaryType>
        <LCO_FE_TributaryType type="table">
            <AD_Org_ID>0</AD_Org_ID>
            <IsActive>Y</IsActive>
            <Value>R-99-PJ</Value>
            <Name>Otro tipo de responsable PJ</Name>
            <LCO_FE_TributaryGroup_ID reference="uuid" reference-key="LCO_FE_TributaryGroup">9c3853b1-7dfd-4541-8eff-108b5f9ce08f</LCO_FE_TributaryGroup_ID>
            <IsMain>N</IsMain>
            <LCO_FE_TributaryType_UU>da43d889-4c94-42a1-9936-7955f54c32ed</LCO_FE_TributaryType_UU>
        </LCO_FE_TributaryType>
        <LCO_FE_TributaryType type="table">
            <AD_Org_ID>0</AD_Org_ID>
            <IsActive>Y</IsActive>
            <Value>R-00-PN</Value>
            <Name>No obligado a registrarse en el RUT PN</Name>
            <LCO_FE_TributaryGroup_ID reference="uuid" reference-key="LCO_FE_TributaryGroup">9c3853b1-7dfd-4541-8eff-108b5f9ce08f</LCO_FE_TributaryGroup_ID>
            <IsMain>N</IsMain>
            <LCO_FE_TributaryType_UU>c8038a11-e400-4ff3-8746-ba0a11e4b82c</LCO_FE_TributaryType_UU>
        </LCO_FE_TributaryType>
        <LCO_FE_TributaryType type="table">
            <AD_Org_ID>0</AD_Org_ID>
            <IsActive>Y</IsActive>
            <Value>R-01-PN</Value>
            <Name>Administrador judicial PN</Name>
            <LCO_FE_TributaryGroup_ID reference="uuid" reference-key="LCO_FE_TributaryGroup">9c3853b1-7dfd-4541-8eff-108b5f9ce08f</LCO_FE_TributaryGroup_ID>
            <IsMain>N</IsMain>
            <LCO_FE_TributaryType_UU>1b706a2b-92d8-4770-b44b-a5f32ab6b5b2</LCO_FE_TributaryType_UU>
        </LCO_FE_TributaryType>
        <LCO_FE_TributaryType type="table">
            <AD_Org_ID>0</AD_Org_ID>
            <IsActive>Y</IsActive>
            <Value>R-02-PN</Value>
            <Name>Administrador privado PN</Name>
            <LCO_FE_TributaryGroup_ID reference="uuid" reference-key="LCO_FE_TributaryGroup">9c3853b1-7dfd-4541-8eff-108b5f9ce08f</LCO_FE_TributaryGroup_ID>
            <IsMain>N</IsMain>
            <LCO_FE_TributaryType_UU>59224389-0202-41a9-94e0-13a66f372fca</LCO_FE_TributaryType_UU>
        </LCO_FE_TributaryType>
        <LCO_FE_TributaryType type="table">
            <AD_Org_ID>0</AD_Org_ID>
            <IsActive>Y</IsActive>
            <Value>R-03-PN</Value>
            <Name>Agente exclusivo de negocios en Colombia PN</Name>
            <LCO_FE_TributaryGroup_ID reference="uuid" reference-key="LCO_FE_TributaryGroup">9c3853b1-7dfd-4541-8eff-108b5f9ce08f</LCO_FE_TributaryGroup_ID>
            <IsMain>N</IsMain>
            <LCO_FE_TributaryType_UU>8f2ad9e8-4361-446a-80cf-9ff39df2f6e5</LCO_FE_TributaryType_UU>
        </LCO_FE_TributaryType>
        <LCO_FE_TributaryType type="table">
            <AD_Org_ID>0</AD_Org_ID>
            <IsActive>Y</IsActive>
            <Value>R-04-PN</Value>
            <Name>Agente oficioso PN</Name>
            <LCO_FE_TributaryGroup_ID reference="uuid" reference-key="LCO_FE_TributaryGroup">9c3853b1-7dfd-4541-8eff-108b5f9ce08f</LCO_FE_TributaryGroup_ID>
            <IsMain>N</IsMain>
            <LCO_FE_TributaryType_UU>e476c203-d0c6-4662-8316-a1bef79d1563</LCO_FE_TributaryType_UU>
        </LCO_FE_TributaryType>
        <LCO_FE_TributaryType type="table">
            <AD_Org_ID>0</AD_Org_ID>
            <IsActive>Y</IsActive>
            <Value>R-05-PN</Value>
            <Name>Albacea PN</Name>
            <LCO_FE_TributaryGroup_ID reference="uuid" reference-key="LCO_FE_TributaryGroup">9c3853b1-7dfd-4541-8eff-108b5f9ce08f</LCO_FE_TributaryGroup_ID>
            <IsMain>N</IsMain>
            <LCO_FE_TributaryType_UU>61cc6b07-61dd-4dbe-834b-10e51c00b954</LCO_FE_TributaryType_UU>
        </LCO_FE_TributaryType>
        <LCO_FE_TributaryType type="table">
            <AD_Org_ID>0</AD_Org_ID>
            <IsActive>Y</IsActive>
            <Value>R-06-PN</Value>
            <Name>Apoderado especial PN</Name>
            <LCO_FE_TributaryGroup_ID reference="uuid" reference-key="LCO_FE_TributaryGroup">9c3853b1-7dfd-4541-8eff-108b5f9ce08f</LCO_FE_TributaryGroup_ID>
            <IsMain>N</IsMain>
            <LCO_FE_TributaryType_UU>9b7790f3-3331-4acc-b971-8cc25bf11852</LCO_FE_TributaryType_UU>
        </LCO_FE_TributaryType>
        <LCO_FE_TributaryType type="table">
            <AD_Org_ID>0</AD_Org_ID>
            <IsActive>Y</IsActive>
            <Value>R-07-PN</Value>
            <Name>Apoderado general PN</Name>
            <LCO_FE_TributaryGroup_ID reference="uuid" reference-key="LCO_FE_TributaryGroup">9c3853b1-7dfd-4541-8eff-108b5f9ce08f</LCO_FE_TributaryGroup_ID>
            <IsMain>N</IsMain>
            <LCO_FE_TributaryType_UU>32ccdb7d-f936-413b-b06e-7cf8429b9640</LCO_FE_TributaryType_UU>
        </LCO_FE_TributaryType>
        <LCO_FE_TributaryType type="table">
            <AD_Org_ID>0</AD_Org_ID>
            <IsActive>Y</IsActive>
            <Value>R-08-PN</Value>
            <Name>Asignatario PN</Name>
            <LCO_FE_TributaryGroup_ID reference="uuid" reference-key="LCO_FE_TributaryGroup">9c3853b1-7dfd-4541-8eff-108b5f9ce08f</LCO_FE_TributaryGroup_ID>
            <IsMain>N</IsMain>
            <LCO_FE_TributaryType_UU>1dc7c458-369e-42d8-9e8d-6e013078db7a</LCO_FE_TributaryType_UU>
        </LCO_FE_TributaryType>
        <LCO_FE_TributaryType type="table">
            <AD_Org_ID>0</AD_Org_ID>
            <IsActive>Y</IsActive>
            <Value>R-09-PN</Value>
            <Name>Comunero PN</Name>
            <LCO_FE_TributaryGroup_ID reference="uuid" reference-key="LCO_FE_TributaryGroup">9c3853b1-7dfd-4541-8eff-108b5f9ce08f</LCO_FE_TributaryGroup_ID>
            <IsMain>N</IsMain>
            <LCO_FE_TributaryType_UU>7b598cf5-bb41-4633-a406-ce2f87773c43</LCO_FE_TributaryType_UU>
        </LCO_FE_TributaryType>
        <LCO_FE_TributaryType type="table">
            <AD_Org_ID>0</AD_Org_ID>
            <IsActive>Y</IsActive>
            <Value>R-10-PN</Value>
            <Name>Curador PN</Name>
            <LCO_FE_TributaryGroup_ID reference="uuid" reference-key="LCO_FE_TributaryGroup">9c3853b1-7dfd-4541-8eff-108b5f9ce08f</LCO_FE_TributaryGroup_ID>
            <IsMain>N</IsMain>
            <LCO_FE_TributaryType_UU>507df203-312b-4ff9-94ae-0bddf7b6c355</LCO_FE_TributaryType_UU>
        </LCO_FE_TributaryType>
        <LCO_FE_TributaryType type="table">
            <AD_Org_ID>0</AD_Org_ID>
            <IsActive>Y</IsActive>
            <Value>R-11-PN</Value>
            <Name>Donatario PN</Name>
            <LCO_FE_TributaryGroup_ID reference="uuid" reference-key="LCO_FE_TributaryGroup">9c3853b1-7dfd-4541-8eff-108b5f9ce08f</LCO_FE_TributaryGroup_ID>
            <IsMain>N</IsMain>
            <LCO_FE_TributaryType_UU>5dc7edf8-f78d-49a5-8aa8-2d4598c397af</LCO_FE_TributaryType_UU>
        </LCO_FE_TributaryType>
        <LCO_FE_TributaryType type="table">
            <AD_Org_ID>0</AD_Org_ID>
            <IsActive>Y</IsActive>
            <Value>R-12-PN</Value>
            <Name>Factor PN</Name>
            <LCO_FE_TributaryGroup_ID reference="uuid" reference-key="LCO_FE_TributaryGroup">9c3853b1-7dfd-4541-8eff-108b5f9ce08f</LCO_FE_TributaryGroup_ID>
            <IsMain>N</IsMain>
            <LCO_FE_TributaryType_UU>ca860bef-acec-4672-a447-948c969e94fb</LCO_FE_TributaryType_UU>
        </LCO_FE_TributaryType>
        <LCO_FE_TributaryType type="table">
            <AD_Org_ID>0</AD_Org_ID>
            <IsActive>Y</IsActive>
            <Value>R-15-PN</Value>
            <Name>Liquidador PN</Name>
            <LCO_FE_TributaryGroup_ID reference="uuid" reference-key="LCO_FE_TributaryGroup">9c3853b1-7dfd-4541-8eff-108b5f9ce08f</LCO_FE_TributaryGroup_ID>
            <IsMain>N</IsMain>
            <LCO_FE_TributaryType_UU>c1283b93-2d21-49ae-a4f4-57bedd81e17f</LCO_FE_TributaryType_UU>
        </LCO_FE_TributaryType>
        <LCO_FE_TributaryType type="table">
            <AD_Org_ID>0</AD_Org_ID>
            <IsActive>Y</IsActive>
            <Value>R-16-PN</Value>
            <Name>Mandatario PN</Name>
            <LCO_FE_TributaryGroup_ID reference="uuid" reference-key="LCO_FE_TributaryGroup">9c3853b1-7dfd-4541-8eff-108b5f9ce08f</LCO_FE_TributaryGroup_ID>
            <IsMain>N</IsMain>
            <LCO_FE_TributaryType_UU>b0f3de3d-a0e8-4665-8e66-4d12f2c8b858</LCO_FE_TributaryType_UU>
        </LCO_FE_TributaryType>
        <LCO_FE_TributaryType type="table">
            <AD_Org_ID>0</AD_Org_ID>
            <IsActive>Y</IsActive>
            <Value>R-17-PN</Value>
            <Name>Padre PN</Name>
            <LCO_FE_TributaryGroup_ID reference="uuid" reference-key="LCO_FE_TributaryGroup">9c3853b1-7dfd-4541-8eff-108b5f9ce08f</LCO_FE_TributaryGroup_ID>
            <IsMain>N</IsMain>
            <LCO_FE_TributaryType_UU>1f3b001e-92f5-4597-9bbc-b6630a189abc</LCO_FE_TributaryType_UU>
        </LCO_FE_TributaryType>
        <LCO_FE_TributaryType type="table">
            <AD_Org_ID>0</AD_Org_ID>
            <IsActive>Y</IsActive>
            <Value>R-21-PN</Value>
            <Name>Tutor PN</Name>
            <LCO_FE_TributaryGroup_ID reference="uuid" reference-key="LCO_FE_TributaryGroup">9c3853b1-7dfd-4541-8eff-108b5f9ce08f</LCO_FE_TributaryGroup_ID>
            <IsMain>N</IsMain>
            <LCO_FE_TributaryType_UU>38bf992c-a672-4122-a0d9-294dc01e9970</LCO_FE_TributaryType_UU>
        </LCO_FE_TributaryType>
        <LCO_FE_TributaryType type="table">
            <AD_Org_ID>0</AD_Org_ID>
            <IsActive>Y</IsActive>
            <Value>R-22-PN</Value>
            <Name>Representante aduanero PN</Name>
            <LCO_FE_TributaryGroup_ID reference="uuid" reference-key="LCO_FE_TributaryGroup">9c3853b1-7dfd-4541-8eff-108b5f9ce08f</LCO_FE_TributaryGroup_ID>
            <IsMain>N</IsMain>
            <LCO_FE_TributaryType_UU>22fee71d-e3fb-4c5a-b130-85cbc7f6643f</LCO_FE_TributaryType_UU>
        </LCO_FE_TributaryType>
        <LCO_FE_TributaryType type="table">
            <AD_Org_ID>0</AD_Org_ID>
            <IsActive>Y</IsActive>
            <Value>R-23-PN</Value>
            <Name>Liquidador suplente PN</Name>
            <LCO_FE_TributaryGroup_ID reference="uuid" reference-key="LCO_FE_TributaryGroup">9c3853b1-7dfd-4541-8eff-108b5f9ce08f</LCO_FE_TributaryGroup_ID>
            <IsMain>N</IsMain>
            <LCO_FE_TributaryType_UU>f95246ce-8952-4165-94b3-314b821a9393</LCO_FE_TributaryType_UU>
        </LCO_FE_TributaryType>
        <LCO_FE_TributaryType type="table">
            <AD_Org_ID>0</AD_Org_ID>
            <IsActive>Y</IsActive>
            <Value>R-24-PN</Value>
            <Name>Depositario Provisional PN</Name>
            <LCO_FE_TributaryGroup_ID reference="uuid" reference-key="LCO_FE_TributaryGroup">9c3853b1-7dfd-4541-8eff-108b5f9ce08f</LCO_FE_TributaryGroup_ID>
            <IsMain>N</IsMain>
            <LCO_FE_TributaryType_UU>61230a02-d49a-45a9-b646-ef6183ad01c8</LCO_FE_TributaryType_UU>
        </LCO_FE_TributaryType>
        <LCO_FE_TributaryType type="table">
            <AD_Org_ID>0</AD_Org_ID>
            <IsActive>Y</IsActive>
            <Value>R-25-PN</Value>
            <Name>Agente Interventor PN</Name>
            <LCO_FE_TributaryGroup_ID reference="uuid" reference-key="LCO_FE_TributaryGroup">9c3853b1-7dfd-4541-8eff-108b5f9ce08f</LCO_FE_TributaryGroup_ID>
            <IsMain>N</IsMain>
            <LCO_FE_TributaryType_UU>c7dfb7a0-ae66-4509-82e4-27768cd40c97</LCO_FE_TributaryType_UU>
        </LCO_FE_TributaryType>
        <LCO_FE_TributaryType type="table">
            <AD_Org_ID>0</AD_Org_ID>
            <IsActive>Y</IsActive>
            <Value>R-28-PN</Value>
            <Name>Heredero designado PN</Name>
            <LCO_FE_TributaryGroup_ID reference="uuid" reference-key="LCO_FE_TributaryGroup">9c3853b1-7dfd-4541-8eff-108b5f9ce08f</LCO_FE_TributaryGroup_ID>
            <IsMain>N</IsMain>
            <LCO_FE_TributaryType_UU>68be369c-2198-4935-9a30-59af8f14ec87</LCO_FE_TributaryType_UU>
        </LCO_FE_TributaryType>
        <LCO_FE_TributaryType type="table">
            <AD_Org_ID>0</AD_Org_ID>
            <IsActive>Y</IsActive>
            <Value>R-29-PN</Value>
            <Name>Persona Natural sin residencia en Colombia con EP PN</Name>
            <LCO_FE_TributaryGroup_ID reference="uuid" reference-key="LCO_FE_TributaryGroup">9c3853b1-7dfd-4541-8eff-108b5f9ce08f</LCO_FE_TributaryGroup_ID>
            <IsMain>N</IsMain>
            <LCO_FE_TributaryType_UU>791cc5dc-665a-42c5-b55d-f6cfac884d2a</LCO_FE_TributaryType_UU>
        </LCO_FE_TributaryType>
        <LCO_FE_TributaryType type="table">
            <AD_Org_ID>0</AD_Org_ID>
            <IsActive>Y</IsActive>
            <Value>R-99-PN</Value>
            <Name>Otro tipo de responsable PN</Name>
            <LCO_FE_TributaryGroup_ID reference="uuid" reference-key="LCO_FE_TributaryGroup">9c3853b1-7dfd-4541-8eff-108b5f9ce08f</LCO_FE_TributaryGroup_ID>
            <IsMain>N</IsMain>
            <LCO_FE_TributaryType_UU>1d63e5b6-c3b5-4b4a-8f4d-7b6ef0ccc3c2</LCO_FE_TributaryType_UU>
        </LCO_FE_TributaryType>
        <LCO_FE_TributaryType type="table">
            <AD_Org_ID>0</AD_Org_ID>
            <IsActive>Y</IsActive>
            <Value>R-03-PJ</Value>
            <Name>Agente exclusivo de negocios en Colombia PJ</Name>
            <LCO_FE_TributaryGroup_ID reference="uuid" reference-key="LCO_FE_TributaryGroup">9c3853b1-7dfd-4541-8eff-108b5f9ce08f</LCO_FE_TributaryGroup_ID>
            <IsMain>N</IsMain>
            <LCO_FE_TributaryType_UU>e5cb1be6-b1dc-4093-b1d2-6f19efc9d0f4</LCO_FE_TributaryType_UU>
        </LCO_FE_TributaryType>
        <LCO_FE_TributaryType type="table">
            <AD_Org_ID>0</AD_Org_ID>
            <IsActive>Y</IsActive>
            <Value>R-06-PJ</Value>
            <Name>Apoderado especial PJ</Name>
            <LCO_FE_TributaryGroup_ID reference="uuid" reference-key="LCO_FE_TributaryGroup">9c3853b1-7dfd-4541-8eff-108b5f9ce08f</LCO_FE_TributaryGroup_ID>
            <IsMain>N</IsMain>
            <LCO_FE_TributaryType_UU>7dbf5818-8fb3-4813-9300-de281d45cd60</LCO_FE_TributaryType_UU>
        </LCO_FE_TributaryType>
        <LCO_FE_TributaryType type="table">
            <AD_Org_ID>0</AD_Org_ID>
            <IsActive>Y</IsActive>
            <Value>R-07-PJ</Value>
            <Name>Apoderado general PJ</Name>
            <LCO_FE_TributaryGroup_ID reference="uuid" reference-key="LCO_FE_TributaryGroup">9c3853b1-7dfd-4541-8eff-108b5f9ce08f</LCO_FE_TributaryGroup_ID>
            <IsMain>N</IsMain>
            <LCO_FE_TributaryType_UU>45ad1861-4ecc-40ef-8244-96922006bcfd</LCO_FE_TributaryType_UU>
        </LCO_FE_TributaryType>
        <LCO_FE_TributaryType type="table">
            <AD_Org_ID>0</AD_Org_ID>
            <IsActive>Y</IsActive>
            <Value>R-09-PJ</Value>
            <Name>Comunero PJ</Name>
            <LCO_FE_TributaryGroup_ID reference="uuid" reference-key="LCO_FE_TributaryGroup">9c3853b1-7dfd-4541-8eff-108b5f9ce08f</LCO_FE_TributaryGroup_ID>
            <IsMain>N</IsMain>
            <LCO_FE_TributaryType_UU>152569a0-1f8c-4acb-a8c9-4e3b5445495c</LCO_FE_TributaryType_UU>
        </LCO_FE_TributaryType>
        <LCO_FE_TributaryType type="table">
            <AD_Org_ID>0</AD_Org_ID>
            <IsActive>Y</IsActive>
            <Value>R-12-PJ</Value>
            <Name>Factor PJ</Name>
            <LCO_FE_TributaryGroup_ID reference="uuid" reference-key="LCO_FE_TributaryGroup">9c3853b1-7dfd-4541-8eff-108b5f9ce08f</LCO_FE_TributaryGroup_ID>
            <IsMain>N</IsMain>
            <LCO_FE_TributaryType_UU>7058fba9-a4d9-44fd-974f-cbd84216bc8a</LCO_FE_TributaryType_UU>
        </LCO_FE_TributaryType>
        <LCO_FE_TributaryType type="table">
            <AD_Org_ID>0</AD_Org_ID>
            <IsActive>Y</IsActive>
            <Value>R-13-PJ</Value>
            <Name>Funcionario delegado para cumplir deberes formales PJ</Name>
            <LCO_FE_TributaryGroup_ID reference="uuid" reference-key="LCO_FE_TributaryGroup">9c3853b1-7dfd-4541-8eff-108b5f9ce08f</LCO_FE_TributaryGroup_ID>
            <IsMain>N</IsMain>
            <LCO_FE_TributaryType_UU>b5961f85-d9de-49e9-a447-b92e66a1ce31</LCO_FE_TributaryType_UU>
        </LCO_FE_TributaryType>
        <LCO_FE_TributaryType type="table">
            <AD_Org_ID>0</AD_Org_ID>
            <IsActive>Y</IsActive>
            <Value>R-15-PJ</Value>
            <Name>Liquidador PJ</Name>
            <LCO_FE_TributaryGroup_ID reference="uuid" reference-key="LCO_FE_TributaryGroup">9c3853b1-7dfd-4541-8eff-108b5f9ce08f</LCO_FE_TributaryGroup_ID>
            <IsMain>N</IsMain>
            <LCO_FE_TributaryType_UU>412a37cd-9b08-45fa-882f-8b09fc9a8add</LCO_FE_TributaryType_UU>
        </LCO_FE_TributaryType>
        <LCO_FE_TributaryType type="table">
            <AD_Org_ID>0</AD_Org_ID>
            <IsActive>Y</IsActive>
            <Value>R-16-PJ</Value>
            <Name>Mandatario PJ</Name>
            <LCO_FE_TributaryGroup_ID reference="uuid" reference-key="LCO_FE_TributaryGroup">9c3853b1-7dfd-4541-8eff-108b5f9ce08f</LCO_FE_TributaryGroup_ID>
            <IsMain>N</IsMain>
            <LCO_FE_TributaryType_UU>e55a7c41-0e13-4e23-962f-2d38bb5ce4c0</LCO_FE_TributaryType_UU>
        </LCO_FE_TributaryType>
        <LCO_FE_TributaryType type="table">
            <AD_Org_ID>0</AD_Org_ID>
            <IsActive>Y</IsActive>
            <Value>R-18-PJ</Value>
            <Name>Representante legal principal PJ</Name>
            <LCO_FE_TributaryGroup_ID reference="uuid" reference-key="LCO_FE_TributaryGroup">9c3853b1-7dfd-4541-8eff-108b5f9ce08f</LCO_FE_TributaryGroup_ID>
            <IsMain>N</IsMain>
            <LCO_FE_TributaryType_UU>86fc3e37-2a90-43d2-9f21-ac2a345d34ab</LCO_FE_TributaryType_UU>
        </LCO_FE_TributaryType>
        <LCO_FE_TributaryType type="table">
            <AD_Org_ID>0</AD_Org_ID>
            <IsActive>Y</IsActive>
            <Value>R-19-PJ</Value>
            <Name>Representante legal suplente PJ</Name>
            <LCO_FE_TributaryGroup_ID reference="uuid" reference-key="LCO_FE_TributaryGroup">9c3853b1-7dfd-4541-8eff-108b5f9ce08f</LCO_FE_TributaryGroup_ID>
            <IsMain>N</IsMain>
            <LCO_FE_TributaryType_UU>b89a0df3-ae96-4baa-94cc-46b5c4d7b70f</LCO_FE_TributaryType_UU>
        </LCO_FE_TributaryType>
        <LCO_FE_TributaryType type="table">
            <AD_Org_ID>0</AD_Org_ID>
            <IsActive>Y</IsActive>
            <Value>R-22-PJ</Value>
            <Name>Representante aduanero PJ</Name>
            <LCO_FE_TributaryGroup_ID reference="uuid" reference-key="LCO_FE_TributaryGroup">9c3853b1-7dfd-4541-8eff-108b5f9ce08f</LCO_FE_TributaryGroup_ID>
            <IsMain>N</IsMain>
            <LCO_FE_TributaryType_UU>2d0150ff-e819-4a61-9664-1a4adffbe8ce</LCO_FE_TributaryType_UU>
        </LCO_FE_TributaryType>
        <LCO_FE_TributaryType type="table">
            <AD_Org_ID>0</AD_Org_ID>
            <IsActive>Y</IsActive>
            <Value>R-23-PJ</Value>
            <Name>Liquidador suplente PJ</Name>
            <LCO_FE_TributaryGroup_ID reference="uuid" reference-key="LCO_FE_TributaryGroup">9c3853b1-7dfd-4541-8eff-108b5f9ce08f</LCO_FE_TributaryGroup_ID>
            <IsMain>N</IsMain>
            <LCO_FE_TributaryType_UU>c73fec1c-fd1e-47e5-8200-670f477ef0aa</LCO_FE_TributaryType_UU>
        </LCO_FE_TributaryType>
        <LCO_FE_TributaryType type="table">
            <AD_Org_ID>0</AD_Org_ID>
            <IsActive>Y</IsActive>
            <Value>R-24-PJ</Value>
            <Name>Depositario Provisional PJ</Name>
            <LCO_FE_TributaryGroup_ID reference="uuid" reference-key="LCO_FE_TributaryGroup">9c3853b1-7dfd-4541-8eff-108b5f9ce08f</LCO_FE_TributaryGroup_ID>
            <IsMain>N</IsMain>
            <LCO_FE_TributaryType_UU>7d80d953-bdbe-43ee-a131-21acb97f0947</LCO_FE_TributaryType_UU>
        </LCO_FE_TributaryType>
        <LCO_FE_TributaryType type="table">
            <AD_Org_ID>0</AD_Org_ID>
            <IsActive>Y</IsActive>
            <Value>R-25-PJ</Value>
            <Name>Agente Interventor PJ</Name>
            <LCO_FE_TributaryGroup_ID reference="uuid" reference-key="LCO_FE_TributaryGroup">9c3853b1-7dfd-4541-8eff-108b5f9ce08f</LCO_FE_TributaryGroup_ID>
            <IsMain>N</IsMain>
            <LCO_FE_TributaryType_UU>b101ba5c-ccf3-4066-b2a1-9bce14505252</LCO_FE_TributaryType_UU>
        </LCO_FE_TributaryType>
        <LCO_FE_TributaryType type="table">
            <AD_Org_ID>0</AD_Org_ID>
            <IsActive>Y</IsActive>
            <Value>R-26-PJ</Value>
            <Name>Agente de Aduanas PJ</Name>
            <LCO_FE_TributaryGroup_ID reference="uuid" reference-key="LCO_FE_TributaryGroup">9c3853b1-7dfd-4541-8eff-108b5f9ce08f</LCO_FE_TributaryGroup_ID>
            <IsMain>N</IsMain>
            <LCO_FE_TributaryType_UU>5dae18f5-da82-4218-bc40-b073edfbbab4</LCO_FE_TributaryType_UU>
        </LCO_FE_TributaryType>
        <LCO_FE_TributaryType type="table">
            <AD_Org_ID>0</AD_Org_ID>
            <IsActive>Y</IsActive>
            <Value>R-27-PJ</Value>
            <Name>Funcionario delegado para cumplir funciones OEA PJ</Name>
            <LCO_FE_TributaryGroup_ID reference="uuid" reference-key="LCO_FE_TributaryGroup">9c3853b1-7dfd-4541-8eff-108b5f9ce08f</LCO_FE_TributaryGroup_ID>
            <IsMain>N</IsMain>
            <LCO_FE_TributaryType_UU>6e26de3b-778f-4196-8602-ac5786916be8</LCO_FE_TributaryType_UU>
        </LCO_FE_TributaryType>
        <LCO_FE_TributaryType type="table">
            <AD_Org_ID>0</AD_Org_ID>
            <IsActive>Y</IsActive>
            <Value>R-14-PN</Value>
            <Name>Heredero con administración de bienes PN</Name>
            <LCO_FE_TributaryGroup_ID reference="uuid" reference-key="LCO_FE_TributaryGroup">9c3853b1-7dfd-4541-8eff-108b5f9ce08f</LCO_FE_TributaryGroup_ID>
            <IsMain>N</IsMain>
            <LCO_FE_TributaryType_UU>65aa64cd-fca1-4cd3-9dfb-d1818eca06c3</LCO_FE_TributaryType_UU>
        </LCO_FE_TributaryType>
        <LCO_FE_TributaryType type="table">
            <AD_Org_ID>0</AD_Org_ID>
            <IsActive>Y</IsActive>
            <Value>R-20-PJ</Value>
            <Name>Síndico PJ</Name>
            <LCO_FE_TributaryGroup_ID reference="uuid" reference-key="LCO_FE_TributaryGroup">9c3853b1-7dfd-4541-8eff-108b5f9ce08f</LCO_FE_TributaryGroup_ID>
            <IsMain>N</IsMain>
            <LCO_FE_TributaryType_UU>7c43c77b-dd27-4df8-bbbc-eb9e51302245</LCO_FE_TributaryType_UU>
        </LCO_FE_TributaryType>
    </LCO_FE_TributaryGroup>
</idempiere>
