<?xml version="1.0" encoding="UTF-8"?><idempiere Name="LCO_FE_NCConcept" Version="1.0.0" idempiereVersion="5.1.0.v20180705-1506" DataBaseVersion="2017-10-31" Description="" Author="Jesus Garcia" AuthorEmail="jesus.garcia@globalqss.com" CreatedDate="Thu Nov 29 09:37:11 COT 2018" UpdatedDate="Thu Nov 29 09:37:11 COT 2018" PackOutVersion="100" UpdateDictionary="true" Client="1000001-Brigard Castro S.A.S.-Brigard Castro S.A.S." AD_Client_UU="8cc308de-2c27-4ffa-bf0f-598925b4e219">
    <LCO_FE_NCConcept type="table">
        <AD_Org_ID>0</AD_Org_ID>
        <IsActive>Y</IsActive>
        <Value>1</Value>
        <Name>Devolución de parte de los bienes; no aceptación de partes d</Name>
        <IsDefault>N</IsDefault>
        <LCO_FE_NCConcept_UU>6c3de18f-f47a-4284-b0b7-0d3493ed7742</LCO_FE_NCConcept_UU>
    </LCO_FE_NCConcept>
    <LCO_FE_NCConcept type="table">
        <AD_Org_ID>0</AD_Org_ID>
        <IsActive>Y</IsActive>
        <Value>2</Value>
        <Name>Anulación de factura electrónica</Name>
        <IsDefault>N</IsDefault>
        <LCO_FE_NCConcept_UU>947b5765-0e1c-40ff-85a3-55718f617ae6</LCO_FE_NCConcept_UU>
    </LCO_FE_NCConcept>
    <LCO_FE_NCConcept type="table">
        <AD_Org_ID>0</AD_Org_ID>
        <IsActive>Y</IsActive>
        <Value>3</Value>
        <Name>Rebaja total aplicada</Name>
        <IsDefault>N</IsDefault>
        <LCO_FE_NCConcept_UU>bdf6617c-ef58-4a3f-bd75-74f35e35e51d</LCO_FE_NCConcept_UU>
    </LCO_FE_NCConcept>
    <LCO_FE_NCConcept type="table">
        <AD_Org_ID>0</AD_Org_ID>
        <IsActive>Y</IsActive>
        <Value>4</Value>
        <Name>Descuento total aplicado</Name>
        <IsDefault>N</IsDefault>
        <LCO_FE_NCConcept_UU>7208f9f7-12e2-42a6-892c-156ae412cfe2</LCO_FE_NCConcept_UU>
    </LCO_FE_NCConcept>
    <LCO_FE_NCConcept type="table">
        <AD_Org_ID>0</AD_Org_ID>
        <IsActive>Y</IsActive>
        <Value>5</Value>
        <Name>Rescisión: nulidad por falta de requisitos</Name>
        <IsDefault>N</IsDefault>
        <LCO_FE_NCConcept_UU>be05c1c7-c76f-4ef3-85f2-be1e7fb3026b</LCO_FE_NCConcept_UU>
    </LCO_FE_NCConcept>
    <LCO_FE_NCConcept type="table">
        <AD_Org_ID>0</AD_Org_ID>
        <IsActive>Y</IsActive>
        <Value>6</Value>
        <Name>Otros</Name>
        <IsDefault>N</IsDefault>
        <LCO_FE_NCConcept_UU>c4f6e207-0f16-4f41-a5c2-31c9d3bdc21d</LCO_FE_NCConcept_UU>
    </LCO_FE_NCConcept>
</idempiere>
