<?xml version="1.0" encoding="UTF-8"?><idempiere Name="AD_Sequence" Version="1.0.0" idempiereVersion="DCI ERP" DataBaseVersion="2019-11-22" Description="" Author="SuperUser" AuthorEmail="superuser @ dcierp.com" CreatedDate="Mon Feb 03 18:35:30 CET 2020" UpdatedDate="Mon Feb 03 18:35:30 CET 2020" PackOutVersion="100" UpdateDictionary="true" Client="1000000-QSS-PRUEBAS DEV QSS" AD_Client_UU="a164a2e6-9416-40e7-9223-bbea2e0f1862">
    <AD_Sequence type="table">
        <AD_Org_ID>0</AD_Org_ID>
        <Name>AR Invoice BI</Name>
        <CurrentNext>990001005</CurrentNext>
        <IsAudited>N</IsAudited>
        <Prefix>SETP</Prefix>
        <Suffix/>
        <StartNewYear>N</StartNewYear>
        <Description>AR Invoice BI</Description>
        <IsActive>Y</IsActive>
        <IsTableID>N</IsTableID>
        <VFormat/>
        <IsAutoSequence>Y</IsAutoSequence>
        <StartNo>100000</StartNo>
        <IncrementNo>1</IncrementNo>
        <CurrentNextSys>10000</CurrentNextSys>
        <DateColumn/>
        <DecimalPattern/>
        <AD_Sequence_UU>81d2d7e8-8962-4cc4-90b8-a997708c4e3f</AD_Sequence_UU>
        <StartNewMonth>N</StartNewMonth>
        <IsOrgLevelSequence>N</IsOrgLevelSequence>
        <OrgColumn/>
    </AD_Sequence>
</idempiere>
