<?xml version="1.0" encoding="UTF-8"?><idempiere Name="AD_OrgInfo" Version="1.0.0" idempiereVersion="5.1.0.qualifier" DataBaseVersion="2017-10-31" Description="" Author="SuperUser" AuthorEmail="superuser @ idempiere.com" CreatedDate="Tue Dec 04 15:13:24 COT 2018" UpdatedDate="Tue Dec 04 15:13:24 COT 2018" PackOutVersion="100" UpdateDictionary="true" Client="11-GardenWorld-GardenWorld" AD_Client_UU="3268b9a8-10d8-466d-96e5-aa01166408fa">
    <AD_OrgInfo type="table">
        <AD_Client_ID reference="id">11</AD_Client_ID>
        <AD_Org_ID reference="id">11</AD_Org_ID>
        <C_Location_ID reference="id">114</C_Location_ID>
        <IsActive>Y</IsActive>
        <DUNS>??         </DUNS>
        <TaxID>839.985.350-4</TaxID>
        <Supervisor_ID reference="id">101</Supervisor_ID>
        <Parent_Org_ID reference="id"/>
        <M_Warehouse_ID reference="id">103</M_Warehouse_ID>
        <AD_OrgType_ID reference="id">100</AD_OrgType_ID>
        <TransferBank_ID reference="id"/>
        <TransferCashBook_ID reference="id"/>
        <ReceiptFooterMsg/>
        <DropShip_Warehouse_ID reference="id"/>
        <C_Calendar_ID reference="id"/>
        <Logo_ID/>
        <Phone/>
        <Phone2/>
        <Fax/>
        <EMail/>
        <AD_OrgInfo_UU>3f3107ab-89ac-406a-bcb0-4f4390925554</AD_OrgInfo_UU>
        <LCO_TaxPayerType_ID reference="id"/>
        <LCO_ISIC_ID reference="id"/>
        <PA_Goal_ID reference="id"/>
        <C_BPartner_ID reference="id">121</C_BPartner_ID>
        <LCO_FE_AutoretResolucionNo/>
        <LCO_FE_IdCompany>830085359</LCO_FE_IdCompany>
        <LCO_FE_IdAccount>830085359_01</LCO_FE_IdAccount>
        <LCO_FE_AutoretDate/>
        <LCO_FE_GranConResolucionNo/>
        <LCO_FE_GranConDate/>
        <LCO_FE_UserName>da7dd156-7197-4f1f-b24d-ebe771381ff7</LCO_FE_UserName>
        <LCO_FE_UserPass>password</LCO_FE_UserPass>
    </AD_OrgInfo>
</idempiere>
