<?xml version="1.0" encoding="UTF-8"?><idempiere Name="LCO_FE_DIAN_Format" Version="1.0.0" idempiereVersion="5.1.0.qualifier" DataBaseVersion="2017-10-31" Description="" Author="SuperUser" AuthorEmail="superuser @ idempiere.com" CreatedDate="Tue Dec 04 12:48:36 COT 2018" UpdatedDate="Tue Dec 04 12:48:36 COT 2018" PackOutVersion="100" UpdateDictionary="true" Client="11-GardenWorld-GardenWorld" AD_Client_UU="3268b9a8-10d8-466d-96e5-aa01166408fa">
    <LCO_FE_DIAN_Format type="table">
        <AD_Org_ID>0</AD_Org_ID>
        <Name>FACTURA DE VENTA FE</Name>
        <Value>f</Value>
        <Description/>
        <IsActive>Y</IsActive>
        <VersionNo>1.0</VersionNo>
        <MaxXMLRecords>0</MaxXMLRecords>
        <URL_XSD/>
        <LCO_FE_DocType_ID reference="uuid" reference-key="LCO_FE_DocType">d65e2d07-1c09-4619-8140-98be9a368ae5</LCO_FE_DocType_ID>
        <XmlPrintLabel>fe:Invoice</XmlPrintLabel>
        <UBLVersionNo>2.0</UBLVersionNo>
        <ValidFrom>2018-11-01 00:00:00.0</ValidFrom>
        <ValidTo/>
        <LCO_FE_DIAN_Format_UU>6dab1af4-0344-4fe3-bad0-f4e6e83bdebb</LCO_FE_DIAN_Format_UU>
        <LCO_FE_EDIType>xml</LCO_FE_EDIType>
    </LCO_FE_DIAN_Format>
</idempiere>
