<?xml version="1.0" encoding="UTF-8" standalone="no"?>
<!--GlobalQSS - iDempiere -Smart Suite ERP,CRM and SCM- (c) 1999-2012 iDempiere(r); Implementation: iDempiere - Supported by GlobalQSS - Quality Systems & Solutions-->
<!--<!DOCTYPE idempiereTrl PUBLIC "-//ComPiere, Inc.//DTD idempiere Translation 1.0//EN" "http://www.idempiere.com/dtd/idempiereTrl.dtd">-->
<idempiereTrl language="es_CO" table="AD_InfoWindow">
 <row id="200000" trl="Y">
  <value column="Name" original="Product Info">Información de Producto</value>
  <value column="Description" original=""/>
  <value column="Help" original=""/>
 </row>
 <row id="200001" trl="Y">
  <value column="Name" original="Business Partner Info">Información de Tercero</value>
  <value column="Description" original=""/>
  <value column="Help" original=""/>
 </row>
 <row id="200002" trl="Y">
  <value column="Name" original="Order Info">Información de Orden</value>
  <value column="Description" original=""/>
  <value column="Help" original=""/>
 </row>
 <row id="200003" trl="Y">
  <value column="Name" original="Invoice Info">Información de Factura</value>
  <value column="Description" original=""/>
  <value column="Help" original=""/>
 </row>
 <row id="200004" trl="Y">
  <value column="Name" original="Shipment Info">Información de Entrega</value>
  <value column="Description" original=""/>
  <value column="Help" original=""/>
 </row>
 <row id="200005" trl="Y">
  <value column="Name" original="Payment Info">Información de Pago/Recaudo</value>
  <value column="Description" original=""/>
  <value column="Help" original=""/>
 </row>
 <row id="200006" trl="Y">
  <value column="Name" original="Resource Info">Información de Recurso</value>
  <value column="Description" original=""/>
  <value column="Help" original=""/>
 </row>
 <row id="200007" trl="Y">
  <value column="Name" original="Asset Info">Información de Activo</value>
  <value column="Description" original=""/>
  <value column="Help" original=""/>
 </row>
</idempiereTrl>
