<?xml version="1.0" encoding="UTF-8" standalone="no"?>
<!--GlobalQSS - iDempiere -Smart Suite ERP,CRM and SCM- (c) 1999-2012 iDempiere(r); Implementation: iDempiere - Supported by GlobalQSS - Quality Systems & Solutions-->
<!--<!DOCTYPE idempiereTrl PUBLIC "-//ComPiere, Inc.//DTD idempiere Translation 1.0//EN" "http://www.idempiere.com/dtd/idempiereTrl.dtd">-->
<idempiereTrl language="es_CO" table="AD_PrintColor">
 <row id="100" trl="Y">
  <value column="Name" original="Black">Negro</value>
 </row>
 <row id="102" trl="Y">
  <value column="Name" original="Red">Rojo</value>
 </row>
 <row id="103" trl="Y">
  <value column="Name" original="Green">Verde</value>
 </row>
 <row id="104" trl="Y">
  <value column="Name" original="Blue">Azul</value>
 </row>
 <row id="105" trl="Y">
  <value column="Name" original="Gray dark">Gris oscuro</value>
 </row>
 <row id="106" trl="Y">
  <value column="Name" original="Gray">Gris</value>
 </row>
 <row id="107" trl="Y">
  <value column="Name" original="Gray light">Gris claro</value>
 </row>
 <row id="108" trl="Y">
  <value column="Name" original="White">Blanco</value>
 </row>
 <row id="109" trl="Y">
  <value column="Name" original="Cyan">Cian</value>
 </row>
 <row id="110" trl="Y">
  <value column="Name" original="Magenta">Magenta</value>
 </row>
 <row id="111" trl="Y">
  <value column="Name" original="Orange">Anaranjado</value>
 </row>
 <row id="112" trl="Y">
  <value column="Name" original="Pink">Rosado</value>
 </row>
 <row id="113" trl="Y">
  <value column="Name" original="Yellow">Amarillo</value>
 </row>
 <row id="114" trl="Y">
  <value column="Name" original="Blue dark">Azul oscuro</value>
 </row>
 <row id="115" trl="Y">
  <value column="Name" original="Gray white">Gris blanco</value>
 </row>
 <row id="116" trl="Y">
  <value column="Name" original="Green dark">Verde oscuro</value>
 </row>
 <row id="117" trl="Y">
  <value column="Name" original="Green black">Verde negro</value>
 </row>
 <row id="119" trl="Y">
  <value column="Name" original="Blue black">Azul negro</value>
 </row>
 <row id="120" trl="Y">
  <value column="Name" original="Brown">Marrón</value>
 </row>
 <row id="121" trl="Y">
  <value column="Name" original="Brown dark">Marrón oscuro</value>
 </row>
</idempiereTrl>
