<?xml version="1.0" encoding="UTF-8" standalone="no"?>
<!--GlobalQSS - iDempiere -Smart Suite ERP,CRM and SCM- (c) 1999-2012 iDempiere(r); Implementation: iDempiere - Supported by GlobalQSS - Quality Systems & Solutions-->
<!--<!DOCTYPE idempiereTrl PUBLIC "-//ComPiere, Inc.//DTD idempiere Translation 1.0//EN" "http://www.idempiere.com/dtd/idempiereTrl.dtd">-->
<idempiereTrl language="es_CO" table="AD_Task">
 <row id="102" trl="Y">
  <value column="Name" original="Java Version">Versión Java</value>
  <value column="Description" original="Displays the version of the default Java VM">Despliega la versión de la Máquina Virtual Java Predeterminada</value>
  <value column="Help" original="The java version used by the application might be different.">La versión java usada por la aplicación puede ser diferente</value>
 </row>
 <row id="103" trl="Y">
  <value column="Name" original="Database export">Exporta la base de datos</value>
  <value column="Description" original="Export (save) the database">Exporta (Guardar) la base de datos</value>
  <value column="Help" original="Run this command from the server">Ejecutar este comando desde el servidor</value>
 </row>
 <row id="104" trl="Y">
  <value column="Name" original="Database transfer">Transferencia de la base de datos</value>
  <value column="Description" original="Transfer the database">Transfiere la base de datos</value>
  <value column="Help" original="Run this command from the server">Ejecutar este comando desde el servidor</value>
 </row>
</idempiereTrl>
