<?xml version="1.0" encoding="UTF-8" standalone="no"?>
<!--GlobalQSS - iDempiere -Smart Suite ERP,CRM and SCM- (c) 1999-2012 iDempiere(r); Implementation: iDempiere - Supported by GlobalQSS - Quality Systems & Solutions-->
<!--<!DOCTYPE idempiereTrl PUBLIC "-//ComPiere, Inc.//DTD idempiere Translation 1.0//EN" "http://www.idempiere.com/dtd/idempiereTrl.dtd">-->
<idempiereTrl language="es_CO" table="C_DocType">
 <row id="0" trl="Y">
  <value column="Name" original="** New **">** Nuevo **</value>
  <value column="PrintName" original="** New **">** Nuevo **</value>
  <value column="DocumentNote" original="** NO INVOICE **">** NO HAY FACTURA AUN **</value>
 </row>
 <row id="115" trl="Y">
  <value column="Name" original="GL Journal">Nota de Contabilidad</value>
  <value column="PrintName" original="Journal">Nota de Contabilidad</value>
  <value column="DocumentNote" original=""/>
 </row>
 <row id="116" trl="Y">
  <value column="Name" original="AR Invoice">Factura de CxC</value>
  <value column="PrintName" original="Invoice">Factura CxC</value>
  <value column="DocumentNote" original="Document Type Note for general and promotional text.">Nota de tipo de documento para texto general y promocional</value>
 </row>
 <row id="117" trl="Y">
  <value column="Name" original="AR Invoice Indirect">Facturas de CxC indirecta</value>
  <value column="PrintName" original="Invoice">Factura CxC Indirecta</value>
  <value column="DocumentNote" original="Document Type Note for general and promotional text.">Nota de tipo de documento para texto general y promocional</value>
 </row>
 <row id="118" trl="Y">
  <value column="Name" original="AR Credit Memo">Nota Crédito CxC</value>
  <value column="PrintName" original="Credit Memo">Nota Crédito CxC</value>
  <value column="DocumentNote" original=""/>
 </row>
 <row id="119" trl="Y">
  <value column="Name" original="AR Receipt">Comprobante de Ingreso</value>
  <value column="PrintName" original="Receipt">Comprobante de Ingreso</value>
  <value column="DocumentNote" original=""/>
 </row>
 <row id="120" trl="Y">
  <value column="Name" original="MM Shipment">Entrega de Productos</value>
  <value column="PrintName" original="Delivery Note">Nota de Entrega</value>
  <value column="DocumentNote" original=""/>
 </row>
 <row id="121" trl="Y">
  <value column="Name" original="MM Shipment Indirect">Entrega de Productos Indirecto</value>
  <value column="PrintName" original="Delivery Note">Nota Entrega</value>
  <value column="DocumentNote" original=""/>
 </row>
 <row id="122" trl="Y">
  <value column="Name" original="MM Receipt">Recepción de Productos</value>
  <value column="PrintName" original="Vendor Delivery">Envío Proveedor</value>
  <value column="DocumentNote" original=""/>
 </row>
 <row id="123" trl="Y">
  <value column="Name" original="AP Invoice">Factura de CxP</value>
  <value column="PrintName" original="Vendor Invoice">Factura de CxP</value>
  <value column="DocumentNote" original=""/>
 </row>
 <row id="124" trl="Y">
  <value column="Name" original="AP CreditMemo">Nota Crédito Proveedor</value>
  <value column="PrintName" original="Vendor Credit Memo">Nota Crédito Proveedor</value>
  <value column="DocumentNote" original=""/>
 </row>
 <row id="125" trl="Y">
  <value column="Name" original="AP Payment">Comprobante de Egreso</value>
  <value column="PrintName" original="Vendor Payment">Comprobante de Egreso</value>
  <value column="DocumentNote" original=""/>
 </row>
 <row id="126" trl="Y">
  <value column="Name" original="Purchase Order">Orden de compra</value>
  <value column="PrintName" original="Purchase Order">Orden de compra</value>
  <value column="DocumentNote" original=""/>
 </row>
 <row id="127" trl="Y">
  <value column="Name" original="Purchase Requisition">Requisición de compra</value>
  <value column="PrintName" original="Purchase Requisition">Requisición de compra</value>
  <value column="DocumentNote" original=""/>
 </row>
 <row id="128" trl="Y">
  <value column="Name" original="Quotation">Cotización</value>
  <value column="PrintName" original="Quotation">Cotización</value>
  <value column="DocumentNote" original=""/>
 </row>
 <row id="129" trl="Y">
  <value column="Name" original="Proposal">Propuesta</value>
  <value column="PrintName" original="Proposal">Propuesta</value>
  <value column="DocumentNote" original=""/>
 </row>
 <row id="130" trl="Y">
  <value column="Name" original="Prepay Order">Orden Prepagada</value>
  <value column="PrintName" original="Prepay Order">Orden Prepagada</value>
  <value column="DocumentNote" original=""/>
 </row>
 <row id="131" trl="Y">
  <value column="Name" original="Customer Return Material">Retorno de material</value>
  <value column="PrintName" original="Customer Return Material Authorization">Autorización de Retorno de Material</value>
  <value column="DocumentNote" original=""/>
 </row>
 <row id="132" trl="Y">
  <value column="Name" original="Standard Order">Orden Estandar</value>
  <value column="PrintName" original="Order Confirmation">Confirmación de orden</value>
  <value column="DocumentNote" original=""/>
 </row>
 <row id="133" trl="Y">
  <value column="Name" original="On Credit Order">Orden a Crédito</value>
  <value column="PrintName" original="Order Confirmation">Confirmación de orden</value>
  <value column="DocumentNote" original=""/>
 </row>
 <row id="134" trl="Y">
  <value column="Name" original="Warehouse Order">Orden de Almacén</value>
  <value column="PrintName" original="Order Confirmation">Confirmación de orden</value>
  <value column="DocumentNote" original=""/>
 </row>
 <row id="135" trl="Y">
  <value column="Name" original="POS Order">Orden Punto de Venta</value>
  <value column="PrintName" original="Order Confirmation">Confirmación de orden</value>
  <value column="DocumentNote" original=""/>
 </row>
 <row id="136" trl="Y">
  <value column="Name" original="Project Issue">Tópico Proyecto</value>
  <value column="PrintName" original="Project Issue">Tópico Proyecto</value>
  <value column="DocumentNote" original=""/>
 </row>
 <row id="137" trl="Y">
  <value column="Name" original="Payment Allocation">Asignación de pago/recaudo</value>
  <value column="PrintName" original="Payment Allocation">Asignación de pago/recaudo</value>
  <value column="DocumentNote" original=""/>
 </row>
 <row id="138" trl="Y">
  <value column="Name" original="Match Invoice">Asignación de Factura</value>
  <value column="PrintName" original="Match Invoice">Asignación de Factura</value>
  <value column="DocumentNote" original=""/>
 </row>
 <row id="139" trl="Y">
  <value column="Name" original="Material Production">Producción de Material</value>
  <value column="PrintName" original="Material Production">Producción de material</value>
  <value column="DocumentNote" original=""/>
 </row>
 <row id="140" trl="Y">
  <value column="Name" original="GL Document">Documento de Contabilidad General</value>
  <value column="PrintName" original="GL Document">Documento de contabilidad general</value>
  <value column="DocumentNote" original=""/>
 </row>
 <row id="141" trl="Y">
  <value column="Name" original="Cash Journal">Diario Caja PDV</value>
  <value column="PrintName" original="Cash Journal">Diario Caja PDV</value>
  <value column="DocumentNote" original=""/>
 </row>
 <row id="142" trl="Y">
  <value column="Name" original="Match PO">Asignación de Orden de Compra</value>
  <value column="PrintName" original="Match PO">Asignación de Orden de Compra</value>
  <value column="DocumentNote" original=""/>
 </row>
 <row id="143" trl="Y">
  <value column="Name" original="Material Movement">Movimiento de Material</value>
  <value column="PrintName" original="Material Movement">Movimiento de material</value>
  <value column="DocumentNote" original=""/>
 </row>
 <row id="144" trl="Y">
  <value column="Name" original="Material Physical Inventory">Inventario Físico de Material</value>
  <value column="PrintName" original="Material Physical Inventory">Inventario Físico de Material</value>
  <value column="DocumentNote" original=""/>
 </row>
 <row id="145" trl="Y">
  <value column="Name" original="AR Pro Forma Invoice">Factura ProForma CxC</value>
  <value column="PrintName" original="AR Pro Forma Invoice">Factura ProForma CxC</value>
  <value column="DocumentNote" original=""/>
 </row>
 <row id="146" trl="Y">
  <value column="Name" original="Bank Statement">Extracto Bancario</value>
  <value column="PrintName" original="Bank Statement">Extracto Bancario</value>
  <value column="DocumentNote" original=""/>
 </row>
 <row id="147" trl="Y">
  <value column="Name" original="MM Receipt with Confirmation">Recibo de Productos con Confirmación</value>
  <value column="PrintName" original="Vendor Delivery">Envío Proveedor</value>
  <value column="DocumentNote" original=""/>
 </row>
 <row id="148" trl="Y">
  <value column="Name" original="MM Shipment with Pick">Entrega Productos con Recogida</value>
  <value column="PrintName" original="Delivery Note">Nota de Entrega</value>
  <value column="DocumentNote" original=""/>
 </row>
 <row id="149" trl="Y">
  <value column="Name" original="MM Customer Return">Devolución Productos Cliente</value>
  <value column="PrintName" original="Return Material">Devolución Productos Cliente</value>
  <value column="DocumentNote" original=""/>
 </row>
 <row id="150" trl="Y">
  <value column="Name" original="Vendor Return Material">Devolución Productos Proveedor</value>
  <value column="PrintName" original="Vendor Return Material Authorization">Autorización de devolución de productos proveedor</value>
  <value column="DocumentNote" original=""/>
 </row>
 <row id="151" trl="Y">
  <value column="Name" original="MM Vendor Return">Retorno Productos Proveedor</value>
  <value column="PrintName" original="Vendor Return Material">Retorno Productos Proveedor</value>
  <value column="DocumentNote" original=""/>
 </row>
 <row id="50000" trl="Y">
  <value column="Name" original="Payroll">Nómina</value>
  <value column="PrintName" original="Payroll">Nómina</value>
  <value column="DocumentNote" original=""/>
 </row>
 <row id="50001" trl="Y">
  <value column="Name" original="GL Journal Batch">Lote de Notas Contables</value>
  <value column="PrintName" original="Journal Batch">Lote de Notas Contables</value>
  <value column="DocumentNote" original=""/>
 </row>
 <row id="50002" trl="Y">
  <value column="Name" original="Manufacturing Order">Orden de Manufactura</value>
  <value column="PrintName" original="Manufacturing Order">Orden de Manufactura</value>
  <value column="DocumentNote" original=""/>
 </row>
 <row id="50010" trl="Y">
  <value column="Name" original="Maintenance Order">Orden de Mantenimiento</value>
  <value column="PrintName" original="Maintenance Order">Orden de Mantenimiento</value>
  <value column="DocumentNote" original=""/>
 </row>
 <row id="50011" trl="Y">
  <value column="Name" original="Quality Order">Orden de Calidad</value>
  <value column="PrintName" original="Quality Order">Orden de Calidad</value>
  <value column="DocumentNote" original=""/>
 </row>
 <row id="50012" trl="Y">
  <value column="Name" original="Distribution Order">Orden de Distribución</value>
  <value column="PrintName" original="Distribution Order">Orden de Distribución</value>
  <value column="DocumentNote" original=""/>
 </row>
 <row id="50013" trl="Y">
  <value column="Name" original="Manufacturing Cost Collector">Recolector de Costos de Manufactura</value>
  <value column="PrintName" original="Manufacturing Cost Collector">Recolector de Costos de Manufactura</value>
  <value column="DocumentNote" original=""/>
 </row>
 <row id="200000" trl="Y">
  <value column="Name" original="Internal Use Inventory">Inventario Uso Interno</value>
  <value column="PrintName" original="Internal Use Inventory">Inventario Uso Interno</value>
  <value column="DocumentNote" original=""/>
 </row>
 <row id="200001" trl="Y">
  <value column="Name" original="Asset Addition">Adición Activo</value>
  <value column="PrintName" original="Asset Addition">Adición Activo</value>
  <value column="DocumentNote" original=""/>
 </row>
 <row id="200002" trl="Y">
  <value column="Name" original="Asset Depreciation">Depreciación Activo</value>
  <value column="PrintName" original="Asset Depreciation">Depreciación Activo</value>
  <value column="DocumentNote" original=""/>
 </row>
 <row id="200003" trl="Y">
  <value column="Name" original="Asset Disposal">Desechar Activo</value>
  <value column="PrintName" original="Asset Disposal">Desechar Activo</value>
  <value column="DocumentNote" original=""/>
 </row>
 <row id="200004" trl="Y">
  <value column="Name" original="Cost Adjustment">Ajuste Costo</value>
  <value column="PrintName" original="Cost Adjustment">Ajuste Costo</value>
  <value column="DocumentNote" original=""/>
 </row>
</idempiereTrl>
