<?xml version="1.0" encoding="UTF-8" standalone="no"?>
<!--GlobalQSS - iDempiere -Smart Suite ERP,CRM and SCM- (c) 1999-2012 iDempiere(r); Implementation: iDempiere - Supported by GlobalQSS - Quality Systems & Solutions-->
<!--<!DOCTYPE idempiereTrl PUBLIC "-//ComPiere, Inc.//DTD idempiere Translation 1.0//EN" "http://www.idempiere.com/dtd/idempiereTrl.dtd">-->
<idempiereTrl language="es_CO" table="C_DunningLevel">
 <row id="100" trl="Y">
  <value column="PrintName" original="Statement">Estado de Cuenta</value>
  <value column="Note" original="Please review your statement and submit due payments.">Por favor revise su estado de cuenta y realice los pagos vencidos.</value>
 </row>
 <row id="101" trl="Y">
  <value column="PrintName" original="Dunning Letter">Carta de morosidad</value>
  <value column="Note" original="Please pay the due invoices immediately">Por favor pague las facturas vencidas inmediatamente</value>
 </row>
</idempiereTrl>
