<?xml version="1.0" encoding="UTF-8" standalone="no"?>
<!--GlobalQSS - iDempiere -Smart Suite ERP,CRM and SCM- (c) 1999-2012 iDempiere(r); Implementation: iDempiere - Supported by GlobalQSS - Quality Systems & Solutions-->
<!--<!DOCTYPE idempiereTrl PUBLIC "-//ComPiere, Inc.//DTD idempiere Translation 1.0//EN" "http://www.idempiere.com/dtd/idempiereTrl.dtd">-->
<idempiereTrl language="es_CO" table="C_PaymentTerm">
 <row id="100" trl="Y">
  <value column="Name" original="30 Net">30 Neto</value>
  <value column="Description" original=""/>
  <value column="DocumentNote" original=""/>
 </row>
 <row id="105" trl="Y">
  <value column="Name" original="Immediate">Inmediato</value>
  <value column="Description" original=""/>
  <value column="DocumentNote" original=""/>
 </row>
 <row id="106" trl="Y">
  <value column="Name" original="2%10 Net 30">2%10 Neto 30</value>
  <value column="Description" original="2% discount if paid in 10 days, net due in 30 days">2% descuento si pago en 10 días, deuda neta en 30 días</value>
  <value column="DocumentNote" original="Payment Term Note: Long Term Contracts are eligible for payment discounts.">Nota Término de Pago: Contratos a Largo Plazo son elegibles para descuentos por pronto pago.</value>
 </row>
 <row id="107" trl="Y">
  <value column="Name" original="30 Days Net">30 Días Neto</value>
  <value column="Description" original=""/>
  <value column="DocumentNote" original=""/>
 </row>
 <row id="108" trl="Y">
  <value column="Name" original="50% Immediate - 50% in 30 days">50% Inmediato - 50% en 30 días</value>
  <value column="Description" original=""/>
  <value column="DocumentNote" original=""/>
 </row>
</idempiereTrl>
