<?xml version="1.0" encoding="UTF-8" standalone="no"?>
<!--GlobalQSS - iDempiere -Smart Suite ERP,CRM and SCM- (c) 1999-2012 iDempiere(r); Implementation: iDempiere - Supported by GlobalQSS - Quality Systems & Solutions-->
<!--<!DOCTYPE idempiereTrl PUBLIC "-//ComPiere, Inc.//DTD idempiere Translation 1.0//EN" "http://www.idempiere.com/dtd/idempiereTrl.dtd">-->
<idempiereTrl language="es_CO" table="C_Region">
 <row id="102" trl="Y">
  <value column="Name" original="CT">CT</value>
 </row>
 <row id="103" trl="Y">
  <value column="Name" original="CA">CA</value>
 </row>
 <row id="104" trl="Y">
  <value column="Name" original="MA">MA</value>
 </row>
 <row id="105" trl="Y">
  <value column="Name" original="ME">ME</value>
 </row>
 <row id="106" trl="Y">
  <value column="Name" original="NH">NH</value>
 </row>
 <row id="107" trl="Y">
  <value column="Name" original="RI">RI</value>
 </row>
 <row id="108" trl="Y">
  <value column="Name" original="NY">NY</value>
 </row>
 <row id="109" trl="Y">
  <value column="Name" original="NJ">NJ</value>
 </row>
 <row id="110" trl="Y">
  <value column="Name" original="PA">PA</value>
 </row>
 <row id="111" trl="Y">
  <value column="Name" original="VA">VA</value>
 </row>
 <row id="112" trl="Y">
  <value column="Name" original="WV">WV</value>
 </row>
 <row id="113" trl="Y">
  <value column="Name" original="FL">FL</value>
 </row>
 <row id="114" trl="Y">
  <value column="Name" original="AL">AL</value>
 </row>
 <row id="115" trl="Y">
  <value column="Name" original="DE">DE</value>
 </row>
 <row id="116" trl="Y">
  <value column="Name" original="WA">WA</value>
 </row>
 <row id="118" trl="Y">
  <value column="Name" original="AK">AK</value>
 </row>
 <row id="119" trl="Y">
  <value column="Name" original="TN">TN</value>
 </row>
 <row id="120" trl="Y">
  <value column="Name" original="GA">GA</value>
 </row>
 <row id="121" trl="Y">
  <value column="Name" original="ND">ND</value>
 </row>
 <row id="122" trl="Y">
  <value column="Name" original="SD">SD</value>
 </row>
 <row id="123" trl="Y">
  <value column="Name" original="MN">MN</value>
 </row>
 <row id="124" trl="Y">
  <value column="Name" original="IA">IA</value>
 </row>
 <row id="125" trl="Y">
  <value column="Name" original="IN">IN</value>
 </row>
 <row id="126" trl="Y">
  <value column="Name" original="OH">OH</value>
 </row>
 <row id="127" trl="Y">
  <value column="Name" original="IL">IL</value>
 </row>
 <row id="128" trl="Y">
  <value column="Name" original="SC">SC</value>
 </row>
 <row id="129" trl="Y">
  <value column="Name" original="NC">NC</value>
 </row>
 <row id="130" trl="Y">
  <value column="Name" original="KY">KY</value>
 </row>
 <row id="131" trl="Y">
  <value column="Name" original="LA">LA</value>
 </row>
 <row id="132" trl="Y">
  <value column="Name" original="TX">TX</value>
 </row>
 <row id="133" trl="Y">
  <value column="Name" original="OK">OK</value>
 </row>
 <row id="135" trl="Y">
  <value column="Name" original="MS">MS</value>
 </row>
 <row id="136" trl="Y">
  <value column="Name" original="MT">MT</value>
 </row>
 <row id="137" trl="Y">
  <value column="Name" original="MO">MO</value>
 </row>
 <row id="138" trl="Y">
  <value column="Name" original="KS">KS</value>
 </row>
 <row id="139" trl="Y">
  <value column="Name" original="NE">NE</value>
 </row>
 <row id="140" trl="Y">
  <value column="Name" original="WY">WY</value>
 </row>
 <row id="141" trl="Y">
  <value column="Name" original="NM">NM</value>
 </row>
 <row id="142" trl="Y">
  <value column="Name" original="OR">OR</value>
 </row>
 <row id="144" trl="Y">
  <value column="Name" original="AR">AR</value>
 </row>
 <row id="145" trl="Y">
  <value column="Name" original="AZ">AZ</value>
 </row>
 <row id="146" trl="Y">
  <value column="Name" original="UT">UT</value>
 </row>
 <row id="147" trl="Y">
  <value column="Name" original="ID">ID</value>
 </row>
 <row id="148" trl="Y">
  <value column="Name" original="NV">NV</value>
 </row>
 <row id="149" trl="Y">
  <value column="Name" original="CO">CO</value>
 </row>
 <row id="150" trl="Y">
  <value column="Name" original="HI">HI</value>
 </row>
 <row id="152" trl="Y">
  <value column="Name" original="MI">MI</value>
 </row>
 <row id="153" trl="Y">
  <value column="Name" original="WI">WI</value>
 </row>
 <row id="154" trl="Y">
  <value column="Name" original="MD">MD</value>
 </row>
 <row id="155" trl="Y">
  <value column="Name" original="VT">VT</value>
 </row>
 <row id="156" trl="Y">
  <value column="Name" original="Alberta">Alberta</value>
 </row>
 <row id="157" trl="Y">
  <value column="Name" original="British Columbia">British Columbia</value>
 </row>
 <row id="158" trl="Y">
  <value column="Name" original="Manitoba">Manitoba</value>
 </row>
 <row id="159" trl="Y">
  <value column="Name" original="New Brunswick">New Brunswick</value>
 </row>
 <row id="160" trl="Y">
  <value column="Name" original="Newfoundland and Labrador">Newfoundland and Labrador</value>
 </row>
 <row id="161" trl="Y">
  <value column="Name" original="Nova Scotia">Nova Scotia</value>
 </row>
 <row id="162" trl="Y">
  <value column="Name" original="Northwest Territories">Northwest Territories</value>
 </row>
 <row id="163" trl="Y">
  <value column="Name" original="Nunavut">Nunavut</value>
 </row>
 <row id="164" trl="Y">
  <value column="Name" original="Ontario">Ontario</value>
 </row>
 <row id="165" trl="Y">
  <value column="Name" original="Prince Edward Island">Prince Edward Island</value>
 </row>
 <row id="166" trl="Y">
  <value column="Name" original="Québec">Québec</value>
 </row>
 <row id="167" trl="Y">
  <value column="Name" original="Saskatchewan">Saskatchewan</value>
 </row>
 <row id="168" trl="Y">
  <value column="Name" original="Yukon">Yukon</value>
 </row>
 <row id="169" trl="Y">
  <value column="Name" original="VIC">VIC</value>
 </row>
 <row id="170" trl="Y">
  <value column="Name" original="NSW">NSW</value>
 </row>
 <row id="171" trl="Y">
  <value column="Name" original="SA">SA</value>
 </row>
 <row id="172" trl="Y">
  <value column="Name" original="NT">NT</value>
 </row>
 <row id="173" trl="Y">
  <value column="Name" original="WA">WA</value>
 </row>
 <row id="174" trl="Y">
  <value column="Name" original="QLD">QLD</value>
 </row>
 <row id="175" trl="Y">
  <value column="Name" original="TAS">TAS</value>
 </row>
 <row id="176" trl="Y">
  <value column="Name" original="ACT">ACT</value>
 </row>
 <row id="177" trl="Y">
  <value column="Name" original="AGS">AGS</value>
 </row>
 <row id="178" trl="Y">
  <value column="Name" original="B.C.">B.C.</value>
 </row>
 <row id="179" trl="Y">
  <value column="Name" original="B.C.S">B.C.S</value>
 </row>
 <row id="180" trl="Y">
  <value column="Name" original="CAMP">CAMP</value>
 </row>
 <row id="181" trl="Y">
  <value column="Name" original="COL">COL</value>
 </row>
 <row id="182" trl="Y">
  <value column="Name" original="CHIS">CHIS</value>
 </row>
 <row id="183" trl="Y">
  <value column="Name" original="CHIH">CHIH</value>
 </row>
 <row id="184" trl="Y">
  <value column="Name" original="D.F.">D.F.</value>
 </row>
 <row id="185" trl="Y">
  <value column="Name" original="DGO">DGO</value>
 </row>
 <row id="186" trl="Y">
  <value column="Name" original="GTO">GTO</value>
 </row>
 <row id="187" trl="Y">
  <value column="Name" original="GRO">GRO</value>
 </row>
 <row id="188" trl="Y">
  <value column="Name" original="HGO">HGO</value>
 </row>
 <row id="189" trl="Y">
  <value column="Name" original="JAL">JAL</value>
 </row>
 <row id="190" trl="Y">
  <value column="Name" original="MEX">MEX</value>
 </row>
 <row id="191" trl="Y">
  <value column="Name" original="MICH">MICH</value>
 </row>
 <row id="192" trl="Y">
  <value column="Name" original="MOR">MOR</value>
 </row>
 <row id="193" trl="Y">
  <value column="Name" original="NAY">NAY</value>
 </row>
 <row id="194" trl="Y">
  <value column="Name" original="N.L.">N.L.</value>
 </row>
 <row id="195" trl="Y">
  <value column="Name" original="OAX">OAX</value>
 </row>
 <row id="196" trl="Y">
  <value column="Name" original="PUE">PUE</value>
 </row>
 <row id="197" trl="Y">
  <value column="Name" original="QRO">QRO</value>
 </row>
 <row id="198" trl="Y">
  <value column="Name" original="Q.ROO">Q.ROO</value>
 </row>
 <row id="199" trl="Y">
  <value column="Name" original="S.L.P.">S.L.P.</value>
 </row>
 <row id="200" trl="Y">
  <value column="Name" original="SIN">SIN</value>
 </row>
 <row id="201" trl="Y">
  <value column="Name" original="SON">SON</value>
 </row>
 <row id="202" trl="Y">
  <value column="Name" original="TAB">TAB</value>
 </row>
 <row id="203" trl="Y">
  <value column="Name" original="TAMPS">TAMPS</value>
 </row>
 <row id="204" trl="Y">
  <value column="Name" original="TLAX">TLAX</value>
 </row>
 <row id="205" trl="Y">
  <value column="Name" original="VER">VER</value>
 </row>
 <row id="206" trl="Y">
  <value column="Name" original="YUC">YUC</value>
 </row>
 <row id="207" trl="Y">
  <value column="Name" original="ZAC">ZAC</value>
 </row>
 <row id="208" trl="Y">
  <value column="Name" original="COAH">COAH</value>
 </row>
 <row id="209" trl="Y">
  <value column="Name" original="Buenos Aires">Buenos Aires</value>
 </row>
 <row id="210" trl="Y">
  <value column="Name" original="Catamarca ">Catamarca </value>
 </row>
 <row id="211" trl="Y">
  <value column="Name" original="Chaco ">Chaco </value>
 </row>
 <row id="212" trl="Y">
  <value column="Name" original="Chubut ">Chubut </value>
 </row>
 <row id="213" trl="Y">
  <value column="Name" original="Ciudad Autónoma de Buenos Aires">Ciudad Autónoma de Buenos Aires</value>
 </row>
 <row id="214" trl="Y">
  <value column="Name" original="Córdoba ">Córdoba </value>
 </row>
 <row id="215" trl="Y">
  <value column="Name" original="Corrientes ">Corrientes </value>
 </row>
 <row id="216" trl="Y">
  <value column="Name" original="Entre Ríos">Entre Ríos</value>
 </row>
 <row id="217" trl="Y">
  <value column="Name" original="Formosa ">Formosa </value>
 </row>
 <row id="218" trl="Y">
  <value column="Name" original="Jujuy ">Jujuy </value>
 </row>
 <row id="219" trl="Y">
  <value column="Name" original="La Pampa">La Pampa</value>
 </row>
 <row id="220" trl="Y">
  <value column="Name" original="La Rioja">La Rioja</value>
 </row>
 <row id="221" trl="Y">
  <value column="Name" original="Mendoza">Mendoza</value>
 </row>
 <row id="222" trl="Y">
  <value column="Name" original="Misiones">Misiones</value>
 </row>
 <row id="223" trl="Y">
  <value column="Name" original="Neuquén">Neuquén</value>
 </row>
 <row id="224" trl="Y">
  <value column="Name" original="Río Negro ">Río Negro </value>
 </row>
 <row id="225" trl="Y">
  <value column="Name" original="Salta">Salta</value>
 </row>
 <row id="226" trl="Y">
  <value column="Name" original="San Juan">San Juan</value>
 </row>
 <row id="227" trl="Y">
  <value column="Name" original="San Luis ">San Luis </value>
 </row>
 <row id="228" trl="Y">
  <value column="Name" original="Santa Cruz">Santa Cruz</value>
 </row>
 <row id="229" trl="Y">
  <value column="Name" original="Santa Fe">Santa Fe</value>
 </row>
 <row id="230" trl="Y">
  <value column="Name" original="Santiago del Estero">Santiago del Estero</value>
 </row>
 <row id="231" trl="Y">
  <value column="Name" original="Tierra del Fuego">Tierra del Fuego</value>
 </row>
 <row id="232" trl="Y">
  <value column="Name" original="Antártida e Islas del Atlántico Sur ">Antártida e Islas del Atlántico Sur </value>
 </row>
 <row id="233" trl="Y">
  <value column="Name" original="Tucumán">Tucumán</value>
 </row>
 <row id="234" trl="Y">
  <value column="Name" original="Álava ">Álava </value>
 </row>
 <row id="235" trl="Y">
  <value column="Name" original="Albacete">Albacete</value>
 </row>
 <row id="236" trl="Y">
  <value column="Name" original="Alicante">Alicante</value>
 </row>
 <row id="237" trl="Y">
  <value column="Name" original="Almería ">Almería </value>
 </row>
 <row id="238" trl="Y">
  <value column="Name" original="Asturias ">Asturias </value>
 </row>
 <row id="239" trl="Y">
  <value column="Name" original="Ávila">Ávila</value>
 </row>
 <row id="240" trl="Y">
  <value column="Name" original="Badajoz">Badajoz</value>
 </row>
 <row id="241" trl="Y">
  <value column="Name" original="Islas Baleares">Islas Baleares</value>
 </row>
 <row id="242" trl="Y">
  <value column="Name" original="Barcelona">Barcelona</value>
 </row>
 <row id="243" trl="Y">
  <value column="Name" original="Burgos">Burgos</value>
 </row>
 <row id="244" trl="Y">
  <value column="Name" original="Cáceres ">Cáceres </value>
 </row>
 <row id="245" trl="Y">
  <value column="Name" original="Cádiz">Cádiz</value>
 </row>
 <row id="246" trl="Y">
  <value column="Name" original="Cantabria">Cantabria</value>
 </row>
 <row id="247" trl="Y">
  <value column="Name" original="Castellón">Castellón</value>
 </row>
 <row id="248" trl="Y">
  <value column="Name" original="Ceuta">Ceuta</value>
 </row>
 <row id="249" trl="Y">
  <value column="Name" original="Ciudad Real">Ciudad Real</value>
 </row>
 <row id="250" trl="Y">
  <value column="Name" original="Córdoba">Córdoba</value>
 </row>
 <row id="251" trl="Y">
  <value column="Name" original="La Coruña">La Coruña</value>
 </row>
 <row id="252" trl="Y">
  <value column="Name" original="Cuenca">Cuenca</value>
 </row>
 <row id="253" trl="Y">
  <value column="Name" original="Gerona">Gerona</value>
 </row>
 <row id="254" trl="Y">
  <value column="Name" original="Granada">Granada</value>
 </row>
 <row id="255" trl="Y">
  <value column="Name" original="Guadalajara">Guadalajara</value>
 </row>
 <row id="256" trl="Y">
  <value column="Name" original="Guipúzcoa">Guipúzcoa</value>
 </row>
 <row id="257" trl="Y">
  <value column="Name" original="Huelva">Huelva</value>
 </row>
 <row id="258" trl="Y">
  <value column="Name" original="Huesca">Huesca</value>
 </row>
 <row id="259" trl="Y">
  <value column="Name" original="Jaén">Jaén</value>
 </row>
 <row id="260" trl="Y">
  <value column="Name" original="León">León</value>
 </row>
 <row id="261" trl="Y">
  <value column="Name" original="Lérida">Lérida</value>
 </row>
 <row id="262" trl="Y">
  <value column="Name" original="Lugo">Lugo</value>
 </row>
 <row id="263" trl="Y">
  <value column="Name" original="Madrid">Madrid</value>
 </row>
 <row id="264" trl="Y">
  <value column="Name" original="Málaga">Málaga</value>
 </row>
 <row id="265" trl="Y">
  <value column="Name" original="Melilla">Melilla</value>
 </row>
 <row id="266" trl="Y">
  <value column="Name" original="Murcia">Murcia</value>
 </row>
 <row id="267" trl="Y">
  <value column="Name" original="Navarra">Navarra</value>
 </row>
 <row id="268" trl="Y">
  <value column="Name" original="Orense">Orense</value>
 </row>
 <row id="269" trl="Y">
  <value column="Name" original="Palencia">Palencia</value>
 </row>
 <row id="270" trl="Y">
  <value column="Name" original="Las Palmas">Las Palmas</value>
 </row>
 <row id="271" trl="Y">
  <value column="Name" original="Pontevedra">Pontevedra</value>
 </row>
 <row id="272" trl="Y">
  <value column="Name" original="La Rioja">La Rioja</value>
 </row>
 <row id="273" trl="Y">
  <value column="Name" original="Salamanca">Salamanca</value>
 </row>
 <row id="274" trl="Y">
  <value column="Name" original="Santa Cruz de Tenerife">Santa Cruz de Tenerife</value>
 </row>
 <row id="275" trl="Y">
  <value column="Name" original="Segovia">Segovia</value>
 </row>
 <row id="276" trl="Y">
  <value column="Name" original="Sevilla">Sevilla</value>
 </row>
 <row id="277" trl="Y">
  <value column="Name" original="Soria">Soria</value>
 </row>
 <row id="278" trl="Y">
  <value column="Name" original="Tarragona">Tarragona</value>
 </row>
 <row id="279" trl="Y">
  <value column="Name" original="Teruel">Teruel</value>
 </row>
 <row id="280" trl="Y">
  <value column="Name" original="Toledo">Toledo</value>
 </row>
 <row id="281" trl="Y">
  <value column="Name" original="Valencia">Valencia</value>
 </row>
 <row id="282" trl="Y">
  <value column="Name" original="Valladolid">Valladolid</value>
 </row>
 <row id="283" trl="Y">
  <value column="Name" original="Vizcaya">Vizcaya</value>
 </row>
 <row id="284" trl="Y">
  <value column="Name" original="Zamora">Zamora</value>
 </row>
 <row id="285" trl="Y">
  <value column="Name" original="Zaragoza">Zaragoza</value>
 </row>
 <row id="286" trl="Y">
  <value column="Name" original="DC">DC</value>
 </row>
 <row id="396" trl="Y">
  <value column="Name" original="北海道">Hokkaido</value>
 </row>
 <row id="397" trl="Y">
  <value column="Name" original="青森">Aomori</value>
 </row>
 <row id="398" trl="Y">
  <value column="Name" original="岩手県">Prefectura de Iwate</value>
 </row>
 <row id="399" trl="Y">
  <value column="Name" original="宮城県">Prefectura de Miyagi</value>
 </row>
 <row id="400" trl="Y">
  <value column="Name" original="秋田県">Prefectura de Akita</value>
 </row>
 <row id="401" trl="Y">
  <value column="Name" original="山形県">Yamagata Ken</value>
 </row>
 <row id="402" trl="Y">
  <value column="Name" original="福島県">Prefectura de Fukushima</value>
 </row>
 <row id="403" trl="Y">
  <value column="Name" original="茨城県">Prefectura de Ibaraki</value>
 </row>
 <row id="404" trl="Y">
  <value column="Name" original="群馬県">Prefectura de Gunma</value>
 </row>
 <row id="405" trl="Y">
  <value column="Name" original="埼玉県">Saitama Ken</value>
 </row>
 <row id="406" trl="Y">
  <value column="Name" original="千葉県">Chiba Ken</value>
 </row>
 <row id="407" trl="Y">
  <value column="Name" original="東京都">Tokio</value>
 </row>
 <row id="408" trl="Y">
  <value column="Name" original="神奈川">Kanagawa</value>
 </row>
 <row id="409" trl="Y">
  <value column="Name" original="新潟県">Prefectura de Niigata</value>
 </row>
 <row id="410" trl="Y">
  <value column="Name" original="富山県">Prefectura de Toyama</value>
 </row>
 <row id="411" trl="Y">
  <value column="Name" original="石川県">Ishikawa Ken</value>
 </row>
 <row id="412" trl="Y">
  <value column="Name" original="福井県">Prefectura de Fukui</value>
 </row>
 <row id="413" trl="Y">
  <value column="Name" original="山梨県">Yamanashi</value>
 </row>
 <row id="414" trl="Y">
  <value column="Name" original="岐阜県">Prefectura de Gifu</value>
 </row>
 <row id="415" trl="Y">
  <value column="Name" original="静岡県">Shizuoka</value>
 </row>
 <row id="416" trl="Y">
  <value column="Name" original="愛知県">Aichi-ken</value>
 </row>
 <row id="417" trl="Y">
  <value column="Name" original="三重県">Prefectura de mie</value>
 </row>
 <row id="418" trl="Y">
  <value column="Name" original="滋賀県">Shiga Ken</value>
 </row>
 <row id="419" trl="Y">
  <value column="Name" original="京都府">Prefectura de Kyoto</value>
 </row>
 <row id="420" trl="Y">
  <value column="Name" original="大阪府">Prefectura de Osaka</value>
 </row>
 <row id="421" trl="Y">
  <value column="Name" original="兵庫県">Prefectura de Hyōgo</value>
 </row>
 <row id="422" trl="Y">
  <value column="Name" original="奈良県">Prefectura de Nara</value>
 </row>
 <row id="423" trl="Y">
  <value column="Name" original="和歌山県">Prefectura de Wakayama</value>
 </row>
 <row id="424" trl="Y">
  <value column="Name" original="鳥取県">Prefectura de Tottori</value>
 </row>
 <row id="425" trl="Y">
  <value column="Name" original="島根県">Prefectura de Shimane</value>
 </row>
 <row id="426" trl="Y">
  <value column="Name" original="岡山県">Prefectura de Okayama</value>
 </row>
 <row id="427" trl="Y">
  <value column="Name" original="広島県">Hiroshima</value>
 </row>
 <row id="428" trl="Y">
  <value column="Name" original="山口県">Yamaguchi</value>
 </row>
 <row id="429" trl="Y">
  <value column="Name" original="徳島県">Prefectura de Tokushima</value>
 </row>
 <row id="430" trl="Y">
  <value column="Name" original="香川県">Prefectura de Kagawa</value>
 </row>
 <row id="431" trl="Y">
  <value column="Name" original="愛媛県">Prefectura de Ehime</value>
 </row>
 <row id="432" trl="Y">
  <value column="Name" original="高知県">Kochi</value>
 </row>
 <row id="433" trl="Y">
  <value column="Name" original="福岡県">Prefectura de Fukuoka</value>
 </row>
 <row id="434" trl="Y">
  <value column="Name" original="佐賀県">Prefectura de Saga</value>
 </row>
 <row id="435" trl="Y">
  <value column="Name" original="長崎県">Nagasaki</value>
 </row>
 <row id="436" trl="Y">
  <value column="Name" original="熊本県">Prefectura de Kumamoto</value>
 </row>
 <row id="437" trl="Y">
  <value column="Name" original="大分県">Prefectura de Oita</value>
 </row>
 <row id="438" trl="Y">
  <value column="Name" original="宮崎県">Miyazaki</value>
 </row>
 <row id="439" trl="Y">
  <value column="Name" original="鹿児島県">Prefectura de Kagoshima</value>
 </row>
 <row id="440" trl="Y">
  <value column="Name" original="沖縄県">Prefectura de Okinawa</value>
 </row>
 <row id="441" trl="Y">
  <value column="Name" original="AC">AC</value>
 </row>
 <row id="442" trl="Y">
  <value column="Name" original="AL">AL</value>
 </row>
 <row id="443" trl="Y">
  <value column="Name" original="AP">AP</value>
 </row>
 <row id="444" trl="Y">
  <value column="Name" original="AM">AM</value>
 </row>
 <row id="445" trl="Y">
  <value column="Name" original="BA">BA</value>
 </row>
 <row id="446" trl="Y">
  <value column="Name" original="CE">CE</value>
 </row>
 <row id="447" trl="Y">
  <value column="Name" original="DF">DF</value>
 </row>
 <row id="448" trl="Y">
  <value column="Name" original="ES">ES</value>
 </row>
 <row id="449" trl="Y">
  <value column="Name" original="GO">GO</value>
 </row>
 <row id="450" trl="Y">
  <value column="Name" original="MA">MA</value>
 </row>
 <row id="451" trl="Y">
  <value column="Name" original="MT">MT</value>
 </row>
 <row id="452" trl="Y">
  <value column="Name" original="MS">MS</value>
 </row>
 <row id="453" trl="Y">
  <value column="Name" original="MG">MG</value>
 </row>
 <row id="454" trl="Y">
  <value column="Name" original="PA">PA</value>
 </row>
 <row id="455" trl="Y">
  <value column="Name" original="PB">PB</value>
 </row>
 <row id="456" trl="Y">
  <value column="Name" original="PR">PR</value>
 </row>
 <row id="457" trl="Y">
  <value column="Name" original="PE">PE</value>
 </row>
 <row id="458" trl="Y">
  <value column="Name" original="PI">PI</value>
 </row>
 <row id="459" trl="Y">
  <value column="Name" original="RJ">RJ</value>
 </row>
 <row id="460" trl="Y">
  <value column="Name" original="RN">RN</value>
 </row>
 <row id="461" trl="Y">
  <value column="Name" original="RS">RS</value>
 </row>
 <row id="462" trl="Y">
  <value column="Name" original="RO">RO</value>
 </row>
 <row id="463" trl="Y">
  <value column="Name" original="RR">RR</value>
 </row>
 <row id="464" trl="Y">
  <value column="Name" original="SC">SC</value>
 </row>
 <row id="465" trl="Y">
  <value column="Name" original="SP">SP</value>
 </row>
 <row id="466" trl="Y">
  <value column="Name" original="SE">SE</value>
 </row>
 <row id="467" trl="Y">
  <value column="Name" original="TO">TO</value>
 </row>
 <row id="50000" trl="Y">
  <value column="Name" original="栃木県">Prefectura de Tochigi</value>
 </row>
 <row id="50001" trl="Y">
  <value column="Name" original="長野県">Prefectura de Nagano</value>
 </row>
 <row id="50002" trl="Y">
  <value column="Name" original="Baden-Württemberg">Baden-Wurtemberg</value>
 </row>
 <row id="50003" trl="Y">
  <value column="Name" original="Bayern">Baviera</value>
 </row>
 <row id="50004" trl="Y">
  <value column="Name" original="Berlin">Berlín</value>
 </row>
 <row id="50005" trl="Y">
  <value column="Name" original="Brandenburg">Brandenburgo</value>
 </row>
 <row id="50006" trl="Y">
  <value column="Name" original="Bremen">Bremen</value>
 </row>
 <row id="50007" trl="Y">
  <value column="Name" original="Hamburg">Hamburgo</value>
 </row>
 <row id="50008" trl="Y">
  <value column="Name" original="Hessen">Hesse</value>
 </row>
 <row id="50009" trl="Y">
  <value column="Name" original="Mecklenburg-Vorpommern">Mecklemburgo-Pomerania Occidental</value>
 </row>
 <row id="50010" trl="Y">
  <value column="Name" original="Niedersachsen">Baja Sajonia</value>
 </row>
 <row id="50011" trl="Y">
  <value column="Name" original="Nordrhein-Westfalen">Renania del Norte-Westfalia</value>
 </row>
 <row id="50012" trl="Y">
  <value column="Name" original="Rheinland-Pfalz">Renania-Palatinado</value>
 </row>
 <row id="50013" trl="Y">
  <value column="Name" original="Saarland">Sarre</value>
 </row>
 <row id="50014" trl="Y">
  <value column="Name" original="Sachsen">Sajonia</value>
 </row>
 <row id="50015" trl="Y">
  <value column="Name" original="Sachsen-Anhalt">Sajonia-Anhalt</value>
 </row>
 <row id="50016" trl="Y">
  <value column="Name" original="Schleswig-Holstein">Schleswig-Holstein</value>
 </row>
 <row id="50017" trl="Y">
  <value column="Name" original="Thüringen">Turingia</value>
 </row>
 <row id="50018" trl="Y">
  <value column="Name" original="Адыгея (Адыгея) Республика">República de Adigueya</value>
 </row>
 <row id="50019" trl="Y">
  <value column="Name" original="Башкортостан Республика">República de Baskortostán</value>
 </row>
 <row id="50020" trl="Y">
  <value column="Name" original="Бурятия Республика">República de Buriatia</value>
 </row>
 <row id="50021" trl="Y">
  <value column="Name" original="Алтай Республика">República de Altai</value>
 </row>
 <row id="50022" trl="Y">
  <value column="Name" original="Дагестан Республика">República de Daguestán</value>
 </row>
 <row id="50023" trl="Y">
  <value column="Name" original="Ингушетия Республика">República de Ingushetia</value>
 </row>
 <row id="50024" trl="Y">
  <value column="Name" original="Кабардино-Балкарская Республика">República de Kabardino-Bakar</value>
 </row>
 <row id="50025" trl="Y">
  <value column="Name" original="Калмыкия Республика">República de Kalmykia</value>
 </row>
 <row id="50026" trl="Y">
  <value column="Name" original="Карачаево-Черкесская Республика">República de Karachay-Cherkess</value>
 </row>
 <row id="50027" trl="Y">
  <value column="Name" original="Карелия Республика">República de Karelia</value>
 </row>
 <row id="50028" trl="Y">
  <value column="Name" original="Коми Республика">República de Komi</value>
 </row>
 <row id="50029" trl="Y">
  <value column="Name" original="Марий Эл Республика">República de Mari-El</value>
 </row>
 <row id="50030" trl="Y">
  <value column="Name" original="Мордовия Республика">República de Mordovia</value>
 </row>
 <row id="50031" trl="Y">
  <value column="Name" original="Саха /Якутия/ Республика">República de Sajá</value>
 </row>
 <row id="50032" trl="Y">
  <value column="Name" original="Северная Осетия - Алания Республика">República de Osetia del Norte-Alania</value>
 </row>
 <row id="50033" trl="Y">
  <value column="Name" original="Татарстан (Татарстан) Республика">República de Tatarstan</value>
 </row>
 <row id="50034" trl="Y">
  <value column="Name" original="Тыва Республика">República de Tyva</value>
 </row>
 <row id="50035" trl="Y">
  <value column="Name" original="Удмуртская Республика">República de Udmurt</value>
 </row>
 <row id="50036" trl="Y">
  <value column="Name" original="Хакасия Республика">República de Khakassia</value>
 </row>
 <row id="50037" trl="Y">
  <value column="Name" original="Чеченская Республика">Republica Chechena</value>
 </row>
 <row id="50038" trl="Y">
  <value column="Name" original="Чувашская Республика">República de Chuvashia</value>
 </row>
 <row id="50039" trl="Y">
  <value column="Name" original="Алтайский край">Krai de Altái</value>
 </row>
 <row id="50040" trl="Y">
  <value column="Name" original="Краснодарский край">Región de Krasnodar</value>
 </row>
 <row id="50041" trl="Y">
  <value column="Name" original="Красноярский край">Región de Krasnoyarsk</value>
 </row>
 <row id="50042" trl="Y">
  <value column="Name" original="Приморский край">Krai de Primorie</value>
 </row>
 <row id="50043" trl="Y">
  <value column="Name" original="Ставропольский край">Territorio de Stavropol</value>
 </row>
 <row id="50044" trl="Y">
  <value column="Name" original="Хабаровский край">Región de Khabarovsk</value>
 </row>
 <row id="50045" trl="Y">
  <value column="Name" original="Амурская область">Región de Amur</value>
 </row>
 <row id="50046" trl="Y">
  <value column="Name" original="Архангельская область">Región de Arkhangelsk</value>
 </row>
 <row id="50047" trl="Y">
  <value column="Name" original="Астраханская область">Región de Astracán</value>
 </row>
 <row id="50048" trl="Y">
  <value column="Name" original="Белгородская область">Región de Belgorod</value>
 </row>
 <row id="50049" trl="Y">
  <value column="Name" original="Брянская область">Región de Briansk</value>
 </row>
 <row id="50050" trl="Y">
  <value column="Name" original="Владимирская область">Región de Vladimir</value>
 </row>
 <row id="50051" trl="Y">
  <value column="Name" original="Волгоградская область">Región de Volgogrado</value>
 </row>
 <row id="50052" trl="Y">
  <value column="Name" original="Вологодская область">Región de Vologda</value>
 </row>
 <row id="50053" trl="Y">
  <value column="Name" original="Воронежская область">Región de Voronezh</value>
 </row>
 <row id="50054" trl="Y">
  <value column="Name" original="Ивановская область">Región de Ivanovo</value>
 </row>
 <row id="50055" trl="Y">
  <value column="Name" original="Иркутская область">Región de Irkutsk</value>
 </row>
 <row id="50056" trl="Y">
  <value column="Name" original="Калининградская область">Región de Kaliningrado</value>
 </row>
 <row id="50057" trl="Y">
  <value column="Name" original="Калужская область">Región de Kaluga</value>
 </row>
 <row id="50058" trl="Y">
  <value column="Name" original="Камчатский край">Región de Kamchatka</value>
 </row>
 <row id="50059" trl="Y">
  <value column="Name" original="Кемеровская область">Región de Kemerovo</value>
 </row>
 <row id="50060" trl="Y">
  <value column="Name" original="Кировская область">Región de Kirov</value>
 </row>
 <row id="50061" trl="Y">
  <value column="Name" original="Костромская область">Región de Kostroma</value>
 </row>
 <row id="50062" trl="Y">
  <value column="Name" original="Курганская область">Región de Kurgan</value>
 </row>
 <row id="50063" trl="Y">
  <value column="Name" original="Курская область">Región de Kursk</value>
 </row>
 <row id="50064" trl="Y">
  <value column="Name" original="Ленинградская область">Región de Leningrado</value>
 </row>
 <row id="50065" trl="Y">
  <value column="Name" original="Липецкая область">Región de Lipetsk</value>
 </row>
 <row id="50066" trl="Y">
  <value column="Name" original="Магаданская область">Región de Magadan</value>
 </row>
 <row id="50067" trl="Y">
  <value column="Name" original="Московская область">Región de Moscú</value>
 </row>
 <row id="50068" trl="Y">
  <value column="Name" original="Мурманская область">Región de Murmansk</value>
 </row>
 <row id="50069" trl="Y">
  <value column="Name" original="Нижегородская область">Región de Nizhny Novgorod</value>
 </row>
 <row id="50070" trl="Y">
  <value column="Name" original="Новгородская область">Región de Novgorod</value>
 </row>
 <row id="50071" trl="Y">
  <value column="Name" original="Новосибирская область">Región de Novosibirsk</value>
 </row>
 <row id="50072" trl="Y">
  <value column="Name" original="Омская область">Región de Omsk</value>
 </row>
 <row id="50073" trl="Y">
  <value column="Name" original="Оренбургская область">Región de Orenburg</value>
 </row>
 <row id="50074" trl="Y">
  <value column="Name" original="Орловская область">Región del Oriol</value>
 </row>
 <row id="50075" trl="Y">
  <value column="Name" original="Пензенская область">Región de Penza</value>
 </row>
 <row id="50076" trl="Y">
  <value column="Name" original="Пермский край">Región de Perm</value>
 </row>
 <row id="50077" trl="Y">
  <value column="Name" original="Псковская область">Región de Pskov</value>
 </row>
 <row id="50078" trl="Y">
  <value column="Name" original="Ростовская область">Región de Rostov</value>
 </row>
 <row id="50079" trl="Y">
  <value column="Name" original="Рязанская область">Región de Riazán</value>
 </row>
 <row id="50080" trl="Y">
  <value column="Name" original="Самарская область">Región de Samara</value>
 </row>
 <row id="50081" trl="Y">
  <value column="Name" original="Саратовская область">Región de Saratov</value>
 </row>
 <row id="50082" trl="Y">
  <value column="Name" original="Сахалинская область">Región de Sajalín</value>
 </row>
 <row id="50083" trl="Y">
  <value column="Name" original="Свердловская область">Región de Sverdlovsk</value>
 </row>
 <row id="50084" trl="Y">
  <value column="Name" original="Смоленская область">Región de Smolensk</value>
 </row>
 <row id="50085" trl="Y">
  <value column="Name" original="Тамбовская область">Región de Tambov</value>
 </row>
 <row id="50086" trl="Y">
  <value column="Name" original="Тверская область">Región de Tver</value>
 </row>
 <row id="50087" trl="Y">
  <value column="Name" original="Томская область">Región de Tomsk</value>
 </row>
 <row id="50088" trl="Y">
  <value column="Name" original="Тульская область">Región de Tula</value>
 </row>
 <row id="50089" trl="Y">
  <value column="Name" original="Тюменская область">Región de Tyumen</value>
 </row>
 <row id="50090" trl="Y">
  <value column="Name" original="Ульяновская область">Región de Ulyanovsk</value>
 </row>
 <row id="50091" trl="Y">
  <value column="Name" original="Челябинская область">Región de Chelyabinsk</value>
 </row>
 <row id="50092" trl="Y">
  <value column="Name" original="Забайкальский край">Territorio Trans-Baikal</value>
 </row>
 <row id="50093" trl="Y">
  <value column="Name" original="Ярославская область">Región de Yaroslavl</value>
 </row>
 <row id="50094" trl="Y">
  <value column="Name" original="Москва город">Ciudad de Moscú</value>
 </row>
 <row id="50095" trl="Y">
  <value column="Name" original="Санкт-Петербург город">Ciudad de San Petersburgo</value>
 </row>
 <row id="50096" trl="Y">
  <value column="Name" original="Еврейская автономная область">Región Autónoma Judía</value>
 </row>
 <row id="50097" trl="Y">
  <value column="Name" original="Забайкальский край Агинский Бурятский округ">Territorio Trans-Baikal Agin-Buryat District</value>
 </row>
 <row id="50098" trl="Y">
  <value column="Name" original="Ненецкий автономный округ">Distrito Autónomo de Nenets</value>
 </row>
 <row id="50099" trl="Y">
  <value column="Name" original="Иркутская область Усть-Ордынский Бурятский округ">Región de Irkutsk distrito de Ust-Orda Buryat</value>
 </row>
 <row id="50100" trl="Y">
  <value column="Name" original="Ханты-Мансийский автономный округ - Югра">Área Autónoma de Khanty-Mansi - Ugra</value>
 </row>
 <row id="50101" trl="Y">
  <value column="Name" original="Чукотский автономный округ">Región Autónoma de Chukotka</value>
 </row>
 <row id="50102" trl="Y">
  <value column="Name" original="Ямало-Ненецкий автономный округ">Distrito Autónomo de Yamalo-Nenets</value>
 </row>
 <row id="50103" trl="Y">
  <value column="Name" original="Байконур город">Ciudad de Baikonur</value>
 </row>
</idempiereTrl>
