<?xml version="1.0" encoding="UTF-8" standalone="no"?>
<!--GlobalQSS - iDempiere -Smart Suite ERP,CRM and SCM- (c) 1999-2012 iDempiere(r); Implementation: iDempiere - Supported by GlobalQSS - Quality Systems & Solutions-->
<!--<!DOCTYPE idempiereTrl PUBLIC "-//ComPiere, Inc.//DTD idempiere Translation 1.0//EN" "http://www.idempiere.com/dtd/idempiereTrl.dtd">-->
<idempiereTrl language="es_CO" table="C_SalesRegion">
 <row id="101" trl="N">
  <value column="Name" original="East">East</value>
  <value column="Description" original=""/>
 </row>
 <row id="102" trl="N">
  <value column="Name" original="West">West</value>
  <value column="Description" original=""/>
 </row>
</idempiereTrl>
