<?xml version="1.0" encoding="UTF-8" standalone="no"?>
<!--GlobalQSS - iDempiere -Smart Suite ERP,CRM and SCM- (c) 1999-2012 iDempiere(r); Implementation: iDempiere - Supported by GlobalQSS - Quality Systems & Solutions-->
<!--<!DOCTYPE idempiereTrl PUBLIC "-//ComPiere, Inc.//DTD idempiere Translation 1.0//EN" "http://www.idempiere.com/dtd/idempiereTrl.dtd">-->
<idempiereTrl language="es_CO" table="C_Tax">
 <row id="104" trl="Y">
  <value column="Name" original="Standard">Estándar</value>
  <value column="Description" original=""/>
  <value column="TaxIndicator" original=""/>
 </row>
 <row id="105" trl="Y">
  <value column="Name" original="CT Sales">Ventas CT</value>
  <value column="Description" original=""/>
  <value column="TaxIndicator" original="6%CT">6%CT</value>
 </row>
 <row id="106" trl="Y">
  <value column="Name" original="GST">GST</value>
  <value column="Description" original="Canadian Federal Sales Tax">Impuesto Ventas Federal Canadiense</value>
  <value column="TaxIndicator" original="GST">GST</value>
 </row>
 <row id="107" trl="Y">
  <value column="Name" original="PST">PST</value>
  <value column="Description" original="Canadian Provintial Tax">Impuesto Provincial Canadiense</value>
  <value column="TaxIndicator" original="PST">PST</value>
 </row>
 <row id="108" trl="Y">
  <value column="Name" original="GST/PST">GST/PST</value>
  <value column="Description" original="Canadian Federal &amp; State Tax">Impuesto Canadiense Federal y Estatal</value>
  <value column="TaxIndicator" original="Tax">Tax</value>
 </row>
 <row id="109" trl="Y">
  <value column="Name" original="Exempt">Exento</value>
  <value column="Description" original="Used when Business Partners are exempt from tax">Utilizado cuando los terceros son exentos de impuestos</value>
  <value column="TaxIndicator" original=""/>
 </row>
</idempiereTrl>
