<?xml version="1.0" encoding="UTF-8" standalone="no"?>
<!--GlobalQSS - iDempiere -Smart Suite ERP,CRM and SCM- (c) 1999-2012 iDempiere(r); Implementation: iDempiere - Supported by GlobalQSS - Quality Systems & Solutions-->
<!--<!DOCTYPE idempiereTrl PUBLIC "-//ComPiere, Inc.//DTD idempiere Translation 1.0//EN" "http://www.idempiere.com/dtd/idempiereTrl.dtd">-->
<idempiereTrl language="es_CO" table="M_PriceList_Version">
 <row id="101" trl="N">
  <value column="Name" original="Standard 2001">Standard 2001</value>
 </row>
 <row id="102" trl="N">
  <value column="Name" original="Purchase 2001">Purchase 2001</value>
 </row>
 <row id="103" trl="N">
  <value column="Name" original="Purchase 2003">Purchase 2003</value>
 </row>
 <row id="104" trl="N">
  <value column="Name" original="Standard 2003">Standard 2003</value>
 </row>
 <row id="105" trl="N">
  <value column="Name" original="Export 2003">Export 2003</value>
 </row>
</idempiereTrl>
