<?xml version="1.0" encoding="UTF-8" standalone="no"?>
<!--GlobalQSS - iDempiere -Smart Suite ERP,CRM and SCM- (c) 1999-2012 iDempiere(r); Implementation: iDempiere - Supported by GlobalQSS - Quality Systems & Solutions-->
<!--<!DOCTYPE idempiereTrl PUBLIC "-//ComPiere, Inc.//DTD idempiere Translation 1.0//EN" "http://www.idempiere.com/dtd/idempiereTrl.dtd">-->
<idempiereTrl language="es_CO" table="PP_Order_BOMLine">
 <row id="50000" trl="Y">
  <value column="Description" original=""/>
  <value column="Help" original=""/>
 </row>
 <row id="50001" trl="Y">
  <value column="Description" original=""/>
  <value column="Help" original=""/>
 </row>
 <row id="50002" trl="Y">
  <value column="Description" original=""/>
  <value column="Help" original=""/>
 </row>
 <row id="50003" trl="Y">
  <value column="Description" original=""/>
  <value column="Help" original=""/>
 </row>
</idempiereTrl>
