<?xml version="1.0" encoding="UTF-8" standalone="no"?>
<!--GlobalQSS - iDempiere -Smart Suite ERP,CRM and SCM- (c) 1999-2012 iDempiere(r); Implementation: iDempiere - Supported by GlobalQSS - Quality Systems & Solutions-->
<!--<!DOCTYPE idempiereTrl PUBLIC "-//ComPiere, Inc.//DTD idempiere Translation 1.0//EN" "http://www.idempiere.com/dtd/idempiereTrl.dtd">-->
<idempiereTrl language="es_CO" table="PP_Product_BOM">
 <row id="145" trl="Y">
  <value column="Name" original="Patio Furniture Set">Juego de Muebles de Patio</value>
  <value column="Description" original="1 table, 4 Chairs and 1 Sun Screen">1 mesa, 4 sillas y 1 parasol</value>
  <value column="Help" original=""/>
 </row>
 <row id="50000" trl="Y">
  <value column="Name" original="Patio Chair">Silla para patio</value>
  <value column="Description" original="Nice Chair for outdoors">Bonita silla para exteriores</value>
  <value column="Help" original=""/>
 </row>
 <row id="50001" trl="Y">
  <value column="Name" original="Assembly Back Leg">Pata Trasera para Ensamble</value>
  <value column="Description" original=""/>
  <value column="Help" original=""/>
 </row>
 <row id="50003" trl="Y">
  <value column="Name" original="Assembly Front Leg">Pata Delantera para Ensamble</value>
  <value column="Description" original=""/>
  <value column="Help" original=""/>
 </row>
 <row id="50004" trl="Y">
  <value column="Name" original="Fertilizer #50">Fertilizante #50</value>
  <value column="Description" original="50 # Bag of Lawn Fertilizer">50 # Bolsa de fertilizante para césped</value>
  <value column="Help" original=""/>
 </row>
 <row id="50005" trl="Y">
  <value column="Name" original="Fertilizer #70">Fertilizante #70</value>
  <value column="Description" original="70 # Bag of Lawn Fertilizer">70 # Bolsa de fertilizante para césped</value>
  <value column="Help" original=""/>
 </row>
 <row id="50006" trl="Y">
  <value column="Name" original="Lawn Fertilizer">Fertilizante para Césped</value>
  <value column="Description" original=""/>
  <value column="Help" original=""/>
 </row>
</idempiereTrl>
