<?xml version="1.0" encoding="UTF-8" standalone="no"?>
<!--GlobalQSS - iDempiere -Smart Suite ERP,CRM and SCM- (c) 1999-2012 iDempiere(r); Implementation: iDempiere - Supported by GlobalQSS - Quality Systems & Solutions-->
<!--<!DOCTYPE idempiereTrl PUBLIC "-//ComPiere, Inc.//DTD idempiere Translation 1.0//EN" "http://www.idempiere.com/dtd/idempiereTrl.dtd">-->
<idempiereTrl language="es_CO" table="W_Store">
 <row id="11" trl="Y">
  <value column="EMailFooter" original=""/>
  <value column="EMailHeader" original=""/>
  <value column="WebInfo" original=""/>
  <value column="WebParam1" original="iDempiere120x60.png">iDempiere120x60.png</value>
  <value column="WebParam2" original="&lt;h1&gt;Web Store&lt;/h1&gt;" xml:space="preserve"><![CDATA[<h1>Tienda Web</h1>]]></value>
  <value column="WebParam3" original="Parameter3">Parámetro3</value>
  <value column="WebParam4" original="Parameter4">Parámetro4</value>
  <value column="WebParam5" original="Parameter5">Parámetro5</value>
  <value column="WebParam6" original="Parameter6">Parámetro6</value>
 </row>
</idempiereTrl>
