<?xml version="1.0" encoding="UTF-8"?><idempiere Name="LCO_FE_OperationType" Version="1.0.0" idempiereVersion="7.1.0.qualifier" DataBaseVersion="2019-11-22" Description="" Author="SuperUser" AuthorEmail="superuser @ idempiere.com" CreatedDate="Wed Jan 22 22:42:47 CET 2020" UpdatedDate="Wed Jan 22 22:42:47 CET 2020" PackOutVersion="100" UpdateDictionary="true" Client="11-GardenWorld-GardenWorld" AD_Client_UU="3268b9a8-10d8-466d-96e5-aa01166408fa">
    <LCO_FE_OperationType type="table">
        <AD_Org_ID>0</AD_Org_ID>
        <IsActive>Y</IsActive>
        <Value>10</Value>
        <Name>Estandar</Name>
        <LCO_FE_OperationType_UU>fb172c7a-f063-4b2d-b871-9cee7c5ed819</LCO_FE_OperationType_UU>
    </LCO_FE_OperationType>
    <LCO_FE_OperationType type="table">
        <AD_Org_ID>0</AD_Org_ID>
        <IsActive>N</IsActive>
        <Value>01</Value>
        <Name>Combustibles</Name>
        <LCO_FE_OperationType_UU>eceac4c2-3417-4302-b949-d23ea77c7138</LCO_FE_OperationType_UU>
    </LCO_FE_OperationType>
    <LCO_FE_OperationType type="table">
        <AD_Org_ID>0</AD_Org_ID>
        <IsActive>N</IsActive>
        <Value>02</Value>
        <Name>Emisor es Autorretenedor</Name>
        <LCO_FE_OperationType_UU>703d9618-855e-479c-baa5-55e2b4b05cc7</LCO_FE_OperationType_UU>
    </LCO_FE_OperationType>
    <LCO_FE_OperationType type="table">
        <AD_Org_ID>0</AD_Org_ID>
        <IsActive>N</IsActive>
        <Value>03</Value>
        <Name>Excluidos y Exentos</Name>
        <LCO_FE_OperationType_UU>a0055d60-204d-4878-800d-b05ff0fe551a</LCO_FE_OperationType_UU>
    </LCO_FE_OperationType>
    <LCO_FE_OperationType type="table">
        <AD_Org_ID>0</AD_Org_ID>
        <IsActive>N</IsActive>
        <Value>04</Value>
        <Name>Exportacion</Name>
        <LCO_FE_OperationType_UU>c901e2dc-3f62-4035-9ddc-65e0260b08d8</LCO_FE_OperationType_UU>
    </LCO_FE_OperationType>
    <LCO_FE_OperationType type="table">
        <AD_Org_ID>0</AD_Org_ID>
        <IsActive>N</IsActive>
        <Value>05</Value>
        <Name>Generica</Name>
        <LCO_FE_OperationType_UU>c41ad35a-0b60-400a-a844-fed5aef9b0ca</LCO_FE_OperationType_UU>
    </LCO_FE_OperationType>
    <LCO_FE_OperationType type="table">
        <AD_Org_ID>0</AD_Org_ID>
        <IsActive>N</IsActive>
        <Value>06</Value>
        <Name>Generica con pago anticipado</Name>
        <LCO_FE_OperationType_UU>b81b9f28-42c2-427f-898b-926fc0bbf78f</LCO_FE_OperationType_UU>
    </LCO_FE_OperationType>
    <LCO_FE_OperationType type="table">
        <AD_Org_ID>0</AD_Org_ID>
        <IsActive>N</IsActive>
        <Value>07</Value>
        <Name>Generica con periodo de facturacion</Name>
        <LCO_FE_OperationType_UU>ba9ce3a5-ccaa-4ffe-a9f3-c09c76388bfb</LCO_FE_OperationType_UU>
    </LCO_FE_OperationType>
    <LCO_FE_OperationType type="table">
        <AD_Org_ID>0</AD_Org_ID>
        <IsActive>N</IsActive>
        <Value>08</Value>
        <Name>Consorcio</Name>
        <LCO_FE_OperationType_UU>8af1e8b6-1c04-42e6-8130-d14efa1fcefd</LCO_FE_OperationType_UU>
    </LCO_FE_OperationType>
    <LCO_FE_OperationType type="table">
        <AD_Org_ID>0</AD_Org_ID>
        <IsActive>Y</IsActive>
        <Value>09</Value>
        <Name>AIU</Name>
        <LCO_FE_OperationType_UU>92057858-58a4-4761-b0cc-1f02810aa51a</LCO_FE_OperationType_UU>
    </LCO_FE_OperationType>
    <LCO_FE_OperationType type="table">
        <AD_Org_ID>0</AD_Org_ID>
        <IsActive>Y</IsActive>
        <Value>11</Value>
        <Name>Mandatos</Name>
        <LCO_FE_OperationType_UU>7c9a884f-c04c-4821-a319-098539fc50ae</LCO_FE_OperationType_UU>
    </LCO_FE_OperationType>
    <LCO_FE_OperationType type="table">
        <AD_Org_ID>0</AD_Org_ID>
        <IsActive>N</IsActive>
        <Value>12</Value>
        <Name>Mandatos Servicios</Name>
        <LCO_FE_OperationType_UU>419ea782-a3dc-4a1b-b447-ef0634b9b748</LCO_FE_OperationType_UU>
    </LCO_FE_OperationType>
    <LCO_FE_OperationType type="table">
        <AD_Org_ID>0</AD_Org_ID>
        <IsActive>Y</IsActive>
        <Value>20</Value>
        <Name>Nota Crédito que referencia una factura electrónica</Name>
        <LCO_FE_OperationType_UU>fdc3caab-fcbb-46bb-a81e-d141e24f339c</LCO_FE_OperationType_UU>
    </LCO_FE_OperationType>
    <LCO_FE_OperationType type="table">
        <AD_Org_ID>0</AD_Org_ID>
        <IsActive>Y</IsActive>
        <Value>22</Value>
        <Name>Nota Crédito sin referencia a facturas</Name>
        <LCO_FE_OperationType_UU>53148ce4-d977-4c1d-a7a8-31eb3409a184</LCO_FE_OperationType_UU>
    </LCO_FE_OperationType>
    <LCO_FE_OperationType type="table">
        <AD_Org_ID>0</AD_Org_ID>
        <IsActive>Y</IsActive>
        <Value>23</Value>
        <Name>Nota Crédito para facturación electrónica V1 (Decreto 2242)</Name>
        <LCO_FE_OperationType_UU>579de2f0-2ca4-47ed-843f-4fe7574bbd46</LCO_FE_OperationType_UU>
    </LCO_FE_OperationType>
    <LCO_FE_OperationType type="table">
        <AD_Org_ID>0</AD_Org_ID>
        <IsActive>Y</IsActive>
        <Value>30</Value>
        <Name>Nota Débito que referencia una factura electrónica</Name>
        <LCO_FE_OperationType_UU>6d96263a-3303-46d0-ba09-08ea2461d45f</LCO_FE_OperationType_UU>
    </LCO_FE_OperationType>
    <LCO_FE_OperationType type="table">
        <AD_Org_ID>0</AD_Org_ID>
        <IsActive>Y</IsActive>
        <Value>32</Value>
        <Name>Nota Débito sin referencia a facturas</Name>
        <LCO_FE_OperationType_UU>6e57c3a3-0a8e-4219-9efc-b99e9dd2fa90</LCO_FE_OperationType_UU>
    </LCO_FE_OperationType>
    <LCO_FE_OperationType type="table">
        <AD_Org_ID>0</AD_Org_ID>
        <IsActive>Y</IsActive>
        <Value>33</Value>
        <Name>Nota Débito para facturación electrónica V1 (Decreto 2242)</Name>
        <LCO_FE_OperationType_UU>4c6ae71c-db51-4104-af53-7d9f85e5a410</LCO_FE_OperationType_UU>
    </LCO_FE_OperationType>
</idempiere>
