<?xml version="1.0" encoding="UTF-8"?><idempiere Name="LCO_FE_DocType" Version="1.0.0" idempiereVersion="DCI ERP" DataBaseVersion="2019-11-22" Description="" Author="SuperUser" AuthorEmail="superuser @ dcierp.com" CreatedDate="Mon Feb 03 18:37:53 CET 2020" UpdatedDate="Mon Feb 03 18:37:53 CET 2020" PackOutVersion="100" UpdateDictionary="true" Client="1000000-QSS-PRUEBAS DEV QSS" AD_Client_UU="a164a2e6-9416-40e7-9223-bbea2e0f1862">
    <LCO_FE_DocType type="table">
        <AD_Org_ID>0</AD_Org_ID>
        <IsActive>Y</IsActive>
        <Value>FV</Value>
        <Name>FACTURA DE VENTA FE</Name>
        <DianDocTypeCode>1</DianDocTypeCode>
        <DianShortDocType>INVOIC</DianShortDocType>
        <LCO_FE_DocType_UU>d65e2d07-1c09-4619-8140-98be9a368ae5</LCO_FE_DocType_UU>
        <PtfePrintForm/>
    </LCO_FE_DocType>
    <LCO_FE_DocType type="table">
        <AD_Org_ID>0</AD_Org_ID>
        <IsActive>Y</IsActive>
        <Value>NC</Value>
        <Name>NOTA CREDITO FE</Name>
        <DianDocTypeCode>9</DianDocTypeCode>
        <DianShortDocType>NC</DianShortDocType>
        <LCO_FE_DocType_UU>6d0f7a67-b7a3-453f-8923-5ec987a36c72</LCO_FE_DocType_UU>
        <PtfePrintForm/>
    </LCO_FE_DocType>
    <LCO_FE_DocType type="table">
        <AD_Org_ID>0</AD_Org_ID>
        <IsActive>Y</IsActive>
        <Value>ND</Value>
        <Name>NOTA DEBITO FE</Name>
        <DianDocTypeCode>9</DianDocTypeCode>
        <DianShortDocType>ND</DianShortDocType>
        <LCO_FE_DocType_UU>f001d332-57d0-4e64-98e9-80d92d4c0393</LCO_FE_DocType_UU>
        <PtfePrintForm/>
    </LCO_FE_DocType>
    <LCO_FE_DocType type="table">
        <AD_Org_ID>0</AD_Org_ID>
        <IsActive>Y</IsActive>
        <Value>FC</Value>
        <Name>FACTURA CONTINGENCIA FE</Name>
        <DianDocTypeCode>3</DianDocTypeCode>
        <DianShortDocType>INVOIC</DianShortDocType>
        <LCO_FE_DocType_UU>df9b289e-8d50-42de-8c8e-8a659f9f0b88</LCO_FE_DocType_UU>
        <PtfePrintForm/>
    </LCO_FE_DocType>
    <LCO_FE_DocType type="table">
        <AD_Org_ID>0</AD_Org_ID>
        <IsActive>Y</IsActive>
        <Value>FE</Value>
        <Name>FACTURA EXPORTACIÓN FE</Name>
        <DianDocTypeCode>2</DianDocTypeCode>
        <DianShortDocType>INVOIC</DianShortDocType>
        <LCO_FE_DocType_UU>17b5e1d3-26a9-4194-82be-646bb4543c7a</LCO_FE_DocType_UU>
        <PtfePrintForm/>
    </LCO_FE_DocType>
    <LCO_FE_DocType type="table">
        <AD_Org_ID>0</AD_Org_ID>
        <IsActive>Y</IsActive>
        <Value>FV21</Value>
        <Name>FACTURA DE VENTA FE 2.1</Name>
        <DianDocTypeCode>01</DianDocTypeCode>
        <DianShortDocType>INVOIC</DianShortDocType>
        <LCO_FE_DocType_UU>5fa706f5-dc44-480c-af77-a57eb56b9b0c</LCO_FE_DocType_UU>
        <PtfePrintForm/>
    </LCO_FE_DocType>
</idempiere>
