<?xml version="1.0" encoding="UTF-8"?><idempiere Name="AD_Sequence" Version="1.0.0" idempiereVersion="5.1.0.qualifier" DataBaseVersion="2017-10-31" Description="" Author="SuperUser" AuthorEmail="superuser @ idempiere.com" CreatedDate="Fri Nov 30 12:16:29 COT 2018" UpdatedDate="Fri Nov 30 12:16:29 COT 2018" PackOutVersion="100" UpdateDictionary="true" Client="11-GardenWorld-GardenWorld" AD_Client_UU="3268b9a8-10d8-466d-96e5-aa01166408fa">
    <AD_Sequence type="table">
        <AD_Org_ID>0</AD_Org_ID>
        <Name>AR Invoice FE</Name>
        <CurrentNext>980000001</CurrentNext>
        <IsAudited>N</IsAudited>
        <Prefix>PRUE</Prefix>
        <Suffix/>
        <StartNewYear>N</StartNewYear>
        <Description/>
        <IsActive>Y</IsActive>
        <IsTableID>N</IsTableID>
        <VFormat/>
        <IsAutoSequence>Y</IsAutoSequence>
        <StartNo>100000</StartNo>
        <IncrementNo>1</IncrementNo>
        <CurrentNextSys>1000</CurrentNextSys>
        <DateColumn/>
        <DecimalPattern/>
        <AD_Sequence_UU>b340a63b-e5b1-4e3c-9632-9fe57c94c001</AD_Sequence_UU>
        <StartNewMonth>N</StartNewMonth>
        <IsOrgLevelSequence>N</IsOrgLevelSequence>
        <OrgColumn/>
    </AD_Sequence>
</idempiere>
