<?xml version="1.0" encoding="UTF-8"?><idempiere Name="2Pack_6.2.0" Version="6.2.0" idempiereVersion="" DataBaseVersion="" Description="Fix database constraints to make them DEFERRABLE INITIALLY DEFERRED" Author="" AuthorEmail="info@globalqss.com" CreatedDate="2019-03-20 14:49:35.099" UpdatedDate="2019-03-20 14:50:39.854" PackOutVersion="100" UpdateDictionary="false" Client="0-SYSTEM-System" AD_Client_UU="11237b53-9592-4af1-b3c5-afd216514b5d">
    <SQLStatement type="custom">
        <DBType>ALL</DBType>
        <statement>
            <![CDATA[ALTER TABLE c_bpartner DROP CONSTRAINT lcotaxidtype_cbpartner]]>
        </statement>
    </SQLStatement>
    <SQLStatement type="custom">
        <DBType>ALL</DBType>
        <statement>
            <![CDATA[ALTER TABLE c_bpartner ADD CONSTRAINT lcotaxidtype_cbpartner FOREIGN KEY (lco_taxidtype_id) REFERENCES lco_taxidtype(lco_taxidtype_id) DEFERRABLE INITIALLY DEFERRED]]>
        </statement>
    </SQLStatement>
</idempiere>
