<?xml version="1.0" encoding="UTF-8"?><idempiere Name="LCO_FE_NCConcept" Version="1.0.0" idempiereVersion="DCI ERP" DataBaseVersion="2019-11-22" Description="" Author="SuperUser" AuthorEmail="superuser @ dcierp.com" CreatedDate="Mon Feb 03 18:32:11 CET 2020" UpdatedDate="Mon Feb 03 18:32:11 CET 2020" PackOutVersion="100" UpdateDictionary="true" Client="1000000-QSS-PRUEBAS DEV QSS" AD_Client_UU="a164a2e6-9416-40e7-9223-bbea2e0f1862">
    <LCO_FE_NCConcept type="table">
        <AD_Org_ID>0</AD_Org_ID>
        <IsActive>Y</IsActive>
        <Value>3</Value>
        <Name>Rebaja total aplicada</Name>
        <IsDefault>N</IsDefault>
        <LCO_FE_NCConcept_UU>bdf6617c-ef58-4a3f-bd75-74f35e35e51d</LCO_FE_NCConcept_UU>
    </LCO_FE_NCConcept>
    <LCO_FE_NCConcept type="table">
        <AD_Org_ID>0</AD_Org_ID>
        <IsActive>Y</IsActive>
        <Value>4</Value>
        <Name>Descuento total aplicado</Name>
        <IsDefault>N</IsDefault>
        <LCO_FE_NCConcept_UU>7208f9f7-12e2-42a6-892c-156ae412cfe2</LCO_FE_NCConcept_UU>
    </LCO_FE_NCConcept>
    <LCO_FE_NCConcept type="table">
        <AD_Org_ID>0</AD_Org_ID>
        <IsActive>Y</IsActive>
        <Value>6</Value>
        <Name>Otros</Name>
        <IsDefault>N</IsDefault>
        <LCO_FE_NCConcept_UU>c4f6e207-0f16-4f41-a5c2-31c9d3bdc21d</LCO_FE_NCConcept_UU>
    </LCO_FE_NCConcept>
    <LCO_FE_NCConcept type="table">
        <AD_Org_ID>0</AD_Org_ID>
        <IsActive>Y</IsActive>
        <Value>1</Value>
        <Name>Devolución de parte de los bienes; no aceptación de partes d</Name>
        <IsDefault>N</IsDefault>
        <LCO_FE_NCConcept_UU>6c3de18f-f47a-4284-b0b7-0d3493ed7742</LCO_FE_NCConcept_UU>
    </LCO_FE_NCConcept>
    <LCO_FE_NCConcept type="table">
        <AD_Org_ID>0</AD_Org_ID>
        <IsActive>Y</IsActive>
        <Value>2</Value>
        <Name>Anulación de factura electrónica</Name>
        <IsDefault>N</IsDefault>
        <LCO_FE_NCConcept_UU>947b5765-0e1c-40ff-85a3-55718f617ae6</LCO_FE_NCConcept_UU>
    </LCO_FE_NCConcept>
    <LCO_FE_NCConcept type="table">
        <AD_Org_ID>0</AD_Org_ID>
        <IsActive>Y</IsActive>
        <Value>5</Value>
        <Name>Rescisión: nulidad por falta de requisitos</Name>
        <IsDefault>N</IsDefault>
        <LCO_FE_NCConcept_UU>be05c1c7-c76f-4ef3-85f2-be1e7fb3026b</LCO_FE_NCConcept_UU>
    </LCO_FE_NCConcept>
</idempiere>
