<?xml version="1.0" encoding="UTF-8"?><idempiere Name="LCO_FE_NDConcept" Version="1.0.0" idempiereVersion="5.1.0.v20180705-1506" DataBaseVersion="2017-10-31" Description="" Author="Jesus Garcia" AuthorEmail="jesus.garcia@globalqss.com" CreatedDate="Thu Nov 29 09:37:28 COT 2018" UpdatedDate="Thu Nov 29 09:37:28 COT 2018" PackOutVersion="100" UpdateDictionary="true" Client="1000001-Brigard Castro S.A.S.-Brigard Castro S.A.S." AD_Client_UU="8cc308de-2c27-4ffa-bf0f-598925b4e219">
    <LCO_FE_NDConcept type="table">
        <AD_Org_ID>0</AD_Org_ID>
        <IsActive>Y</IsActive>
        <Value>1</Value>
        <Name>Intereses</Name>
        <IsDefault>N</IsDefault>
        <LCO_FE_NDConcept_UU>043a5a98-c443-4bcd-b08f-359d470cc8aa</LCO_FE_NDConcept_UU>
    </LCO_FE_NDConcept>
    <LCO_FE_NDConcept type="table">
        <AD_Org_ID>0</AD_Org_ID>
        <IsActive>Y</IsActive>
        <Value>2</Value>
        <Name>Gastos por cobrar</Name>
        <IsDefault>N</IsDefault>
        <LCO_FE_NDConcept_UU>f518112e-365d-4813-9d7f-e5c86c9463e3</LCO_FE_NDConcept_UU>
    </LCO_FE_NDConcept>
    <LCO_FE_NDConcept type="table">
        <AD_Org_ID>0</AD_Org_ID>
        <IsActive>Y</IsActive>
        <Value>3</Value>
        <Name>Cambio del valor</Name>
        <IsDefault>N</IsDefault>
        <LCO_FE_NDConcept_UU>ac784d5c-2535-4713-90d5-e3791f2d3d2a</LCO_FE_NDConcept_UU>
    </LCO_FE_NDConcept>
</idempiere>
