<?xml version="1.0" encoding="UTF-8"?><idempiere Name="LCO_FE_NDConcept" Version="1.0.0" idempiereVersion="DCI ERP" DataBaseVersion="2019-11-22" Description="" Author="SuperUser" AuthorEmail="superuser @ dcierp.com" CreatedDate="Mon Feb 03 18:32:19 CET 2020" UpdatedDate="Mon Feb 03 18:32:19 CET 2020" PackOutVersion="100" UpdateDictionary="true" Client="1000000-QSS-PRUEBAS DEV QSS" AD_Client_UU="a164a2e6-9416-40e7-9223-bbea2e0f1862">
    <LCO_FE_NDConcept type="table">
        <AD_Org_ID>0</AD_Org_ID>
        <IsActive>Y</IsActive>
        <Value>1</Value>
        <Name>Intereses</Name>
        <IsDefault>N</IsDefault>
        <LCO_FE_NDConcept_UU>043a5a98-c443-4bcd-b08f-359d470cc8aa</LCO_FE_NDConcept_UU>
    </LCO_FE_NDConcept>
    <LCO_FE_NDConcept type="table">
        <AD_Org_ID>0</AD_Org_ID>
        <IsActive>Y</IsActive>
        <Value>2</Value>
        <Name>Gastos por cobrar</Name>
        <IsDefault>N</IsDefault>
        <LCO_FE_NDConcept_UU>f518112e-365d-4813-9d7f-e5c86c9463e3</LCO_FE_NDConcept_UU>
    </LCO_FE_NDConcept>
    <LCO_FE_NDConcept type="table">
        <AD_Org_ID>0</AD_Org_ID>
        <IsActive>Y</IsActive>
        <Value>3</Value>
        <Name>Cambio del valor</Name>
        <IsDefault>N</IsDefault>
        <LCO_FE_NDConcept_UU>ac784d5c-2535-4713-90d5-e3791f2d3d2a</LCO_FE_NDConcept_UU>
    </LCO_FE_NDConcept>
    <LCO_FE_NDConcept type="table">
        <AD_Org_ID>0</AD_Org_ID>
        <IsActive>Y</IsActive>
        <Value>4</Value>
        <Name>Otro</Name>
        <IsDefault>N</IsDefault>
        <LCO_FE_NDConcept_UU>8d3f897c-ff54-44a1-a4bd-1bb7b1d89525</LCO_FE_NDConcept_UU>
    </LCO_FE_NDConcept>
</idempiere>
