<?xml version="1.0" encoding="UTF-8"?><idempiere Name="AD_SysConfig" Version="1.0.0" idempiereVersion="7.1.0.qualifier" DataBaseVersion="2019-11-22" Description="" Author="SuperUser" AuthorEmail="superuser @ idempiere.com" CreatedDate="Wed Jan 22 23:12:43 CET 2020" UpdatedDate="Wed Jan 22 23:12:43 CET 2020" PackOutVersion="100" UpdateDictionary="true" Client="11-GardenWorld-GardenWorld" AD_Client_UU="3268b9a8-10d8-466d-96e5-aa01166408fa">
    <AD_SysConfig type="table">
        <AD_Org_ID>0</AD_Org_ID>
        <IsActive>Y</IsActive>
        <Name>QSSLCO_FE_ClaveCertificadoDigital</Name>
        <Value>**password**</Value>
        <Description/>
        <EntityType>QSS_LCO</EntityType>
        <ConfigurationLevel>O</ConfigurationLevel>
        <AD_SysConfig_UU>fcc6c0f4-40f3-4e9a-874b-dadd9d890530</AD_SysConfig_UU>
    </AD_SysConfig>
    <AD_SysConfig type="table">
        <AD_Org_ID>0</AD_Org_ID>
        <IsActive>Y</IsActive>
        <Name>QSSLCO_FE_DebugEnvioRecepcion</Name>
        <Value>Y</Value>
        <Description/>
        <EntityType>QSS_LCO</EntityType>
        <ConfigurationLevel>C</ConfigurationLevel>
        <AD_SysConfig_UU>cae48376-787d-42c0-9fe2-58b305958bb8</AD_SysConfig_UU>
    </AD_SysConfig>
    <AD_SysConfig type="table">
        <AD_Org_ID>0</AD_Org_ID>
        <IsActive>Y</IsActive>
        <Name>QSSLCO_FE_EnPruebas</Name>
        <Value>Y</Value>
        <Description/>
        <EntityType>QSS_LCO</EntityType>
        <ConfigurationLevel>C</ConfigurationLevel>
        <AD_SysConfig_UU>c25cfbb7-784a-4f17-ae8d-bc6b49895f86</AD_SysConfig_UU>
    </AD_SysConfig>
    <AD_SysConfig type="table">
        <AD_Org_ID>0</AD_Org_ID>
        <IsActive>Y</IsActive>
        <Name>QSSLCO_FE_EnvioXmlAutorizadoBPEmail</Name>
        <Value>Y</Value>
        <Description/>
        <EntityType>QSS_LCO</EntityType>
        <ConfigurationLevel>C</ConfigurationLevel>
        <AD_SysConfig_UU>8f1861d1-fce6-4324-9df2-54ac0db19e84</AD_SysConfig_UU>
    </AD_SysConfig>
    <AD_SysConfig type="table">
        <AD_Org_ID>0</AD_Org_ID>
        <IsActive>Y</IsActive>
        <Name>QSSLCO_FE_RutaCertificadoDigital</Name>
        <Value>/tmp/certs/Certificado.pfx</Value>
        <Description/>
        <EntityType>QSS_LCO</EntityType>
        <ConfigurationLevel>O</ConfigurationLevel>
        <AD_SysConfig_UU>5917734d-94eb-4273-a19b-624b89a6783a</AD_SysConfig_UU>
    </AD_SysConfig>
    <AD_SysConfig type="table">
        <AD_Org_ID>0</AD_Org_ID>
        <IsActive>Y</IsActive>
        <Name>QSSLCO_FE_RutaGeneracionXml</Name>
        <Value>/tmp</Value>
        <Description/>
        <EntityType>QSS_LCO</EntityType>
        <ConfigurationLevel>C</ConfigurationLevel>
        <AD_SysConfig_UU>2eb5330f-700c-43b0-b0ba-c07d4b732070</AD_SysConfig_UU>
    </AD_SysConfig>
</idempiere>
