<?xml version="1.0" encoding="UTF-8"?><idempiere Name="C_BPartner" Version="1.0.0" idempiereVersion="5.1.0.qualifier" DataBaseVersion="2017-10-31" Description="" Author="SuperUser" AuthorEmail="superuser @ idempiere.com" CreatedDate="Tue Dec 04 15:14:35 COT 2018" UpdatedDate="Tue Dec 04 15:14:35 COT 2018" PackOutVersion="100" UpdateDictionary="true" Client="11-GardenWorld-GardenWorld" AD_Client_UU="3268b9a8-10d8-466d-96e5-aa01166408fa">
    <C_BPartner type="table">
        <AD_Org_ID>0</AD_Org_ID>
        <C_BPartner_ID>117</C_BPartner_ID>
        <IsActive>Y</IsActive>
        <Value>C&amp;W</Value>
        <Name>C&amp;W Construction</Name>
        <Description/>
        <SalesVolume>0</SalesVolume>
        <ReferenceNo>BP Ref No 123</ReferenceNo>
        <DUNS/>
        <NumberEmployees>0</NumberEmployees>
        <TaxID>890987654</TaxID>
        <NAICS/>
        <IsSummary>N</IsSummary>
        <AD_Language/>
        <IsVendor>N</IsVendor>
        <IsCustomer>Y</IsCustomer>
        <C_InvoiceSchedule_ID reference="id"/>
        <IsProspect>N</IsProspect>
        <FirstSale>2001-12-02 00:00:00.0</FirstSale>
        <SO_CreditLimit>20000000</SO_CreditLimit>
        <SO_CreditUsed>472260.66</SO_CreditUsed>
        <AcqusitionCost>0</AcqusitionCost>
        <PotentialLifeTimeValue>0</PotentialLifeTimeValue>
        <C_PaymentTerm_ID reference="id">106</C_PaymentTerm_ID>
        <ActualLifeTimeValue>519760.66</ActualLifeTimeValue>
        <ShareOfCustomer>0</ShareOfCustomer>
        <IsEmployee>N</IsEmployee>
        <IsSalesRep>N</IsSalesRep>
        <M_PriceList_ID reference="id">101</M_PriceList_ID>
        <PO_PriceList_ID reference="id"/>
        <IsOneTime>N</IsOneTime>
        <URL/>
        <IsTaxExempt>N</IsTaxExempt>
        <Rating/>
        <PaymentRule>P</PaymentRule>
        <C_Dunning_ID reference="id">100</C_Dunning_ID>
        <DocumentCopies/>
        <PaymentRulePO/>
        <POReference>Order Reference 1234</POReference>
        <Name2>Unlimited Projects Corp.</Name2>
        <C_Greeting_ID reference="id"/>
        <IsDiscountPrinted>Y</IsDiscountPrinted>
        <SO_Description>Order Description from Business Partner Definition</SO_Description>
        <InvoiceRule>I</InvoiceRule>
        <DeliveryRule>A</DeliveryRule>
        <SalesRep_ID reference="id">101</SalesRep_ID>
        <FreightCostRule/>
        <DeliveryViaRule/>
        <C_BP_Group_ID reference="id">103</C_BP_Group_ID>
        <PO_PaymentTerm_ID reference="id"/>
        <M_DiscountSchema_ID reference="id"/>
        <PO_DiscountSchema_ID reference="id"/>
        <SendEMail>N</SendEMail>
        <BPartner_Parent_ID reference="id"/>
        <Invoice_PrintFormat_ID reference="id"/>
        <SOCreditStatus>O</SOCreditStatus>
        <ShelfLifeMinPct/>
        <AD_OrgBP_ID/>
        <FlatDiscount/>
        <TotalOpenBalance>472260.660</TotalOpenBalance>
        <DunningGrace/>
        <C_TaxGroup_ID reference="id"/>
        <Logo_ID/>
        <IsPOTaxExempt>N</IsPOTaxExempt>
        <IsManufacturer>N</IsManufacturer>
        <C_BPartner_UU>037972d8-b74c-462d-b407-4a9b60e66ca8</C_BPartner_UU>
        <CustomerProfileID/>
        <Default1099Box_ID reference="id"/>
        <Is1099Vendor>N</Is1099Vendor>
        <LCO_ISIC_ID reference="id"/>
        <LCO_TaxPayerType_ID reference="id"/>
        <LCO_TaxIdType_ID reference="id"/>
        <TaxIdDigit>1</TaxIdDigit>
        <IsUseTaxIdDigit>Y</IsUseTaxIdDigit>
        <IsDetailedNames>N</IsDetailedNames>
        <FirstName1/>
        <FirstName2/>
        <LastName1/>
        <LastName2/>
        <LCO_FE_CCMatriculaMercantilNo>22222222</LCO_FE_CCMatriculaMercantilNo>
        <LCO_FE_CCLocation_ID reference="uuid" reference-key="C_Location">7f6c7b4e-85ae-4e8f-b146-66545fc170b1</LCO_FE_CCLocation_ID>
        <AD_User type="table">
            <AD_Org_ID>0</AD_Org_ID>
            <AD_User_ID>104</AD_User_ID>
            <Name>Carl Boss</Name>
            <Description/>
            <Password/>
            <IsActive>Y</IsActive>
            <EMail>dummy@mail.com</EMail>
            <Supervisor_ID reference="id"/>
            <C_BPartner_ID reference="id">117</C_BPartner_ID>
            <Processing/>
            <EMailUser/>
            <EMailUserPW/>
            <C_Greeting_ID reference="id">100</C_Greeting_ID>
            <Phone2/>
            <Birthday/>
            <C_BPartner_Location_ID reference="id"/>
            <Phone/>
            <Fax/>
            <LastResult>Factura: 200003</LastResult>
            <LastContact>2014-03-05 00:00:00.0</LastContact>
            <Title>Manager</Title>
            <Comments/>
            <AD_OrgTrx_ID reference="id"/>
            <EMailVerify/>
            <LDAPUser/>
            <EMailVerifyDate/>
            <NotificationType>E</NotificationType>
            <IsFullBPAccess>Y</IsFullBPAccess>
            <C_Job_ID reference="id">102</C_Job_ID>
            <Value>carlboss</Value>
            <UserPIN/>
            <IsInPayroll>N</IsInPayroll>
            <AD_User_UU>afcfce23-2862-411e-bceb-7b7ae2b5e07a</AD_User_UU>
            <Salt/>
            <IsSalesLead>N</IsSalesLead>
            <C_Location_ID reference="id"/>
            <LeadSource/>
            <LeadStatus/>
            <LeadSourceDescription/>
            <LeadStatusDescription/>
            <C_Campaign_ID reference="id"/>
            <SalesRep_ID reference="id"/>
            <BPName/>
            <BP_Location_ID reference="id"/>
            <IsMenuAutoExpand/>
            <IsLocked>N</IsLocked>
            <DateAccountLocked/>
            <FailedLoginCount>0</FailedLoginCount>
            <DatePasswordChanged/>
            <DateLastLogin/>
            <IsNoPasswordReset>N</IsNoPasswordReset>
            <IsExpired>N</IsExpired>
            <SecurityQuestion/>
            <Answer/>
            <IsAddMailTextAutomatically>N</IsAddMailTextAutomatically>
            <R_DefaultMailText_ID reference="id"/>
            <AD_Image_ID/>
            <LCO_FE_ContactType_ID reference="uuid" reference-key="LCO_FE_ContactType">69712186-cbe7-488c-a25d-81188697ea38</LCO_FE_ContactType_ID>
        </AD_User>
        <C_BPartner_Location type="table">
            <AD_Org_ID>0</AD_Org_ID>
            <IsActive>Y</IsActive>
            <C_BPartner_ID reference="id">117</C_BPartner_ID>
            <C_Location_ID reference="id">119</C_Location_ID>
            <Name>Stamford</Name>
            <Phone/>
            <Phone2/>
            <Fax/>
            <ISDN/>
            <C_SalesRegion_ID reference="id"/>
            <IsBillTo>Y</IsBillTo>
            <IsShipTo>Y</IsShipTo>
            <IsPayFrom>Y</IsPayFrom>
            <IsRemitTo>Y</IsRemitTo>
            <C_BPartner_Location_ID>112</C_BPartner_Location_ID>
            <C_BPartner_Location_UU>2d3b1d1c-6fb9-495b-813b-b0977ebbc624</C_BPartner_Location_UU>
            <CustomerAddressID/>
        </C_BPartner_Location>
        <LCO_FE_BP_Info type="table">
            <AD_Org_ID>0</AD_Org_ID>
            <IsActive>Y</IsActive>
            <C_BPartner_ID reference="id">117</C_BPartner_ID>
            <LCO_FE_TributaryType_ID reference="uuid" reference-key="LCO_FE_TributaryType">4a3f1d76-6444-48a1-b485-9cba5efe5127</LCO_FE_TributaryType_ID>
            <LCO_FE_BP_Info_UU>d6d4e626-7c0f-44a1-8495-350fee2a3155</LCO_FE_BP_Info_UU>
        </LCO_FE_BP_Info>
    </C_BPartner>
</idempiere>
