<?xml version="1.0" encoding="UTF-8"?><idempiere Name="LCO_FE_TributaryGroup" Version="1.0.0" idempiereVersion="DCI ERP" DataBaseVersion="2019-11-22" Description="" Author="SuperUser" AuthorEmail="superuser @ dcierp.com" CreatedDate="Mon Feb 03 18:19:07 CET 2020" UpdatedDate="Mon Feb 03 18:19:07 CET 2020" PackOutVersion="100" UpdateDictionary="true" Client="1000000-QSS-PRUEBAS DEV QSS" AD_Client_UU="a164a2e6-9416-40e7-9223-bbea2e0f1862">
    <LCO_FE_TributaryGroup type="table">
        <AD_Org_ID>0</AD_Org_ID>
        <IsActive>Y</IsActive>
        <Value>T14-Tipos Obligaciones-Responsabilidades</Value>
        <Name>Tabla 14 DIAN - RUT Renglon 53</Name>
        <LCO_FE_TributaryGroup_UU>313d8251-2638-4eae-b51a-07f3a7fd6885</LCO_FE_TributaryGroup_UU>
        <LCO_FE_TributaryType type="table">
            <AD_Org_ID>0</AD_Org_ID>
            <IsActive>Y</IsActive>
            <Value>O-99</Value>
            <Name>Otro tipo de obligado</Name>
            <LCO_FE_TributaryGroup_ID reference="uuid" reference-key="LCO_FE_TributaryGroup">313d8251-2638-4eae-b51a-07f3a7fd6885</LCO_FE_TributaryGroup_ID>
            <IsMain>N</IsMain>
            <LCO_FE_TributaryType_UU>f028ed63-2a8d-4e55-a8bf-a448ec6f58a6</LCO_FE_TributaryType_UU>
        </LCO_FE_TributaryType>
        <LCO_FE_TributaryType type="table">
            <AD_Org_ID>0</AD_Org_ID>
            <IsActive>Y</IsActive>
            <Value>O-39</Value>
            <Name>Proveedor de Servicios Tecnológicos PST Modelo 2242</Name>
            <LCO_FE_TributaryGroup_ID reference="uuid" reference-key="LCO_FE_TributaryGroup">313d8251-2638-4eae-b51a-07f3a7fd6885</LCO_FE_TributaryGroup_ID>
            <IsMain>N</IsMain>
            <LCO_FE_TributaryType_UU>52fae2c2-c293-45d8-8d79-23b054ebfb93</LCO_FE_TributaryType_UU>
        </LCO_FE_TributaryType>
        <LCO_FE_TributaryType type="table">
            <AD_Org_ID>0</AD_Org_ID>
            <IsActive>Y</IsActive>
            <Value>O-33</Value>
            <Name>Impuesto Nacional al consumo</Name>
            <LCO_FE_TributaryGroup_ID reference="uuid" reference-key="LCO_FE_TributaryGroup">313d8251-2638-4eae-b51a-07f3a7fd6885</LCO_FE_TributaryGroup_ID>
            <IsMain>N</IsMain>
            <LCO_FE_TributaryType_UU>d3d1471f-4d29-43ae-9bb9-1cb0b9d2981f</LCO_FE_TributaryType_UU>
        </LCO_FE_TributaryType>
        <LCO_FE_TributaryType type="table">
            <AD_Org_ID>0</AD_Org_ID>
            <IsActive>Y</IsActive>
            <Value>O-07</Value>
            <Name>Retención en la fuente a título de renta</Name>
            <LCO_FE_TributaryGroup_ID reference="uuid" reference-key="LCO_FE_TributaryGroup">313d8251-2638-4eae-b51a-07f3a7fd6885</LCO_FE_TributaryGroup_ID>
            <IsMain>N</IsMain>
            <LCO_FE_TributaryType_UU>4d28cd38-0185-4a02-98d7-f2cc4d0c7343</LCO_FE_TributaryType_UU>
        </LCO_FE_TributaryType>
        <LCO_FE_TributaryType type="table">
            <AD_Org_ID>0</AD_Org_ID>
            <IsActive>Y</IsActive>
            <Value>O-34</Value>
            <Name>Régimen simplificado impuesto nacional consumo rest y bares</Name>
            <LCO_FE_TributaryGroup_ID reference="uuid" reference-key="LCO_FE_TributaryGroup">313d8251-2638-4eae-b51a-07f3a7fd6885</LCO_FE_TributaryGroup_ID>
            <IsMain>N</IsMain>
            <LCO_FE_TributaryType_UU>5fe68a2e-3808-49bf-be0a-d6805ac8f542</LCO_FE_TributaryType_UU>
        </LCO_FE_TributaryType>
        <LCO_FE_TributaryType type="table">
            <AD_Org_ID>0</AD_Org_ID>
            <IsActive>Y</IsActive>
            <Value>O-37</Value>
            <Name>Obligado a Facturar Electrónicamente Modelo 2242</Name>
            <LCO_FE_TributaryGroup_ID reference="uuid" reference-key="LCO_FE_TributaryGroup">313d8251-2638-4eae-b51a-07f3a7fd6885</LCO_FE_TributaryGroup_ID>
            <IsMain>N</IsMain>
            <LCO_FE_TributaryType_UU>4339d724-d64f-48b6-a4a6-cf1c3cf26f85</LCO_FE_TributaryType_UU>
        </LCO_FE_TributaryType>
        <LCO_FE_TributaryType type="table">
            <AD_Org_ID>0</AD_Org_ID>
            <IsActive>Y</IsActive>
            <Value>O-06</Value>
            <Name>Ingresos y patrimonio</Name>
            <LCO_FE_TributaryGroup_ID reference="uuid" reference-key="LCO_FE_TributaryGroup">313d8251-2638-4eae-b51a-07f3a7fd6885</LCO_FE_TributaryGroup_ID>
            <IsMain>N</IsMain>
            <LCO_FE_TributaryType_UU>c2ebda94-6046-4dcc-b778-0034c98b2cbe</LCO_FE_TributaryType_UU>
        </LCO_FE_TributaryType>
        <LCO_FE_TributaryType type="table">
            <AD_Org_ID>0</AD_Org_ID>
            <IsActive>Y</IsActive>
            <Value>O-22</Value>
            <Name>Obligado a cumplir deberes formales a nombre de terceros</Name>
            <LCO_FE_TributaryGroup_ID reference="uuid" reference-key="LCO_FE_TributaryGroup">313d8251-2638-4eae-b51a-07f3a7fd6885</LCO_FE_TributaryGroup_ID>
            <IsMain>N</IsMain>
            <LCO_FE_TributaryType_UU>d5beadde-9653-4a3e-b6e0-5f74eca78618</LCO_FE_TributaryType_UU>
        </LCO_FE_TributaryType>
        <LCO_FE_TributaryType type="table">
            <AD_Org_ID>0</AD_Org_ID>
            <IsActive>Y</IsActive>
            <Value>O-32</Value>
            <Name>Impuesto Nacional a la Gasolina y al ACPM</Name>
            <LCO_FE_TributaryGroup_ID reference="uuid" reference-key="LCO_FE_TributaryGroup">313d8251-2638-4eae-b51a-07f3a7fd6885</LCO_FE_TributaryGroup_ID>
            <IsMain>N</IsMain>
            <LCO_FE_TributaryType_UU>785726f4-3f40-4cb8-88e9-84b0d9cf4ac6</LCO_FE_TributaryType_UU>
        </LCO_FE_TributaryType>
        <LCO_FE_TributaryType type="table">
            <AD_Org_ID>0</AD_Org_ID>
            <IsActive>Y</IsActive>
            <Value>O-23</Value>
            <Name>Agente de retención en el impuesto sobre las ventas</Name>
            <LCO_FE_TributaryGroup_ID reference="uuid" reference-key="LCO_FE_TributaryGroup">313d8251-2638-4eae-b51a-07f3a7fd6885</LCO_FE_TributaryGroup_ID>
            <IsMain>N</IsMain>
            <LCO_FE_TributaryType_UU>fcf4a2b1-1441-4b2d-84e7-4df214e156b7</LCO_FE_TributaryType_UU>
        </LCO_FE_TributaryType>
        <LCO_FE_TributaryType type="table">
            <AD_Org_ID>0</AD_Org_ID>
            <IsActive>Y</IsActive>
            <Value>O-38</Value>
            <Name>Facturación Electrónica Voluntaria Modelo 2242</Name>
            <LCO_FE_TributaryGroup_ID reference="uuid" reference-key="LCO_FE_TributaryGroup">313d8251-2638-4eae-b51a-07f3a7fd6885</LCO_FE_TributaryGroup_ID>
            <IsMain>N</IsMain>
            <LCO_FE_TributaryType_UU>2e232a81-6bf1-4075-8c36-21977e524dc2</LCO_FE_TributaryType_UU>
        </LCO_FE_TributaryType>
        <LCO_FE_TributaryType type="table">
            <AD_Org_ID>0</AD_Org_ID>
            <IsActive>Y</IsActive>
            <Value>O-13</Value>
            <Name>Gran contribuyente</Name>
            <LCO_FE_TributaryGroup_ID reference="uuid" reference-key="LCO_FE_TributaryGroup">313d8251-2638-4eae-b51a-07f3a7fd6885</LCO_FE_TributaryGroup_ID>
            <IsMain>N</IsMain>
            <LCO_FE_TributaryType_UU>2aa97b1c-2961-4ccc-9109-0d84778acb77</LCO_FE_TributaryType_UU>
        </LCO_FE_TributaryType>
        <LCO_FE_TributaryType type="table">
            <AD_Org_ID>0</AD_Org_ID>
            <IsActive>Y</IsActive>
            <Value>O-15</Value>
            <Name>Autorretenedor</Name>
            <LCO_FE_TributaryGroup_ID reference="uuid" reference-key="LCO_FE_TributaryGroup">313d8251-2638-4eae-b51a-07f3a7fd6885</LCO_FE_TributaryGroup_ID>
            <IsMain>N</IsMain>
            <LCO_FE_TributaryType_UU>0d7d6954-aec2-44d9-9f92-50e3acdd2b66</LCO_FE_TributaryType_UU>
        </LCO_FE_TributaryType>
        <LCO_FE_TributaryType type="table">
            <AD_Org_ID>0</AD_Org_ID>
            <IsActive>Y</IsActive>
            <Value>O-17</Value>
            <Name>Profesionales de compra y venta de divisas</Name>
            <LCO_FE_TributaryGroup_ID reference="uuid" reference-key="LCO_FE_TributaryGroup">313d8251-2638-4eae-b51a-07f3a7fd6885</LCO_FE_TributaryGroup_ID>
            <IsMain>N</IsMain>
            <LCO_FE_TributaryType_UU>b72f4ebf-7161-4882-8fb5-19c75fa33dcf</LCO_FE_TributaryType_UU>
        </LCO_FE_TributaryType>
        <LCO_FE_TributaryType type="table">
            <AD_Org_ID>0</AD_Org_ID>
            <IsActive>Y</IsActive>
            <Value>O-19</Value>
            <Name>Productor y/o exportador de bienes exentos</Name>
            <LCO_FE_TributaryGroup_ID reference="uuid" reference-key="LCO_FE_TributaryGroup">313d8251-2638-4eae-b51a-07f3a7fd6885</LCO_FE_TributaryGroup_ID>
            <IsMain>N</IsMain>
            <LCO_FE_TributaryType_UU>30f3f760-1f0b-4143-a32e-ea38ddd1b9ae</LCO_FE_TributaryType_UU>
        </LCO_FE_TributaryType>
        <LCO_FE_TributaryType type="table">
            <AD_Org_ID>0</AD_Org_ID>
            <IsActive>Y</IsActive>
            <Value>O-36</Value>
            <Name>Establecimiento Permanente</Name>
            <LCO_FE_TributaryGroup_ID reference="uuid" reference-key="LCO_FE_TributaryGroup">313d8251-2638-4eae-b51a-07f3a7fd6885</LCO_FE_TributaryGroup_ID>
            <IsMain>N</IsMain>
            <LCO_FE_TributaryType_UU>5338d41e-949f-4d9f-a022-ba7368d7eb8e</LCO_FE_TributaryType_UU>
        </LCO_FE_TributaryType>
        <LCO_FE_TributaryType type="table">
            <AD_Org_ID>0</AD_Org_ID>
            <IsActive>Y</IsActive>
            <Value>O-09</Value>
            <Name>Retención en la fuente en el impuesto sobre las ventas</Name>
            <LCO_FE_TributaryGroup_ID reference="uuid" reference-key="LCO_FE_TributaryGroup">313d8251-2638-4eae-b51a-07f3a7fd6885</LCO_FE_TributaryGroup_ID>
            <IsMain>N</IsMain>
            <LCO_FE_TributaryType_UU>995ddf67-9ff7-43a4-9015-e1ef41600f22</LCO_FE_TributaryType_UU>
        </LCO_FE_TributaryType>
        <LCO_FE_TributaryType type="table">
            <AD_Org_ID>0</AD_Org_ID>
            <IsActive>Y</IsActive>
            <Value>O-08</Value>
            <Name>Retención timbre nacional</Name>
            <LCO_FE_TributaryGroup_ID reference="uuid" reference-key="LCO_FE_TributaryGroup">313d8251-2638-4eae-b51a-07f3a7fd6885</LCO_FE_TributaryGroup_ID>
            <IsMain>N</IsMain>
            <LCO_FE_TributaryType_UU>a664e9b7-01f8-4c6a-8ec6-19736a42f0b6</LCO_FE_TributaryType_UU>
        </LCO_FE_TributaryType>
        <LCO_FE_TributaryType type="table">
            <AD_Org_ID>0</AD_Org_ID>
            <IsActive>Y</IsActive>
            <Value>O-14</Value>
            <Name>Informante de exógena</Name>
            <LCO_FE_TributaryGroup_ID reference="uuid" reference-key="LCO_FE_TributaryGroup">313d8251-2638-4eae-b51a-07f3a7fd6885</LCO_FE_TributaryGroup_ID>
            <IsMain>N</IsMain>
            <LCO_FE_TributaryType_UU>7140faea-b842-4412-ab34-a733af7d65d7</LCO_FE_TributaryType_UU>
        </LCO_FE_TributaryType>
        <LCO_FE_TributaryType type="table">
            <AD_Org_ID>0</AD_Org_ID>
            <IsActive>Y</IsActive>
            <Value>O-16</Value>
            <Name>Obligación de facturar por ingresos de bienes y/o servicios</Name>
            <LCO_FE_TributaryGroup_ID reference="uuid" reference-key="LCO_FE_TributaryGroup">313d8251-2638-4eae-b51a-07f3a7fd6885</LCO_FE_TributaryGroup_ID>
            <IsMain>N</IsMain>
            <LCO_FE_TributaryType_UU>793ed8b0-2c16-4303-aa81-b80effc8b009</LCO_FE_TributaryType_UU>
        </LCO_FE_TributaryType>
        <LCO_FE_TributaryType type="table">
            <AD_Org_ID>0</AD_Org_ID>
            <IsActive>N</IsActive>
            <Value>O-05</Value>
            <Name>Impuesto sobre la renta y complementario régimen ordinario</Name>
            <LCO_FE_TributaryGroup_ID reference="uuid" reference-key="LCO_FE_TributaryGroup">313d8251-2638-4eae-b51a-07f3a7fd6885</LCO_FE_TributaryGroup_ID>
            <IsMain>N</IsMain>
            <LCO_FE_TributaryType_UU>5761477d-5961-4b90-9592-a15a5a7eb7f0</LCO_FE_TributaryType_UU>
        </LCO_FE_TributaryType>
        <LCO_FE_TributaryType type="table">
            <AD_Org_ID>0</AD_Org_ID>
            <IsActive>N</IsActive>
            <Value>O-41</Value>
            <Name>Declaración anual de activos en el exterior</Name>
            <LCO_FE_TributaryGroup_ID reference="uuid" reference-key="LCO_FE_TributaryGroup">313d8251-2638-4eae-b51a-07f3a7fd6885</LCO_FE_TributaryGroup_ID>
            <IsMain>N</IsMain>
            <LCO_FE_TributaryType_UU>f1b65bf0-51f5-4d67-bfcd-d7e60f48b768</LCO_FE_TributaryType_UU>
        </LCO_FE_TributaryType>
        <LCO_FE_TributaryType type="table">
            <AD_Org_ID>0</AD_Org_ID>
            <IsActive>N</IsActive>
            <Value>O-04</Value>
            <Name>Impuesto sobre la renta y complementario régimen tributario</Name>
            <LCO_FE_TributaryGroup_ID reference="uuid" reference-key="LCO_FE_TributaryGroup">313d8251-2638-4eae-b51a-07f3a7fd6885</LCO_FE_TributaryGroup_ID>
            <IsMain>N</IsMain>
            <LCO_FE_TributaryType_UU>091a79e1-53d4-4a29-b3bc-a5bb780ac942</LCO_FE_TributaryType_UU>
        </LCO_FE_TributaryType>
        <LCO_FE_TributaryType type="table">
            <AD_Org_ID>0</AD_Org_ID>
            <IsActive>N</IsActive>
            <Value>O-24</Value>
            <Name>Declaración Informativa Consolidada Precios de transferencia</Name>
            <LCO_FE_TributaryGroup_ID reference="uuid" reference-key="LCO_FE_TributaryGroup">313d8251-2638-4eae-b51a-07f3a7fd6885</LCO_FE_TributaryGroup_ID>
            <IsMain>N</IsMain>
            <LCO_FE_TributaryType_UU>2c5f2609-1cbe-4c3b-926f-771578992528</LCO_FE_TributaryType_UU>
        </LCO_FE_TributaryType>
        <LCO_FE_TributaryType type="table">
            <AD_Org_ID>0</AD_Org_ID>
            <IsActive>N</IsActive>
            <Value>O-01</Value>
            <Name>Aporte especial para la administración de justicia</Name>
            <LCO_FE_TributaryGroup_ID reference="uuid" reference-key="LCO_FE_TributaryGroup">313d8251-2638-4eae-b51a-07f3a7fd6885</LCO_FE_TributaryGroup_ID>
            <IsMain>N</IsMain>
            <LCO_FE_TributaryType_UU>c69104b9-bc4c-4483-b746-a6f984af6d3d</LCO_FE_TributaryType_UU>
        </LCO_FE_TributaryType>
        <LCO_FE_TributaryType type="table">
            <AD_Org_ID>0</AD_Org_ID>
            <IsActive>N</IsActive>
            <Value>O-02</Value>
            <Name>Gravamen a los movimientos financieros</Name>
            <LCO_FE_TributaryGroup_ID reference="uuid" reference-key="LCO_FE_TributaryGroup">313d8251-2638-4eae-b51a-07f3a7fd6885</LCO_FE_TributaryGroup_ID>
            <IsMain>N</IsMain>
            <LCO_FE_TributaryType_UU>b4addc64-917b-49bb-9ea5-ffc4abba0a4c</LCO_FE_TributaryType_UU>
        </LCO_FE_TributaryType>
        <LCO_FE_TributaryType type="table">
            <AD_Org_ID>0</AD_Org_ID>
            <IsActive>N</IsActive>
            <Value>O-35</Value>
            <Name>Impuesto sobre la renta para la equidad CREE</Name>
            <LCO_FE_TributaryGroup_ID reference="uuid" reference-key="LCO_FE_TributaryGroup">313d8251-2638-4eae-b51a-07f3a7fd6885</LCO_FE_TributaryGroup_ID>
            <IsMain>N</IsMain>
            <LCO_FE_TributaryType_UU>42e4b345-ef52-4edc-a937-0c0d315f7793</LCO_FE_TributaryType_UU>
        </LCO_FE_TributaryType>
        <LCO_FE_TributaryType type="table">
            <AD_Org_ID>0</AD_Org_ID>
            <IsActive>N</IsActive>
            <Value>O-40</Value>
            <Name>Impuesto a la Riqueza</Name>
            <LCO_FE_TributaryGroup_ID reference="uuid" reference-key="LCO_FE_TributaryGroup">313d8251-2638-4eae-b51a-07f3a7fd6885</LCO_FE_TributaryGroup_ID>
            <IsMain>N</IsMain>
            <LCO_FE_TributaryType_UU>a2871f12-44cc-4752-afed-ceebaaf2f421</LCO_FE_TributaryType_UU>
        </LCO_FE_TributaryType>
        <LCO_FE_TributaryType type="table">
            <AD_Org_ID>0</AD_Org_ID>
            <IsActive>N</IsActive>
            <Value>O-26</Value>
            <Name>Declaración Informativa Individual Precios de transferencia</Name>
            <LCO_FE_TributaryGroup_ID reference="uuid" reference-key="LCO_FE_TributaryGroup">313d8251-2638-4eae-b51a-07f3a7fd6885</LCO_FE_TributaryGroup_ID>
            <IsMain>N</IsMain>
            <LCO_FE_TributaryType_UU>0c7cda51-ff5d-4598-a5f9-dc65c45ff6a6</LCO_FE_TributaryType_UU>
        </LCO_FE_TributaryType>
        <LCO_FE_TributaryType type="table">
            <AD_Org_ID>0</AD_Org_ID>
            <IsActive>N</IsActive>
            <Value>O-03</Value>
            <Name>Impuesto al patrimonio</Name>
            <LCO_FE_TributaryGroup_ID reference="uuid" reference-key="LCO_FE_TributaryGroup">313d8251-2638-4eae-b51a-07f3a7fd6885</LCO_FE_TributaryGroup_ID>
            <IsMain>N</IsMain>
            <LCO_FE_TributaryType_UU>eb1b1db5-b469-407d-8a4b-90a771f0b77e</LCO_FE_TributaryType_UU>
        </LCO_FE_TributaryType>
        <LCO_FE_TributaryType type="table">
            <AD_Org_ID>0</AD_Org_ID>
            <IsActive>N</IsActive>
            <Value>O-42</Value>
            <Name>Obligado a Llevar Contabilidad</Name>
            <LCO_FE_TributaryGroup_ID reference="uuid" reference-key="LCO_FE_TributaryGroup">313d8251-2638-4eae-b51a-07f3a7fd6885</LCO_FE_TributaryGroup_ID>
            <IsMain>N</IsMain>
            <LCO_FE_TributaryType_UU>63279b78-5836-43ec-aa6f-1887b3367e31</LCO_FE_TributaryType_UU>
        </LCO_FE_TributaryType>
        <LCO_FE_TributaryType type="table">
            <AD_Org_ID>0</AD_Org_ID>
            <IsActive>N</IsActive>
            <Value>O-20</Value>
            <Name>Obtención NIT</Name>
            <LCO_FE_TributaryGroup_ID reference="uuid" reference-key="LCO_FE_TributaryGroup">313d8251-2638-4eae-b51a-07f3a7fd6885</LCO_FE_TributaryGroup_ID>
            <IsMain>N</IsMain>
            <LCO_FE_TributaryType_UU>44ccb64a-e734-41ef-ad59-1e6803a86ed1</LCO_FE_TributaryType_UU>
        </LCO_FE_TributaryType>
        <LCO_FE_TributaryType type="table">
            <AD_Org_ID>0</AD_Org_ID>
            <IsActive>N</IsActive>
            <Value>O-21</Value>
            <Name>Declarar el ingreso o salida del país de divisas o moneda le</Name>
            <LCO_FE_TributaryGroup_ID reference="uuid" reference-key="LCO_FE_TributaryGroup">313d8251-2638-4eae-b51a-07f3a7fd6885</LCO_FE_TributaryGroup_ID>
            <IsMain>N</IsMain>
            <LCO_FE_TributaryType_UU>c8015d95-8a78-4e94-b28b-9fbdc9430027</LCO_FE_TributaryType_UU>
        </LCO_FE_TributaryType>
        <LCO_FE_TributaryType type="table">
            <AD_Org_ID>0</AD_Org_ID>
            <IsActive>N</IsActive>
            <Value>O-10</Value>
            <Name>Usuario aduanero</Name>
            <LCO_FE_TributaryGroup_ID reference="uuid" reference-key="LCO_FE_TributaryGroup">313d8251-2638-4eae-b51a-07f3a7fd6885</LCO_FE_TributaryGroup_ID>
            <IsMain>N</IsMain>
            <LCO_FE_TributaryType_UU>bab39716-24f3-4f2d-9f17-04977166346c</LCO_FE_TributaryType_UU>
        </LCO_FE_TributaryType>
        <LCO_FE_TributaryType type="table">
            <AD_Org_ID>0</AD_Org_ID>
            <IsActive>N</IsActive>
            <Value>O-18</Value>
            <Name>Precios de Transferencia</Name>
            <LCO_FE_TributaryGroup_ID reference="uuid" reference-key="LCO_FE_TributaryGroup">313d8251-2638-4eae-b51a-07f3a7fd6885</LCO_FE_TributaryGroup_ID>
            <IsMain>N</IsMain>
            <LCO_FE_TributaryType_UU>e3fab2ce-1de0-4a36-8514-79693e47473e</LCO_FE_TributaryType_UU>
        </LCO_FE_TributaryType>
        <LCO_FE_TributaryType type="table">
            <AD_Org_ID>0</AD_Org_ID>
            <IsActive>N</IsActive>
            <Value>O-11</Value>
            <Name>Ventas régimen común</Name>
            <LCO_FE_TributaryGroup_ID reference="uuid" reference-key="LCO_FE_TributaryGroup">313d8251-2638-4eae-b51a-07f3a7fd6885</LCO_FE_TributaryGroup_ID>
            <IsMain>N</IsMain>
            <LCO_FE_TributaryType_UU>4a3f1d76-6444-48a1-b485-9cba5efe5127</LCO_FE_TributaryType_UU>
        </LCO_FE_TributaryType>
        <LCO_FE_TributaryType type="table">
            <AD_Org_ID>0</AD_Org_ID>
            <IsActive>N</IsActive>
            <Value>O-12</Value>
            <Name>Ventas régimen simplificado</Name>
            <LCO_FE_TributaryGroup_ID reference="uuid" reference-key="LCO_FE_TributaryGroup">313d8251-2638-4eae-b51a-07f3a7fd6885</LCO_FE_TributaryGroup_ID>
            <IsMain>N</IsMain>
            <LCO_FE_TributaryType_UU>b65a5648-ebcc-4a99-8d21-863d75203c41</LCO_FE_TributaryType_UU>
        </LCO_FE_TributaryType>
        <LCO_FE_TributaryType type="table">
            <AD_Org_ID>0</AD_Org_ID>
            <IsActive>Y</IsActive>
            <Value>O-47</Value>
            <Name>Régimen Simple de Tributación – SIMPLE </Name>
            <LCO_FE_TributaryGroup_ID reference="uuid" reference-key="LCO_FE_TributaryGroup">313d8251-2638-4eae-b51a-07f3a7fd6885</LCO_FE_TributaryGroup_ID>
            <IsMain>N</IsMain>
            <LCO_FE_TributaryType_UU>0d914c8e-0a6b-4a0e-9197-cb8b052aa037</LCO_FE_TributaryType_UU>
        </LCO_FE_TributaryType>
        <LCO_FE_TributaryType type="table">
            <AD_Org_ID>0</AD_Org_ID>
            <IsActive>Y</IsActive>
            <Value>O-48</Value>
            <Name>Impuesto sobre las ventas – IVA </Name>
            <LCO_FE_TributaryGroup_ID reference="uuid" reference-key="LCO_FE_TributaryGroup">313d8251-2638-4eae-b51a-07f3a7fd6885</LCO_FE_TributaryGroup_ID>
            <IsMain>N</IsMain>
            <LCO_FE_TributaryType_UU>1cd07bae-dec5-4b5d-8f96-c0b83fb8eba4</LCO_FE_TributaryType_UU>
        </LCO_FE_TributaryType>
        <LCO_FE_TributaryType type="table">
            <AD_Org_ID>0</AD_Org_ID>
            <IsActive>Y</IsActive>
            <Value>O-49</Value>
            <Name>No responsable de IVA</Name>
            <LCO_FE_TributaryGroup_ID reference="uuid" reference-key="LCO_FE_TributaryGroup">313d8251-2638-4eae-b51a-07f3a7fd6885</LCO_FE_TributaryGroup_ID>
            <IsMain>N</IsMain>
            <LCO_FE_TributaryType_UU>361d9047-a695-4f76-a12c-ec53f39be14f</LCO_FE_TributaryType_UU>
        </LCO_FE_TributaryType>
        <LCO_FE_TributaryType type="table">
            <AD_Org_ID>0</AD_Org_ID>
            <IsActive>Y</IsActive>
            <Value>O-52</Value>
            <Name>Facturador electrónico</Name>
            <LCO_FE_TributaryGroup_ID reference="uuid" reference-key="LCO_FE_TributaryGroup">313d8251-2638-4eae-b51a-07f3a7fd6885</LCO_FE_TributaryGroup_ID>
            <IsMain>N</IsMain>
            <LCO_FE_TributaryType_UU>84500321-5054-488d-bb6a-c8c79c44edb9</LCO_FE_TributaryType_UU>
        </LCO_FE_TributaryType>
    </LCO_FE_TributaryGroup>
</idempiere>
