<?xml version="1.0" encoding="UTF-8"?><idempiere Name="C_DocType" Version="1.0.0" idempiereVersion="DCI ERP" DataBaseVersion="2019-11-22" Description="" Author="SuperUser" AuthorEmail="superuser @ dcierp.com" CreatedDate="Mon Feb 03 18:40:26 CET 2020" UpdatedDate="Mon Feb 03 18:40:26 CET 2020" PackOutVersion="100" UpdateDictionary="true" Client="1000000-QSS-PRUEBAS DEV QSS" AD_Client_UU="a164a2e6-9416-40e7-9223-bbea2e0f1862">
    <C_DocType type="table">
        <AD_Org_ID>0</AD_Org_ID>
        <IsActive>Y</IsActive>
        <Name>Debit Note</Name>
        <Description/>
        <IsDocNoControlled>Y</IsDocNoControlled>
        <DocNoSequence_ID reference="uuid" reference-key="AD_Sequence">cd63c4f1-9a63-4770-ad66-9756bba87612</DocNoSequence_ID>
        <GL_Category_ID reference="uuid" reference-key="GL_Category">a26f0922-bd30-40ca-babf-6498ceb41609</GL_Category_ID>
        <PrintName>DEBIT NOTE</PrintName>
        <DocBaseType>ARI</DocBaseType>
        <DocumentNote/>
        <DocSubTypeSO/>
        <HasCharges>N</HasCharges>
        <HasProforma>N</HasProforma>
        <C_DocTypeProforma_ID reference="id"/>
        <C_DocTypeShipment_ID reference="id"/>
        <C_DocTypeInvoice_ID reference="id"/>
        <IsDefault>N</IsDefault>
        <DocumentCopies>0</DocumentCopies>
        <IsSOTrx>Y</IsSOTrx>
        <AD_PrintFormat_ID reference="id"/>
        <IsDefaultCounterDoc>N</IsDefaultCounterDoc>
        <IsPickQAConfirm>N</IsPickQAConfirm>
        <IsShipConfirm>N</IsShipConfirm>
        <IsInTransit>N</IsInTransit>
        <C_DocTypeDifference_ID reference="id"/>
        <IsSplitWhenDifference>N</IsSplitWhenDifference>
        <IsCreateCounter>N</IsCreateCounter>
        <IsIndexed>Y</IsIndexed>
        <IsOverwriteSeqOnComplete>Y</IsOverwriteSeqOnComplete>
        <DefiniteSequence_ID reference="uuid" reference-key="AD_Sequence">ba2e3520-657a-4e72-8f6b-2281dbbb5941</DefiniteSequence_ID>
        <IsOverwriteDateOnComplete>N</IsOverwriteDateOnComplete>
        <IsPrepareSplitDocument>Y</IsPrepareSplitDocument>
        <C_DocType_UU>b2afd834-903a-4a31-961d-4ae45b66c989</C_DocType_UU>
        <IsChargeOrProductMandatory>Y</IsChargeOrProductMandatory>
        <DocSubTypeInv/>
        <GenerateWithholding>A</GenerateWithholding>
        <LCO_FE_DocType_ID reference="id"/>
        <LCO_FE_IsUseContingency>N</LCO_FE_IsUseContingency>
        <LCO_FE_IsGenerateInBatch>N</LCO_FE_IsGenerateInBatch>
        <LCO_FE_IsExport>N</LCO_FE_IsExport>
        <C_DocType_Trl type="translation">
            <DocumentNote/>
            <PrintName>DEBIT NOTE</PrintName>
            <Name>Debit Note</Name>
            <AD_Language>de_DE</AD_Language>
            <IsActive>Y</IsActive>
            <IsTranslated>N</IsTranslated>
        </C_DocType_Trl>
        <C_DocType_Trl type="translation">
            <DocumentNote/>
            <PrintName>NOTA DÉBITO</PrintName>
            <Name>Nota Débito</Name>
            <AD_Language>es_CO</AD_Language>
            <IsActive>Y</IsActive>
            <IsTranslated>N</IsTranslated>
        </C_DocType_Trl>
    </C_DocType>
    <C_DocType type="table">
        <AD_Org_ID>0</AD_Org_ID>
        <IsActive>Y</IsActive>
        <Name>AR Invoice BI</Name>
        <Description/>
        <IsDocNoControlled>Y</IsDocNoControlled>
        <DocNoSequence_ID reference="uuid" reference-key="AD_Sequence">cd63c4f1-9a63-4770-ad66-9756bba87612</DocNoSequence_ID>
        <GL_Category_ID reference="uuid" reference-key="GL_Category">a26f0922-bd30-40ca-babf-6498ceb41609</GL_Category_ID>
        <PrintName>SALES INVOICE</PrintName>
        <DocBaseType>ARI</DocBaseType>
        <DocumentNote/>
        <DocSubTypeSO/>
        <HasCharges>N</HasCharges>
        <HasProforma>N</HasProforma>
        <C_DocTypeProforma_ID reference="id"/>
        <C_DocTypeShipment_ID reference="id"/>
        <C_DocTypeInvoice_ID reference="id"/>
        <IsDefault>N</IsDefault>
        <DocumentCopies>0</DocumentCopies>
        <IsSOTrx>Y</IsSOTrx>
        <AD_PrintFormat_ID reference="id"/>
        <IsDefaultCounterDoc>N</IsDefaultCounterDoc>
        <IsPickQAConfirm>N</IsPickQAConfirm>
        <IsShipConfirm>N</IsShipConfirm>
        <IsInTransit>N</IsInTransit>
        <C_DocTypeDifference_ID reference="id"/>
        <IsSplitWhenDifference>N</IsSplitWhenDifference>
        <IsCreateCounter>N</IsCreateCounter>
        <IsIndexed>Y</IsIndexed>
        <IsOverwriteSeqOnComplete>Y</IsOverwriteSeqOnComplete>
        <DefiniteSequence_ID reference="uuid" reference-key="AD_Sequence">81d2d7e8-8962-4cc4-90b8-a997708c4e3f</DefiniteSequence_ID>
        <IsOverwriteDateOnComplete>N</IsOverwriteDateOnComplete>
        <IsPrepareSplitDocument>Y</IsPrepareSplitDocument>
        <C_DocType_UU>c549cad0-45b2-426f-b207-085ca5ada381</C_DocType_UU>
        <IsChargeOrProductMandatory>Y</IsChargeOrProductMandatory>
        <DocSubTypeInv/>
        <GenerateWithholding>A</GenerateWithholding>
        <LCO_FE_DocType_ID reference="uuid" reference-key="LCO_FE_DocType">d65e2d07-1c09-4619-8140-98be9a368ae5</LCO_FE_DocType_ID>
        <LCO_FE_IsUseContingency>N</LCO_FE_IsUseContingency>
        <LCO_FE_IsGenerateInBatch>N</LCO_FE_IsGenerateInBatch>
        <LCO_FE_IsExport>N</LCO_FE_IsExport>
        <C_DocType_Trl type="translation">
            <DocumentNote/>
            <PrintName>SALES INVOICE</PrintName>
            <Name>AR Invoice BI</Name>
            <AD_Language>de_DE</AD_Language>
            <IsActive>Y</IsActive>
            <IsTranslated>N</IsTranslated>
        </C_DocType_Trl>
        <C_DocType_Trl type="translation">
            <DocumentNote/>
            <PrintName>FACTURA DE VENTA FE</PrintName>
            <Name>FACTURA DE VENTA FE</Name>
            <AD_Language>es_CO</AD_Language>
            <IsActive>Y</IsActive>
            <IsTranslated>N</IsTranslated>
        </C_DocType_Trl>
    </C_DocType>
    <C_DocType type="table">
        <AD_Org_ID>0</AD_Org_ID>
        <IsActive>Y</IsActive>
        <Name>Debit Note BI</Name>
        <Description/>
        <IsDocNoControlled>Y</IsDocNoControlled>
        <DocNoSequence_ID reference="uuid" reference-key="AD_Sequence">cd63c4f1-9a63-4770-ad66-9756bba87612</DocNoSequence_ID>
        <GL_Category_ID reference="uuid" reference-key="GL_Category">a26f0922-bd30-40ca-babf-6498ceb41609</GL_Category_ID>
        <PrintName>DEBIT NOTE</PrintName>
        <DocBaseType>ARI</DocBaseType>
        <DocumentNote/>
        <DocSubTypeSO/>
        <HasCharges>N</HasCharges>
        <HasProforma>N</HasProforma>
        <C_DocTypeProforma_ID reference="id"/>
        <C_DocTypeShipment_ID reference="id"/>
        <C_DocTypeInvoice_ID reference="id"/>
        <IsDefault>N</IsDefault>
        <DocumentCopies>0</DocumentCopies>
        <IsSOTrx>Y</IsSOTrx>
        <AD_PrintFormat_ID reference="id"/>
        <IsDefaultCounterDoc>N</IsDefaultCounterDoc>
        <IsPickQAConfirm>N</IsPickQAConfirm>
        <IsShipConfirm>N</IsShipConfirm>
        <IsInTransit>N</IsInTransit>
        <C_DocTypeDifference_ID reference="id"/>
        <IsSplitWhenDifference>N</IsSplitWhenDifference>
        <IsCreateCounter>N</IsCreateCounter>
        <IsIndexed>Y</IsIndexed>
        <IsOverwriteSeqOnComplete>Y</IsOverwriteSeqOnComplete>
        <DefiniteSequence_ID reference="uuid" reference-key="AD_Sequence">ba2e3520-657a-4e72-8f6b-2281dbbb5941</DefiniteSequence_ID>
        <IsOverwriteDateOnComplete>N</IsOverwriteDateOnComplete>
        <IsPrepareSplitDocument>Y</IsPrepareSplitDocument>
        <C_DocType_UU>100c61d9-12dc-42d1-8142-d715e646253f</C_DocType_UU>
        <IsChargeOrProductMandatory>Y</IsChargeOrProductMandatory>
        <DocSubTypeInv/>
        <GenerateWithholding>A</GenerateWithholding>
        <LCO_FE_DocType_ID reference="uuid" reference-key="LCO_FE_DocType">f001d332-57d0-4e64-98e9-80d92d4c0393</LCO_FE_DocType_ID>
        <LCO_FE_IsUseContingency>N</LCO_FE_IsUseContingency>
        <LCO_FE_IsGenerateInBatch>N</LCO_FE_IsGenerateInBatch>
        <LCO_FE_IsExport>N</LCO_FE_IsExport>
        <C_DocType_Trl type="translation">
            <DocumentNote/>
            <PrintName>DEBIT NOTE</PrintName>
            <Name>Debit Note BI</Name>
            <AD_Language>de_DE</AD_Language>
            <IsActive>Y</IsActive>
            <IsTranslated>N</IsTranslated>
        </C_DocType_Trl>
        <C_DocType_Trl type="translation">
            <DocumentNote/>
            <PrintName>NOTA DEBITO FE</PrintName>
            <Name>NOTA DEBITO FE</Name>
            <AD_Language>es_CO</AD_Language>
            <IsActive>Y</IsActive>
            <IsTranslated>N</IsTranslated>
        </C_DocType_Trl>
    </C_DocType>
    <C_DocType type="table">
        <AD_Org_ID>0</AD_Org_ID>
        <IsActive>Y</IsActive>
        <Name>AR Export BI</Name>
        <Description/>
        <IsDocNoControlled>Y</IsDocNoControlled>
        <DocNoSequence_ID reference="uuid" reference-key="AD_Sequence">cd63c4f1-9a63-4770-ad66-9756bba87612</DocNoSequence_ID>
        <GL_Category_ID reference="uuid" reference-key="GL_Category">a26f0922-bd30-40ca-babf-6498ceb41609</GL_Category_ID>
        <PrintName>SALES INVOICE</PrintName>
        <DocBaseType>ARI</DocBaseType>
        <DocumentNote/>
        <DocSubTypeSO/>
        <HasCharges>N</HasCharges>
        <HasProforma>N</HasProforma>
        <C_DocTypeProforma_ID reference="id"/>
        <C_DocTypeShipment_ID reference="id"/>
        <C_DocTypeInvoice_ID reference="id"/>
        <IsDefault>N</IsDefault>
        <DocumentCopies>0</DocumentCopies>
        <IsSOTrx>Y</IsSOTrx>
        <AD_PrintFormat_ID reference="id"/>
        <IsDefaultCounterDoc>N</IsDefaultCounterDoc>
        <IsPickQAConfirm>N</IsPickQAConfirm>
        <IsShipConfirm>N</IsShipConfirm>
        <IsInTransit>N</IsInTransit>
        <C_DocTypeDifference_ID reference="id"/>
        <IsSplitWhenDifference>N</IsSplitWhenDifference>
        <IsCreateCounter>N</IsCreateCounter>
        <IsIndexed>Y</IsIndexed>
        <IsOverwriteSeqOnComplete>Y</IsOverwriteSeqOnComplete>
        <DefiniteSequence_ID reference="uuid" reference-key="AD_Sequence">81d2d7e8-8962-4cc4-90b8-a997708c4e3f</DefiniteSequence_ID>
        <IsOverwriteDateOnComplete>N</IsOverwriteDateOnComplete>
        <IsPrepareSplitDocument>Y</IsPrepareSplitDocument>
        <C_DocType_UU>876b65c9-dbd0-4fc3-8b15-43cd9cd7aef9</C_DocType_UU>
        <IsChargeOrProductMandatory>Y</IsChargeOrProductMandatory>
        <DocSubTypeInv/>
        <GenerateWithholding>A</GenerateWithholding>
        <LCO_FE_DocType_ID reference="uuid" reference-key="LCO_FE_DocType">17b5e1d3-26a9-4194-82be-646bb4543c7a</LCO_FE_DocType_ID>
        <LCO_FE_IsUseContingency>N</LCO_FE_IsUseContingency>
        <LCO_FE_IsGenerateInBatch>N</LCO_FE_IsGenerateInBatch>
        <LCO_FE_IsExport>Y</LCO_FE_IsExport>
        <C_DocType_Trl type="translation">
            <DocumentNote/>
            <PrintName>SALES INVOICE</PrintName>
            <Name>AR Export BI</Name>
            <AD_Language>de_DE</AD_Language>
            <IsActive>Y</IsActive>
            <IsTranslated>N</IsTranslated>
        </C_DocType_Trl>
        <C_DocType_Trl type="translation">
            <DocumentNote/>
            <PrintName>FACTURA EXPORTACIÓN FE</PrintName>
            <Name>FACTURA EXPORTACIÓN FE</Name>
            <AD_Language>es_CO</AD_Language>
            <IsActive>Y</IsActive>
            <IsTranslated>N</IsTranslated>
        </C_DocType_Trl>
    </C_DocType>
    <C_DocType type="table">
        <AD_Org_ID>0</AD_Org_ID>
        <IsActive>Y</IsActive>
        <Name>AR Credit Memo BI</Name>
        <Description/>
        <IsDocNoControlled>Y</IsDocNoControlled>
        <DocNoSequence_ID reference="uuid" reference-key="AD_Sequence">cd63c4f1-9a63-4770-ad66-9756bba87612</DocNoSequence_ID>
        <GL_Category_ID reference="uuid" reference-key="GL_Category">a26f0922-bd30-40ca-babf-6498ceb41609</GL_Category_ID>
        <PrintName>Nota de crédito</PrintName>
        <DocBaseType>ARC</DocBaseType>
        <DocumentNote/>
        <DocSubTypeSO/>
        <HasCharges>N</HasCharges>
        <HasProforma>N</HasProforma>
        <C_DocTypeProforma_ID reference="id"/>
        <C_DocTypeShipment_ID reference="id"/>
        <C_DocTypeInvoice_ID reference="id"/>
        <IsDefault>N</IsDefault>
        <DocumentCopies>0</DocumentCopies>
        <IsSOTrx>Y</IsSOTrx>
        <AD_PrintFormat_ID reference="id"/>
        <IsDefaultCounterDoc>N</IsDefaultCounterDoc>
        <IsPickQAConfirm>N</IsPickQAConfirm>
        <IsShipConfirm>N</IsShipConfirm>
        <IsInTransit>N</IsInTransit>
        <C_DocTypeDifference_ID reference="id"/>
        <IsSplitWhenDifference>N</IsSplitWhenDifference>
        <IsCreateCounter>N</IsCreateCounter>
        <IsIndexed>Y</IsIndexed>
        <IsOverwriteSeqOnComplete>Y</IsOverwriteSeqOnComplete>
        <DefiniteSequence_ID reference="uuid" reference-key="AD_Sequence">b79c25f3-c376-4227-9e01-a84ae0155055</DefiniteSequence_ID>
        <IsOverwriteDateOnComplete>N</IsOverwriteDateOnComplete>
        <IsPrepareSplitDocument>Y</IsPrepareSplitDocument>
        <C_DocType_UU>ab3e4cca-602c-4992-b722-e36ad1111f04</C_DocType_UU>
        <IsChargeOrProductMandatory>N</IsChargeOrProductMandatory>
        <DocSubTypeInv/>
        <GenerateWithholding>A</GenerateWithholding>
        <LCO_FE_DocType_ID reference="uuid" reference-key="LCO_FE_DocType">6d0f7a67-b7a3-453f-8923-5ec987a36c72</LCO_FE_DocType_ID>
        <LCO_FE_IsUseContingency>N</LCO_FE_IsUseContingency>
        <LCO_FE_IsGenerateInBatch>N</LCO_FE_IsGenerateInBatch>
        <LCO_FE_IsExport>N</LCO_FE_IsExport>
        <C_DocType_Trl type="translation">
            <DocumentNote/>
            <PrintName>Nota de crédito</PrintName>
            <Name>AR Credit Memo BI</Name>
            <AD_Language>de_DE</AD_Language>
            <IsActive>Y</IsActive>
            <IsTranslated>N</IsTranslated>
        </C_DocType_Trl>
        <C_DocType_Trl type="translation">
            <DocumentNote/>
            <PrintName>NOTA CRÉDITO FE</PrintName>
            <Name>NOTA CRÉDITO FE</Name>
            <AD_Language>es_CO</AD_Language>
            <IsActive>Y</IsActive>
            <IsTranslated>N</IsTranslated>
        </C_DocType_Trl>
    </C_DocType>
    <C_DocType type="table">
        <AD_Org_ID>0</AD_Org_ID>
        <IsActive>Y</IsActive>
        <Name>AR Contingency BI</Name>
        <Description/>
        <IsDocNoControlled>Y</IsDocNoControlled>
        <DocNoSequence_ID reference="uuid" reference-key="AD_Sequence">cd63c4f1-9a63-4770-ad66-9756bba87612</DocNoSequence_ID>
        <GL_Category_ID reference="uuid" reference-key="GL_Category">a26f0922-bd30-40ca-babf-6498ceb41609</GL_Category_ID>
        <PrintName>SALES INVOICE</PrintName>
        <DocBaseType>ARI</DocBaseType>
        <DocumentNote/>
        <DocSubTypeSO/>
        <HasCharges>N</HasCharges>
        <HasProforma>N</HasProforma>
        <C_DocTypeProforma_ID reference="id"/>
        <C_DocTypeShipment_ID reference="id"/>
        <C_DocTypeInvoice_ID reference="id"/>
        <IsDefault>N</IsDefault>
        <DocumentCopies>0</DocumentCopies>
        <IsSOTrx>Y</IsSOTrx>
        <AD_PrintFormat_ID reference="id"/>
        <IsDefaultCounterDoc>N</IsDefaultCounterDoc>
        <IsPickQAConfirm>N</IsPickQAConfirm>
        <IsShipConfirm>N</IsShipConfirm>
        <IsInTransit>N</IsInTransit>
        <C_DocTypeDifference_ID reference="id"/>
        <IsSplitWhenDifference>N</IsSplitWhenDifference>
        <IsCreateCounter>N</IsCreateCounter>
        <IsIndexed>Y</IsIndexed>
        <IsOverwriteSeqOnComplete>Y</IsOverwriteSeqOnComplete>
        <DefiniteSequence_ID reference="uuid" reference-key="AD_Sequence">81d2d7e8-8962-4cc4-90b8-a997708c4e3f</DefiniteSequence_ID>
        <IsOverwriteDateOnComplete>N</IsOverwriteDateOnComplete>
        <IsPrepareSplitDocument>Y</IsPrepareSplitDocument>
        <C_DocType_UU>e702e10e-96c6-457d-ba6b-c2a93acf3d48</C_DocType_UU>
        <IsChargeOrProductMandatory>Y</IsChargeOrProductMandatory>
        <DocSubTypeInv/>
        <GenerateWithholding>A</GenerateWithholding>
        <LCO_FE_DocType_ID reference="uuid" reference-key="LCO_FE_DocType">df9b289e-8d50-42de-8c8e-8a659f9f0b88</LCO_FE_DocType_ID>
        <LCO_FE_IsUseContingency>Y</LCO_FE_IsUseContingency>
        <LCO_FE_IsGenerateInBatch>N</LCO_FE_IsGenerateInBatch>
        <LCO_FE_IsExport>N</LCO_FE_IsExport>
        <C_DocType_Trl type="translation">
            <DocumentNote/>
            <PrintName>SALES INVOICE</PrintName>
            <Name>AR Contingency BI</Name>
            <AD_Language>de_DE</AD_Language>
            <IsActive>Y</IsActive>
            <IsTranslated>N</IsTranslated>
        </C_DocType_Trl>
        <C_DocType_Trl type="translation">
            <DocumentNote/>
            <PrintName>FACTURA CONTINGENCIA FE</PrintName>
            <Name>FACTURA CONTINGENCIA FE</Name>
            <AD_Language>es_CO</AD_Language>
            <IsActive>Y</IsActive>
            <IsTranslated>N</IsTranslated>
        </C_DocType_Trl>
    </C_DocType>
    <C_DocType type="table">
        <AD_Org_ID>0</AD_Org_ID>
        <IsActive>Y</IsActive>
        <Name>AR Invoice BI 2.1</Name>
        <Description/>
        <IsDocNoControlled>Y</IsDocNoControlled>
        <DocNoSequence_ID reference="uuid" reference-key="AD_Sequence">cd63c4f1-9a63-4770-ad66-9756bba87612</DocNoSequence_ID>
        <GL_Category_ID reference="uuid" reference-key="GL_Category">a26f0922-bd30-40ca-babf-6498ceb41609</GL_Category_ID>
        <PrintName>SALES INVOICE</PrintName>
        <DocBaseType>ARI</DocBaseType>
        <DocumentNote/>
        <DocSubTypeSO/>
        <HasCharges>N</HasCharges>
        <HasProforma>N</HasProforma>
        <C_DocTypeProforma_ID reference="id"/>
        <C_DocTypeShipment_ID reference="id"/>
        <C_DocTypeInvoice_ID reference="id"/>
        <IsDefault>N</IsDefault>
        <DocumentCopies>0</DocumentCopies>
        <IsSOTrx>Y</IsSOTrx>
        <AD_PrintFormat_ID reference="id"/>
        <IsDefaultCounterDoc>N</IsDefaultCounterDoc>
        <IsPickQAConfirm>N</IsPickQAConfirm>
        <IsShipConfirm>N</IsShipConfirm>
        <IsInTransit>N</IsInTransit>
        <C_DocTypeDifference_ID reference="id"/>
        <IsSplitWhenDifference>N</IsSplitWhenDifference>
        <IsCreateCounter>N</IsCreateCounter>
        <IsIndexed>Y</IsIndexed>
        <IsOverwriteSeqOnComplete>Y</IsOverwriteSeqOnComplete>
        <DefiniteSequence_ID reference="uuid" reference-key="AD_Sequence">81d2d7e8-8962-4cc4-90b8-a997708c4e3f</DefiniteSequence_ID>
        <IsOverwriteDateOnComplete>N</IsOverwriteDateOnComplete>
        <IsPrepareSplitDocument>Y</IsPrepareSplitDocument>
        <C_DocType_UU>7961efb0-c362-4669-9a01-f3a425d1e69c</C_DocType_UU>
        <IsChargeOrProductMandatory>Y</IsChargeOrProductMandatory>
        <DocSubTypeInv/>
        <GenerateWithholding>N</GenerateWithholding>
        <LCO_FE_DocType_ID reference="uuid" reference-key="LCO_FE_DocType">5fa706f5-dc44-480c-af77-a57eb56b9b0c</LCO_FE_DocType_ID>
        <LCO_FE_IsUseContingency>N</LCO_FE_IsUseContingency>
        <LCO_FE_IsGenerateInBatch>N</LCO_FE_IsGenerateInBatch>
        <LCO_FE_IsExport>N</LCO_FE_IsExport>
        <C_DocType_Trl type="translation">
            <DocumentNote/>
            <PrintName>SALES INVOICE</PrintName>
            <Name>AR Invoice BI 2.1</Name>
            <AD_Language>de_DE</AD_Language>
            <IsActive>Y</IsActive>
            <IsTranslated>N</IsTranslated>
        </C_DocType_Trl>
        <C_DocType_Trl type="translation">
            <DocumentNote/>
            <PrintName>FACTURA DE VENTA FE 2.1</PrintName>
            <Name>FACTURA DE VENTA FE 2.1</Name>
            <AD_Language>es_CO</AD_Language>
            <IsActive>Y</IsActive>
            <IsTranslated>N</IsTranslated>
        </C_DocType_Trl>
    </C_DocType>
</idempiere>
